	B6_rep1	B6_rep2	B6_rep3	D2_rep1	D2_rep2	D2_rep3
0610007P14Rik	1582	1486	1000	1072	1030	1278
0610009B22Rik	1551	1641	1237	1063	1207	1287
0610009L18Rik	110	100	80	78	139	131
0610009O20Rik	1838	1703	1335	1169	1330	1396
0610010F05Rik	2427	2188	1606	1608	1769	2062
0610010K14Rik	629	631	464	428	480	489
0610012D04Rik	6	2	2	2	2	1
0610012G03Rik	726	760	567	531	563	604
0610025J13Rik	0	1	0	0	1	0
0610030E20Rik	971	934	744	812	905	917
0610031O16Rik	0	0	1	0	0	1
0610037L13Rik	1480	1412	1085	1052	1212	1254
0610038B21Rik	318	297	237	203	259	264
0610039K10Rik	188	163	145	115	117	137
0610040B10Rik	293	270	164	169	233	191
0610040F04Rik	98	98	86	80	83	88
0610040J01Rik	25	27	25	15	13	15
1110002E22Rik	169	176	119	57	59	76
1110002L01Rik	5155	4814	3477	3544	3972	4322
1110003F10Rik	24	20	14	7	11	15
1110004E09Rik	1255	1290	1032	1080	1180	1300
1110004F10Rik	3972	3739	2706	2736	3062	3219
1110008F13Rik	1777	1678	1292	1187	1273	1465
1110008L16Rik	160	181	154	129	129	157
1110008P14Rik	1208	1157	888	799	889	889
1110012L19Rik	614	583	444	418	485	541
1110017D15Rik	8	13	11	11	11	9
1110025L11Rik	0	0	0	0	0	0
1110025M09Rik	125	124	87	116	103	113
1110028F11Rik	0	1	0	1	1	0
1110032A03Rik	805	738	569	412	429	492
1110032F04Rik	74	74	49	35	45	58
1110034G24Rik	513	500	355	372	392	467
1110035H17Rik	75	83	69	76	71	77
1110035H17Rik-201	75	83	69	76	71	77
1110037F02Rik	4596	4157	3234	2951	3270	3471
1110038F14Rik	973	970	717	721	764	828
1110046J04Rik	95	83	85	44	59	50
1110051M20Rik	5660	5419	4146	3959	4523	4890
1110057P08Rik	0	0	0	0	0	0
1110059E24Rik	948	925	747	677	740	812
1110059G10Rik	800	765	559	547	595	643
1110060G06Rik	0	0	0	0	1	0
1110065P20Rik	571	593	413	459	496	498
1190002N15Rik	2697	2328	1762	1633	1775	2013
1190003K10Rik	0	2	0	1	0	1
1190005I06Rik	1055	940	789	710	811	849
1190007I07Rik	231	245	160	94	110	98
1300017J02Rik	33	23	23	22	27	17
1500002C15Rik	3221	2977	2281	1920	2030	2275
1500005C15Rik	4	4	2	1	2	2
1500009C09Rik	1431	1360	898	934	943	1159
1500009L16Rik	181	182	139	136	129	175
1500011B03Rik	2441	2233	1608	1587	1582	1758
1500011K16Rik	1150	1155	780	798	827	947
1500015A07Rik	614	550	394	408	506	508
1500015O10Rik	35	34	44	25	18	30
1520401A03Rik	45	22	27	21	14	19
1600002H07Rik	537	489	383	410	470	504
1600002K03Rik	377	377	260	287	367	358
1600010M07Rik	5	2	0	2	0	0
1600012H06Rik	2332	2155	1584	1567	1684	1865
1600014C10Rik	640	617	452	452	547	601
1600014C23Rik	179	165	124	127	130	159
1600015I10Rik	0	0	0	0	0	0
1600017P15Rik	26	24	23	11	22	21
1600020E01Rik	1008	1027	686	748	758	852
1600023N17Rik	50	57	39	49	53	43
1700001C02Rik	1	3	0	0	0	0
1700001C19Rik	1	0	0	0	1	1
1700001D01Rik	3	4	8	1	4	5
1700001F09Rik	5	6	3	1	1	0
1700001G17Rik	33	41	21	21	27	26
1700001J03Rik	16	8	5	10	6	4
1700001J04Rik	0	1	0	0	1	0
1700001K19Rik	106	94	83	70	104	101
1700001L19Rik	49	35	21	39	47	44
1700001O22Rik	116	121	93	115	122	117
1700001P01Rik	15	14	14	10	11	8
1700003E16Rik	329	308	294	261	295	287
1700003F12Rik	6	11	8	6	6	10
1700003G13Rik	0	1	0	0	0	0
1700003H04Rik	0	0	0	0	0	0
1700006A11Rik	1	0	0	0	0	0
1700006E09Rik	2	5	5	1	3	3
1700006P03Rik	3	5	2	0	3	5
1700007B14Rik	12	6	2	2	1	0
1700007G11Rik	29	23	18	8	9	12
1700007K09Rik	0	1	1	1	2	0
1700007K13Rik	31	48	33	30	41	32
1700007P06Rik	0	1	0	1	0	0
1700008A23Rik	0	1	0	1	0	2
1700008B11Rik	10	20	13	14	15	20
1700008H02Rik	0	0	0	0	1	6
1700008J07Rik	412	409	333	259	293	307
1700008O03Rik	36	50	23	54	46	48
1700008P02Rik	0	0	0	0	0	0
1700009N14Rik	0	0	0	0	0	0
1700010B08Rik	0	0	0	0	0	0
1700010I14Rik	14	17	14	11	12	16
1700010K24Rik	32	23	22	26	21	28
1700011E24Rik	2	2	2	2	5	3
1700011H14Rik	60	42	30	6	17	11
1700011I03Rik	17	9	10	8	13	12
1700011L22Rik	0	0	2	0	0	0
1700011M02Rik	0	0	1	0	2	0
1700012A03Rik	0	0	0	0	0	0
1700012B07Rik	1	0	0	2	0	0
1700012B09Rik	1	0	0	0	1	1
1700012D16Rik	1	3	0	1	0	1
1700012J22Rik	1	0	0	1	0	2
1700012L04Rik	1	0	0	0	0	0
1700012P22Rik	0	0	0	0	0	0
1700013A02Rik	0	1	0	1	3	0
1700013D24Rik	0	1	0	0	0	0
1700013F07Rik	9	5	7	5	6	4
1700013G24Rik	0	0	0	0	0	0
1700013H16Rik	0	0	0	0	0	0
1700013M08Rik	1	3	5	0	1	0
1700014D04Rik	1	4	3	5	7	5
1700015C17Rik	0	0	1	0	0	0
1700015E13Rik	8	11	10	8	3	5
1700015F17Rik	6	9	2	4	2	4
1700015G11Rik	1	2	0	1	2	2
1700016A09Rik	22	28	23	22	25	22
1700016B15Rik	57	43	43	32	50	57
1700016C15Rik	1	4	3	1	1	2
1700016D06Rik	1	2	0	0	0	0
1700016D08Rik	49	30	33	30	33	38
1700016G14Rik	0	1	1	0	0	1
1700016H13Rik	0	0	0	0	0	0
1700016K19Rik	4	6	5	0	4	6
1700016L21Rik	15	10	7	7	13	10
1700017B05Rik	178	136	139	89	75	94
1700017D01Rik	0	0	0	0	0	0
1700017N19Rik	15	19	12	8	10	8
1700018A14Rik	26	23	26	28	23	26
1700018B08Rik	0	0	0	0	1	0
1700018C11Rik	2	2	1	0	1	0
1700018F24Rik	0	0	0	0	0	0
1700018L02Rik	128	162	113	138	140	129
1700018M17Rik-201	21	27	15	24	24	17
1700019A02Rik	30	29	26	12	27	39
1700019A23Rik	9	14	7	8	11	7
1700019B03Rik	6	5	6	4	7	6
1700019D03Rik	676	637	415	412	465	511
1700019G24Rik	1	4	0	1	3	5
1700019N19Rik	3	5	3	0	3	3
1700019O17Rik	3	0	0	1	0	1
1700020A23Rik	9	11	6	10	8	8
1700020D05Rik	180	168	137	110	156	128
1700020G17Rik	0	0	0	0	0	0
1700020L24Rik	34	33	25	43	50	53
1700020N01Rik	0	0	0	0	0	1
1700020N15Rik	0	0	0	0	0	0
1700021F05Rik	334	359	269	252	287	346
1700021F07Rik	0	0	0	1	0	0
1700021J08Rik	401	399	293	265	313	349
1700021N21Rik	2	4	3	13	15	11
1700022I11Rik	57	60	47	35	76	48
1700023F06Rik	22	32	16	17	24	28
1700024B05Rik	0	0	0	0	0	0
1700024G13Rik	3	3	0	2	3	5
1700024J04Rik-201	1	0	2	0	0	1
1700024P04Rik	0	1	0	0	0	0
1700024P16Rik	32	30	26	11	15	10
1700025A08Rik	0	0	0	1	0	0
1700025B11Rik	0	0	0	0	0	0
1700025C18Rik	1	1	1	0	0	1
1700025F22Rik	0	0	0	0	0	0
1700025G04Rik	2529	2343	1768	1643	1927	2041
1700025N21Rik	0	0	0	0	0	0
1700025N23Rik	0	0	1	3	1	1
1700026D11Rik	0	1	3	0	4	1
1700027A07Rik	12	14	5	22	10	20
1700027A15Rik	9	9	5	5	5	3
1700027H10Rik	103	109	62	58	81	57
1700027J19Rik	27	29	17	9	23	15
1700028J19Rik	3	11	5	10	9	5
1700028K03Rik	957	941	712	639	723	717
1700028P14Rik	12	10	6	12	15	16
1700029B22Rik	0	0	0	0	0	0
1700029B24Rik	634	556	422	400	441	472
1700029F12Rik	0	0	0	0	1	0
1700029H14Rik	13	11	6	2	10	7
1700029I15Rik	339	343	248	206	289	256
1700029J07Rik	1276	1260	982	909	1033	1112
1700029P11Rik	5	6	1	2	4	0
1700030A11Rik	1	0	0	0	1	5
1700030C10Rik	0	0	3	2	1	2
1700030C14Rik	0	1	0	0	0	0
1700030I03Rik	5	5	0	4	3	0
1700030J22Rik	420	453	404	323	345	334
1700030K09Rik	854	810	635	505	609	635
1700030M09Rik	0	0	2	1	3	3
1700030N18Rik	0	1	3	1	1	0
1700031A10Rik	0	0	0	0	0	1
1700031F05Rik	0	0	0	1	0	0
1700031F10Rik	0	1	0	0	1	0
1700031M16Rik	0	0	0	2	3	2
1700034E13Rik	0	0	0	0	0	0
1700034H15Rik	107	123	100	113	128	113
1700034I23Rik	69	54	44	49	81	59
1700034J04Rik	0	0	0	0	0	0
1700034J05Rik	5	9	10	3	6	5
1700034O15Rik	0	0	0	0	0	0
1700034P13Rik	386	377	308	243	296	297
1700036G14Rik	0	0	0	0	0	0
1700037C18Rik	731	767	603	476	599	609
1700037H04Rik	284	296	211	192	229	264
1700039E22Rik	0	0	0	0	0	0
1700039I01Rik	0	0	0	0	0	0
1700040F15Rik	0	0	0	0	0	0
1700040F17Rik	0	0	0	0	0	0
1700040K01Rik	0	0	0	0	1	0
1700040L02Rik	11	12	10	10	2	15
1700040L08Rik	227	231	209	126	185	209
1700042G07Rik	1	0	3	1	0	1
1700042O10Rik	0	0	0	0	1	1
1700045H11Rik	0	1	0	0	0	0
1700045I11Rik	0	1	1	0	0	0
1700047A11Rik	324	405	273	245	327	313
1700047I17Rik2	1235	1200	724	464	507	535
1700047L14Rik	0	0	0	0	0	0
1700047N06Rik	17	15	9	10	14	11
1700048M11Rik	42	21	17	20	27	20
1700048O20Rik	486	612	442	636	708	796
1700049E17Rik1	1	0	0	0	0	0
1700049E17Rik2	0	0	0	1	0	0
1700049J03Rik	5	3	4	2	1	3
1700051K13Rik	0	6	3	2	6	2
1700051O22Rik	36	34	26	16	14	18
1700052K11Rik	449	426	325	387	474	511
1700054K02Rik	0	0	0	0	0	0
1700054M17Rik	1	4	3	1	4	3
1700054O19Rik	0	0	2	0	2	2
1700055D18Rik	175	155	103	128	169	158
1700056E22Rik	16	16	12	8	11	5
1700057G04Rik	0	0	0	0	0	0
1700058P15Rik	36	31	23	17	15	14
1700060C20Rik	0	0	0	0	1	0
1700060J05Rik	588	523	387	402	482	466
1700060O08Rik	5	6	3	0	1	2
1700061E17Rik	18	25	9	21	24	21
1700061E18Rik	0	0	0	0	0	0
1700061G19Rik	18	24	19	11	14	13
1700061H18Rik	4	5	4	2	4	1
1700063I16Rik	0	0	0	0	0	0
1700064H15Rik	39	31	21	45	28	50
1700065D16Rik	23	35	22	25	26	21
1700065I16Rik	0	0	0	0	0	0
1700066B19Rik	20	15	10	10	7	15
1700066M21Rik	973	863	615	664	764	807
1700066N21Rik	0	1	0	0	0	0
1700067K01Rik	55	49	41	26	36	47
1700067P10Rik	1	3	3	1	2	4
1700069B07Rik	3	6	0	4	5	2
1700069L16Rik	0	1	0	1	0	0
1700071G01Rik	5	7	4	5	8	3
1700071M16Rik	1196	1190	845	1061	1289	1294
1700074A21Rik	0	0	0	0	1	0
1700074P13Rik	0	0	0	0	0	0
1700080E11Rik	0	0	1	0	0	0
1700080N15Rik	18	27	25	12	25	19
1700080O16Rik	0	0	0	0	0	0
1700082M22Rik	40	36	33	31	35	46
1700084C06Rik	108	112	88	95	88	111
1700084E18Rik	103	74	82	59	60	72
1700084E18Rik-201	58	35	44	31	33	33
1700084M14Rik	0	0	0	0	0	0
1700085C21Rik	11	6	7	3	5	7
1700086D15Rik	18	26	19	9	24	15
1700086L19Rik	61	47	28	13	23	37
1700087M22Rik	58	44	53	51	46	54
1700088E04Rik	549	501	428	461	514	539
1700092C10Rik	0	0	0	0	0	0
1700092M07Rik	30	22	17	26	30	33
1700093J21Rik	1	3	4	3	4	4
1700093K21Rik	10	11	2	3	2	2
1700094J05Rik	166	144	148	90	108	127
1700095A21Rik	4	0	0	7	11	9
1700095B10Rik	1	1	3	1	7	2
1700095J03Rik	9	5	6	7	5	2
1700095J12Rik	17	14	11	17	21	10
1700097M23Rik	1	0	1	0	0	0
1700097N02Rik	0	0	0	0	0	0
1700099I09Rik	28	23	33	15	29	20
1700100L14Rik	2	4	4	4	3	3
1700101I19Rik	0	0	1	1	1	0
1700102F20Rik	1	1	1	0	0	1
1700102P08Rik	92	111	69	52	57	74
1700105P06Rik	88	62	57	61	72	63
1700108J01Rik	2	0	2	1	2	1
1700108N11Rik	0	0	0	0	0	0
1700109G14Rik	11	10	6	7	6	7
1700109H08Rik	251	235	191	178	225	195
1700111E14Rik	17	14	16	9	13	13
1700111N16Rik	0	0	0	1	0	0
1700112D23Rik	13	14	12	9	10	7
1700112E06Rik	22	22	15	11	12	13
1700113A16Rik	997	940	723	604	714	743
1700113B19Rik	0	0	0	0	0	0
1700113H08Rik	10	4	3	2	0	3
1700119H24Rik	103	112	86	67	66	58
1700119I11Rik	0	0	0	1	0	0
1700120B22Rik	175	163	135	109	143	155
1700120E14Rik	3	2	1	2	1	3
1700120K04Rik	18	28	22	19	18	21
1700121C08Rik	2	4	3	0	0	2
1700122D07Rik	0	0	0	1	0	0
1700122O11Rik	0	0	0	2	0	0
1700123K08Rik	1	2	2	3	3	7
1700123L14Rik	3	7	4	2	1	4
1700123O20Rik	1252	1186	898	736	809	804
1700123O21Rik	4	3	4	4	8	5
1700124L16Rik	47	43	37	33	43	57
1700125G02Rik	6	12	1	7	11	9
1700125H03Rik	3	3	3	1	11	7
1700125H20Rik	7	4	2	3	2	2
1700126G02Rik	807	780	533	510	544	576
1700126H18Rik	0	0	0	0	0	0
1700128F08Rik	0	0	0	0	0	0
1700129C05Rik	0	0	0	0	0	0
1700129L04Rik	3	2	0	0	4	0
1810008B01Rik	111	94	92	69	85	77
1810009A15Rik	13354	11889	9226	9156	9835	10974
1810009J06Rik	0	0	0	0	0	0
1810010H24Rik	333	276	211	188	206	227
1810011H11Rik	2	3	7	2	4	0
1810011O10Rik	46	66	40	40	23	26
1810013D15Rik	7	6	11	9	16	13
1810013L24Rik	2611	2665	1842	1718	1833	1992
1810017P11Rik	0	0	0	0	0	0
1810018F18Rik	0	0	0	0	0	0
1810022K09Rik	1392	1281	950	666	713	783
1810024B03Rik	38	25	17	27	27	35
1810026J23Rik	2898	2720	1993	1833	2095	2395
1810030O07Rik	1012	973	724	695	729	772
1810032O08Rik	431	450	338	316	390	382
1810034E14Rik	18	18	16	17	23	12
1810037I17Rik	1646	1725	1116	1050	1088	1290
1810041H14Rik	17	18	14	15	18	8
1810041L15Rik	3412	3183	2433	2260	2463	2614
1810043G02Rik	1079	1011	744	821	926	934
1810043H04Rik	442	417	331	334	344	369
1810046K07Rik	0	1	2	1	0	1
1810049J17Rik	127	119	112	100	84	108
1810055G02Rik	280	237	194	182	166	226
1810062G17Rik	5	4	2	1	6	3
1810062O18Rik	210	256	190	152	180	197
1810064F22Rik	2	9	1	4	2	5
1810065E05Rik	0	0	0	0	0	0
2010001K21Rik-201	11	14	19	7	5	13
2010003K11Rik	0	0	0	0	0	0
2010005H15Rik	0	0	0	0	0	0
2010007H06Rik	34	34	29	16	34	34
2010008C14Rik	3	0	1	1	3	0
2010009K17Rik	33	45	23	17	25	24
2010103J01Rik	11	25	11	11	9	6
2010106C02Rik	10	4	6	3	6	5
2010106E10Rik	4	3	0	1	0	0
2010107E04Rik	4042	4084	2953	2469	2715	2973
2010107G23Rik	828	838	632	576	646	669
2010109A12Rik	24	19	12	13	14	22
2010109I03Rik	0	1	2	0	1	1
2010109P13Rik	4	3	0	1	2	0
2010111I01Rik	1464	1569	1227	1115	1257	1308
2010300C02Rik	70	89	67	35	27	27
2010309G21Rik	2	0	0	0	0	1
2010310C07Rik	3	3	3	2	3	3
2010315B03Rik	1250	1109	865	389	515	444
2200002A13Rik	0	0	0	1	1	1
2200002D01Rik	378	373	250	251	289	334
2200002J24Rik	0	0	0	0	0	0
2200007N16Rik	0	0	0	0	0	0
2210010C04Rik	0	0	0	0	0	0
2210011C24Rik	5	4	3	5	5	6
2210013O21Rik	696	647	433	387	465	497
2210016F16Rik	725	662	463	472	452	523
2210016L21Rik	1310	1287	903	953	1062	1134
2210017I01Rik	0	0	0	0	0	0
2210019I11Rik	0	0	0	0	0	0
2210406H18Rik	36	42	28	27	39	31
2210407C18Rik	0	0	0	0	0	1
2210408I21Rik	1156	1111	846	590	646	679
2210411M09Rik	9	8	8	6	13	10
2210412B16Rik	14	18	14	6	18	9
2210418O10Rik	1704	1684	1354	1053	1519	1372
2300002M23Rik	0	0	0	0	0	0
2300003K06Rik	0	0	0	0	0	0
2300009A05Rik	483	449	315	348	382	406
2310001K20Rik	0	0	0	0	0	0
2310001K24Rik	50	60	37	38	36	35
2310002L09Rik	0	0	1	0	0	2
2310003L06Rik	0	0	0	0	0	1
2310007B03Rik	13	28	24	3	16	22
2310009B15Rik	205	234	163	146	159	171
2310010J17Rik	223	184	156	155	159	160
2310011J03Rik	755	803	624	515	571	664
2310014F06Rik	17	24	17	23	14	12
2310016G11Rik	20	12	13	10	11	18
2310022A10Rik	361	387	276	256	284	310
2310022B05Rik	572	563	418	413	462	488
2310030A07Rik	938	784	620	890	1059	1216
2310030G06Rik	32	27	13	40	35	51
2310033P09Rik	470	500	385	348	384	419
2310034C09Rik	0	0	0	0	0	0
2310034G01Rik-002	55	32	36	27	33	39
2310035C23Rik	4619	4441	3209	3131	3536	3692
2310036O22Rik	2007	1989	1450	1391	1524	1607
2310039H08Rik	249	228	176	170	179	186
2310040G07Rik	9	15	11	13	19	17
2310043P16Rik	188	213	179	107	135	146
2310044K18Rik	0	1	0	1	0	2
2310046K23Rik	0	0	0	0	0	0
2310050C09Rik	0	0	0	0	0	0
2310057J18Rik	0	0	0	0	0	0
2310057M21Rik	1034	1063	759	617	788	808
2310057N15Rik	0	0	0	0	0	0
2310061I04Rik	478	472	314	363	383	371
2310061N02Rik	0	0	0	0	0	1
2310068J16Rik	73	87	70	51	58	65
2310079G19Rik	0	0	0	0	0	0
2410002F23Rik	2186	2170	1468	1378	1529	1617
2410004B18Rik	1053	993	774	708	694	821
2410004P03Rik	3	4	3	4	0	2
2410015M20Rik	1162	1196	905	821	873	980
2410016O06Rik	347	280	242	208	251	237
2410021H03Rik	76	87	60	53	88	74
2410022M11Rik	356	370	267	272	371	345
2410024N13Rik-201	0	0	0	0	0	0
2410089E03Rik	2667	2550	2004	1786	2261	2151
2410124H12Rik	118	115	80	112	106	135
2410131K14Rik	2714	2710	2170	1911	2103	2263
2410137M14Rik	3	3	2	0	1	6
2410141K09Rik	0	0	0	0	3	0
2510002D24Rik	785	739	576	629	708	719
2510009E07Rik	5317	5437	3727	3461	4116	4426
2510016D11Rik	23	21	10	12	13	12
2510017J16Rik	108	99	93	65	108	80
2510039O18Rik	905	971	727	661	654	738
2510046G10Rik	189	165	122	105	115	129
2600006K01Rik	17	13	16	12	12	18
2600014E21Rik	47	46	39	81	92	92
2610001A08Rik	70	69	72	44	69	59
2610001J05Rik	1151	1191	777	745	781	880
2610002M06Rik	2029	1771	1337	1191	1332	1524
2610005L07Rik	5419	5453	3968	7423	8418	9720
2610008E11Rik	3065	3145	2312	2378	2702	2811
2610011E03Rik	33	65	53	33	35	34
2610012C04Rik	6	7	15	4	8	6
2610020H08Rik	163	184	128	98	130	108
2610021A01Rik	2250	2237	1649	976	1120	1212
2610028H24Rik	58	45	25	34	36	31
2610034O05Rik	0	1	0	2	1	0
2610042L04Rik	15	5	6	9	15	21
2610044O15Rik8	2115	2037	1568	1896	2081	2405
2610105M22Rik	0	0	0	0	1	0
2610204G07Rik	18	5	4	7	7	11
2610206C17Rik	25	27	23	31	24	31
2610300A13Rik	0	0	0	0	1	0
2610301B20Rik	1352	1254	935	1053	1207	1355
2610306M01Rik	395	398	304	328	394	412
2610306O10Rik	4	1	1	1	1	2
2610318N02Rik	7	10	3	0	6	10
2610507B11Rik	8912	8133	6265	5808	6572	6796
2610509F24Rik	0	0	0	0	0	0
2610524H06Rik	543	509	404	362	441	461
2610528A11Rik	74	51	46	27	41	37
2610528J11Rik	1	0	0	0	1	2
2700029L08Rik	28	29	22	28	42	27
2700049A03Rik	2071	1802	1353	1373	1622	1632
2700060E02Rik	2788	2778	1959	1645	1810	2073
2700062C07Rik	558	516	378	432	445	516
2700068H02Rik	0	2	2	4	1	3
2700069I18Rik	30	23	21	15	21	18
2700078F05Rik	92	132	73	62	96	70
2700080J24Rik	7	2	2	5	5	5
2700081O15Rik	1073	1156	757	713	765	824
2700094K13Rik	926	810	616	548	620	707
2700097O09Rik	398	375	296	215	259	245
2700099C18Rik	48	63	33	37	49	43
2810001G20Rik	754	721	500	498	537	588
2810004N23Rik	756	709	570	544	559	607
2810006K23Rik	581	575	424	364	440	475
2810013P06Rik	2639	2459	1819	1664	1825	2065
2810021J22Rik	1074	1002	805	723	832	884
2810025M15Rik	151	146	114	77	90	81
2810030D12Rik	538	509	364	352	393	449
2810039B14Rik-006	101	94	69	59	56	79
2810047C21Rik1	57	64	42	100	129	147
2810402E24Rik	331	272	205	218	261	277
2810403A07Rik	3059	3078	2311	2161	2430	2544
2810405F15Rik	51	50	70	70	78	75
2810408A11Rik	38	41	28	35	31	24
2810417H13Rik	89	96	62	50	67	62
2810428I15Rik	926	800	599	602	669	772
2810428J06Rik	140	133	110	81	116	99
2810432F15Rik	4	16	10	10	14	15
2810442N19Rik	73	84	85	19	22	30
2810454H06Rik	330	314	227	258	312	338
2810459M11Rik	18	23	6	11	13	20
2810474O19Rik	1357	1262	939	929	1096	1149
2900002M20Rik	42	40	33	32	49	35
2900009J06Rik	5	8	4	4	5	4
2900011O08Rik	2618	2476	1775	2014	2170	2447
2900018N21Rik	60	48	36	44	44	40
2900022M07Rik	29	38	55	23	38	33
2900026A02Rik	772	732	602	503	537	546
2900027M19Rik	102	150	104	63	120	97
2900035J10Rik	0	5	2	2	3	3
2900037B21Rik	3	0	0	0	0	0
2900042K21Rik	0	1	1	0	0	0
2900055J20Rik	181	179	95	94	128	114
2900060B14Rik	29	45	34	34	39	44
2900064F13Rik	23	28	20	19	20	15
2900064K03Rik	127	227	138	69	147	86
2900069G24Rik	1	1	1	0	1	0
2900076G11Rik	13	21	8	10	24	26
2900089D17Rik	12	21	12	13	14	10
2900092C05Rik	0	0	1	1	2	0
2900092N22Rik	5	3	3	3	1	3
2900092O11Rik	0	0	0	0	0	0
2900093K20Rik	193	170	133	131	130	159
2900097C17Rik	6490	5823	4226	4603	5037	5506
3010003L21Rik	22	15	13	13	9	7
3010026O09Rik	374	333	273	273	309	319
3100002H09Rik	0	0	0	0	0	0
3110001I22Rik	734	693	509	501	513	559
3110002H16Rik	1350	1192	970	909	987	1166
3110009E18Rik	95	86	53	80	62	81
3110018I06Rik	4	10	6	8	4	4
3110021N24Rik	920	863	617	321	357	382
3110031N09Rik	9	10	3	9	6	4
3110035E14Rik	60	63	45	106	116	129
3110040N11Rik	352	363	269	273	269	300
3110043O21Rik	1599	1355	1027	1025	1134	1289
3110045C21Rik	25	28	24	17	13	14
3110053B16Rik	47	47	32	11	17	20
3110056K07Rik	769	740	609	456	549	549
3110062G12Rik	27	18	25	9	18	19
3110062M04Rik	330	265	193	164	214	240
3110070M22Rik	355	300	227	92	119	109
3110079O15Rik	2	4	1	4	2	3
3110080O07Rik	6	17	14	5	11	2
3110082I17Rik	120	118	68	81	106	95
3110082J24Rik	0	0	0	0	0	0
3300002A11Rik	9	8	11	6	14	9
3300002I08Rik	276	226	177	181	204	214
3425401B19Rik	29	29	21	13	20	19
3632451O06Rik	651	630	384	1170	1390	1320
3830403N18Rik	0	0	2	1	0	5
3830406C13Rik	914	890	618	770	843	904
3830408C21Rik	40	46	44	33	52	38
3830417A13Rik	0	0	0	0	0	0
3830422I06Rik	0	0	0	0	0	0
4430402I18Rik	740	709	607	556	622	647
4632404M16Rik	2	0	0	0	3	1
4632427E13Rik	2920	2889	2214	2223	2962	2688
4632432E15Rik	665	601	527	345	442	392
4633401B06Rik	29	30	20	18	26	25
4731419I09Rik	314	304	182	221	270	287
4732416N19Rik	337	317	228	221	277	272
4732440D04Rik	728	638	528	500	578	527
4732471J01Rik	359	381	266	245	302	273
4833404L02Rik	4	8	9	1	5	2
4833412K13Rik	52	47	53	48	58	45
4833413G10Rik	306	279	245	214	236	244
4833418N17Rik-201	0	0	0	0	0	0
4833420G17Rik	2718	2655	2038	1002	1118	1065
4833421G17Rik	47	33	37	40	45	48
4833421K07Rik	8	10	2	0	4	4
4833422C13Rik	1213	1064	925	800	1005	1078
4833423E24Rik	8	8	7	3	7	13
4833427G06Rik	1	3	1	1	0	0
4833439L19Rik	5225	5214	3800	3853	4085	4556
4921501E09Rik	0	0	0	0	0	3
4921504A21Rik	332	303	252	284	318	361
4921504E06Rik	0	0	0	0	0	0
4921507P07Rik	51	57	27	46	62	61
4921508M14Rik	4	2	1	4	2	5
4921509A06Rik	0	0	0	0	1	0
4921509C19Rik	0	0	1	0	0	0
4921511C10Rik	20	23	21	14	18	10
4921511C20Rik	0	0	0	0	0	0
4921511E07Rik	0	0	0	0	0	0
4921511H03Rik	171	233	191	129	235	142
4921511M17Rik	0	0	0	0	0	0
4921513D11Rik	62	59	63	46	56	50
4921513I03Rik	2	2	1	3	4	0
4921513I08Rik	4	4	1	3	2	1
4921514A10Rik	446	414	337	273	271	326
4921517D22Rik	0	0	0	0	0	0
4921518K17Rik	0	0	0	0	0	0
4921523L03Rik	3	8	1	2	2	4
4921524J17Rik	557	514	347	313	373	394
4921524L21Rik	0	0	0	0	0	0
4921527H02Rik	0	0	0	0	0	0
4921528I07Rik	0	0	0	0	0	1
4921530L21Rik	0	0	0	0	0	0
4921534H16Rik	3	13	12	6	10	9
4921536K21Rik	3	4	6	4	2	1
4921539E11Rik	1	2	1	3	2	2
4922502D21Rik	0	0	0	0	0	0
4930402F06Rik	0	2	2	2	0	0
4930402H05Rik	0	0	0	0	0	0
4930402H24Rik	5187	4546	3627	3524	4291	4422
4930402K13Rik	0	3	1	0	4	1
4930403D09Rik	0	1	1	2	0	0
4930404A12Rik	307	294	207	163	226	205
4930404H24Rik	9	10	7	3	8	8
4930404N11Rik	630	645	495	454	504	536
4930405G09Rik	0	1	0	0	1	0
4930405H06Rik	20	30	25	11	16	21
4930405N21Rik	0	2	0	2	1	1
4930405O22Rik	25	25	30	23	24	33
4930407I10Rik	0	2	0	1	1	5
4930408O17Rik	2	0	0	2	0	1
4930412O13Rik	0	1	0	0	0	0
4930413G21Rik	73	67	41	35	49	37
4930415F15Rik	39	18	20	14	22	24
4930415H17Rik-001	0	0	0	0	0	0
4930415L06Rik	0	0	0	0	0	0
4930415O20Rik	20	19	13	13	21	18
4930417O22Rik	0	0	0	0	0	0
4930419G24Rik	484	530	418	302	394	333
4930420N18Rik	0	2	1	0	0	1
4930421C12Rik	0	0	0	0	0	1
4930422M22Rik	58	61	47	42	56	65
4930423C22Rik	1	1	2	4	2	1
4930425K10Rik	1	0	0	1	0	0
4930426D05Rik	13	13	8	4	8	4
4930426L09Rik	23	23	15	9	12	24
4930427A07Rik	44	61	43	45	35	52
4930430A15Rik	0	0	0	0	0	0
4930430E12Rik	1	0	2	0	2	0
4930430F08Rik	2287	2203	1580	1557	1750	1965
4930430O22Rik	248	221	207	174	224	205
4930432E11Rik	0	0	0	0	0	0
4930432K21Rik	98	71	84	76	110	102
4930432M17Rik	0	0	0	0	0	0
4930433I11Rik	0	0	0	0	0	0
4930435E12Rik	0	0	0	0	0	0
4930435N07Rik	37	72	42	28	55	29
4930438A08Rik	0	0	0	0	1	1
4930439A04Rik	15	9	5	5	6	6
4930439D14Rik	19	18	17	10	13	14
4930442H23Rik	74	87	69	46	38	72
4930442L01Rik	0	1	0	1	0	0
4930442P19Rik	86	110	72	63	88	77
4930443G03Rik	0	0	0	0	0	0
4930444A19Rik	74	76	68	59	72	52
4930444E06Rik	1	3	0	11	13	7
4930444G20Rik	1	6	6	2	0	3
4930444P10Rik	8	13	5	2	9	8
4930445N08Rik	2	1	3	0	1	2
4930447A16Rik	15	8	9	2	6	6
4930447C04Rik	2573	2453	1600	1976	2320	2250
4930447C11Rik	0	0	0	0	0	0
4930447F04Rik	0	0	1	0	0	0
4930448D08Rik	0	0	0	0	0	0
4930449A18Rik	0	0	0	0	0	0
4930449I04Rik	1	4	1	3	4	2
4930449I24Rik	2	0	0	0	0	0
4930451E10Rik	46	43	34	43	53	33
4930451G09Rik	335	320	214	238	305	279
4930451I11Rik	58	70	50	59	62	52
4930452B06Rik	81	69	66	21	28	30
4930453N24Rik	2938	2761	1979	1916	2127	2229
4930453O03Rik	0	2	0	1	3	0
4930455G09Rik	1	4	4	5	11	12
4930455H04Rik	6	9	8	33	86	42
4930456G14Rik	7	7	7	1	8	4
4930458D05Rik	89	118	90	12	20	23
4930465K10Rik-201	191	155	136	170	173	154
4930466I24Rik	1	1	0	0	0	0
4930467E23Rik	434	549	357	286	452	413
4930469B13Rik-001	0	0	0	0	0	0
4930469G21Rik	6	4	2	10	5	5
4930470B04Rik	0	0	0	0	0	0
4930470P17Rik	0	0	0	0	0	0
4930471C04Rik	11	20	4	13	11	22
4930473D10Rik	3	6	3	6	4	7
4930474B08Rik	0	0	0	0	0	0
4930474N05Rik	0	0	0	0	0	0
4930477O15Rik	3	7	4	1	3	5
4930478M09Rik	1	3	1	0	2	2
4930480E11Rik	0	0	0	0	0	0
4930480G23Rik	0	0	0	0	0	0
4930480K02Rik	16	1	7	1	0	0
4930481A15Rik	838	683	665	239	276	257
4930483K19Rik	261	239	191	215	180	188
4930486F22Rik	2	3	0	4	6	3
4930486I03Rik	0	0	0	0	0	1
4930486L24Rik	2	0	4	1	0	1
4930486N12Rik	0	0	0	0	0	0
4930488N24Rik-001	1	0	0	1	0	2
4930500F10Rik	138	117	100	157	166	152
4930500M09Rik	71	59	49	51	53	48
4930502C17Rik	0	0	0	0	0	0
4930502E18Rik	8	4	0	9	2	1
4930503B20Rik	1	3	5	3	2	1
4930503E14Rik	0	0	0	0	0	0
4930503L19Rik	490	525	351	156	174	211
4930504O13Rik	0	0	0	0	0	0
4930505A04Rik	5	3	5	0	2	1
4930505M18Rik	15	17	25	14	25	16
4930505O20Rik	0	0	0	0	1	1
4930507D05Rik	37	48	33	31	34	36
4930507D10Rik	0	0	0	3	0	0
4930509H03Rik	126	114	89	112	155	126
4930511M18Rik	0	0	0	0	0	0
4930512B01Rik	200	177	138	162	199	212
4930512H18Rik	47	42	26	4	4	8
4930512M02Rik	0	0	0	0	0	0
4930513N10Rik	165	176	106	94	129	112
4930513N20Rik	65	85	64	49	71	66
4930513O06Rik	0	0	0	0	0	0
4930515G01Rik	37	36	35	42	34	33
4930515G13Rik-201	0	0	1	0	0	1
4930515L19Rik	0	0	0	0	0	0
4930517G19Rik	612	613	588	511	570	451
4930517J16Rik	2	2	0	2	5	4
4930518C09Rik	30	49	33	19	39	32
4930518I15Rik	100	100	80	118	149	139
4930518J20Rik	3	3	1	1	0	0
4930519E07Rik	0	0	0	0	0	0
4930519F16Rik-008	0	1	0	1	1	1
4930519G04Rik	2	5	3	18	10	26
4930519P11Rik	5	2	7	1	5	0
4930520M14Rik	34	40	35	27	33	37
4930521E06Rik	16	7	9	14	17	13
4930522H14Rik	0	0	0	0	0	0
4930522L14Rik	148	167	130	123	162	234
4930522N08Rik	50	46	31	30	48	42
4930522O17Rik	1	0	0	0	0	0
4930523C07Rik	9	7	6	7	9	15
4930524B15Rik	5	2	3	0	0	2
4930524J08Rik	36	26	18	21	15	25
4930524N10Rik	0	0	0	0	0	0
4930524O07Rik	764	726	571	426	504	583
4930525G20Rik	373	321	260	157	203	213
4930526L06Rik	23	27	27	21	17	23
4930526M16Rik	0	0	0	0	0	0
4930527B05Rik	16	23	15	8	25	10
4930527E20Rik	2	2	0	13	16	11
4930527J03Rik	0	1	0	0	0	0
4930527J03Rik-201	0	1	0	0	0	0
4930528J11Rik	284	275	189	207	256	278
4930533B01Rik	29	32	28	9	21	15
4930533I22Rik	1	0	0	0	0	0
4930533K18Rik	7	8	8	5	6	4
4930533L02Rik	0	0	1	0	0	0
4930534D22Rik	151	155	117	101	148	135
4930535I16Rik	65	69	39	40	45	46
4930535L15Rik	6	12	11	10	17	14
4930537H20Rik	37	23	17	15	39	26
4930538E20Rik	8	16	14	10	12	9
4930538K18Rik	52	47	38	45	60	52
4930539E08Rik	37	32	25	22	33	43
4930539J05Rik	256	285	206	180	204	236
4930540E01Rik	0	0	0	0	0	0
4930542C12Rik	0	1	0	0	1	1
4930544D05Rik	7	3	4	7	3	2
4930544G11Rik	0	0	0	0	0	0
4930544L04Rik	0	0	0	0	0	0
4930545L23Rik	5	6	2	1	7	9
4930546C10Rik	0	0	1	0	0	0
4930548H24Rik	4	0	4	2	5	6
4930549C01Rik	0	0	0	0	0	0
4930550C14Rik	13	9	6	2	4	7
4930550L24Rik	10	8	5	8	14	3
4930551O13Rik	682	673	519	523	620	645
4930553I04Rik	0	1	0	0	0	0
4930553M12Rik	0	1	0	0	0	0
4930554G22Rik	0	0	0	0	0	0
4930555G01Rik	3	0	0	1	1	0
4930556I23Rik	0	0	1	0	1	1
4930556J24Rik	428	350	249	285	283	351
4930556N13Rik	38	27	36	50	37	31
4930557A04Rik	0	0	0	0	0	1
4930557B06Rik	2	1	2	0	0	0
4930557J02Rik	3	3	0	2	2	1
4930558C23Rik	0	0	0	0	0	0
4930558K02Rik	5	6	4	2	0	7
4930560O18Rik	62	71	78	39	35	44
4930562C15Rik	103	129	111	79	111	99
4930562D21Rik	0	0	1	1	1	0
4930563D23Rik	1	5	2	0	2	3
4930563F08Rik	10	20	9	6	9	4
4930563H07Rik	0	0	0	0	0	0
4930563I02Rik	36	17	26	15	20	16
4930563M21Rik	11	8	10	0	3	9
4930564D02Rik	1	0	0	0	0	0
4930565N06Rik	189	154	143	93	172	160
4930566F21Rik	51	60	34	50	46	52
4930566N20Rik	52	22	32	32	27	30
4930567H17Rik	0	0	1	0	0	0
4930568D16Rik	1	0	5	0	2	0
4930569F06Rik	0	0	0	0	1	0
4930570N18Rik	2	1	2	0	2	6
4930572O03Rik	0	8	0	1	0	1
4930577N17Rik	41	53	38	26	44	39
4930578C19Rik	6	18	6	6	4	11
4930578G10Rik	23	25	16	1	0	3
4930578I06Rik	2	1	1	0	1	0
4930578I07Rik	3	4	1	1	2	1
4930579F01Rik	0	0	0	1	2	1
4930579G18Rik	540	500	358	337	420	398
4930579G24Rik	359	346	255	242	257	295
4930579H20Rik	1	1	0	0	0	0
4930579M01Rik	0	0	0	0	0	0
4930583I09Rik	0	0	0	0	0	0
4930583K01Rik	1	2	4	0	2	2
4930588G17Rik	133	134	129	107	122	125
4930588K23Rik	0	0	0	0	2	1
4930589O11Rik	31	33	22	32	28	28
4930589P08Rik	25	15	11	7	14	9
4930590H14Rik	0	0	0	0	0	0
4930590J08Rik	51	42	24	36	26	27
4930590L20Rik	0	1	1	0	2	3
4930593C16Rik	0	0	0	0	1	1
4930594C11Rik	18	19	25	16	21	16
4930595D18Rik	5	4	10	6	16	10
4930595M18Rik	0	0	0	0	0	0
4930595O18Rik	0	0	0	0	0	0
4930596D02Rik	0	0	0	0	0	0
4930596I21Rik	14	7	14	9	10	8
4930597L12Rik	1	0	2	3	0	0
4930599N23Rik	248	261	189	138	219	181
4930599N24Rik	14	31	30	21	25	18
4931400O07Rik	0	0	0	0	0	0
4931406B18Rik	1	0	0	0	1	0
4931406C07Rik	325	315	255	208	308	300
4931406P16Rik	3983	3615	2686	3226	3737	4006
4931408C20Rik	0	0	0	0	0	0
4931409K22Rik	2	5	0	4	4	9
4931412I15Rik	6	4	4	2	8	5
4931414P19Rik	197	219	157	181	181	205
4931417E11Rik	0	0	0	0	0	0
4931419H13Rik	0	0	0	0	0	0
4931422A03Rik	192	205	176	132	121	110
4931423N10Rik	23	16	16	3	19	12
4931428F04Rik	849	839	605	505	639	739
4931428L18Rik	5	12	9	3	2	8
4931429L15Rik	6	14	9	6	7	8
4931431C16Rik	204	207	139	124	196	169
4931431F19Rik	0	0	0	0	0	0
4931440F15Rik	38	38	23	18	31	41
4932411E22Rik	85	74	80	17	33	34
4932411N23Rik	0	0	0	0	0	0
4932413F04Rik	156	146	188	115	137	123
4932414N04Rik	0	0	0	1	0	0
4932415D10Rik	0	1	0	0	0	0
4932416K20Rik-201	0	0	0	0	0	0
4932429P05Rik	0	0	0	0	0	0
4932431L22Rik	0	0	0	0	0	0
4932431P20Rik	0	0	0	0	0	0
4932438A13Rik	13425	12610	9963	8685	11006	11046
4932438H23Rik	14	11	10	4	2	4
4932442E05Rik	682	773	587	537	621	641
4932443I19Rik	6	9	5	4	9	10
4932443L11Rik	542	512	393	420	437	456
4932702P03Rik	262	274	221	213	232	236
4933400A11Rik	4	1	0	0	1	1
4933401J01Rik	0	0	0	0	0	0
4933402D24Rik	43	20	17	16	21	21
4933402E13Rik	0	0	0	0	0	0
4933402J07Rik	0	1	1	0	0	0
4933402N03Rik	0	0	0	0	0	0
4933402N22Rik	0	0	0	0	1	0
4933402P03Rik	2	3	1	0	0	1
4933403L11Rik	0	0	0	0	0	1
4933403O08Rik	1	1	0	0	0	0
4933405D12Rik	2	0	4	1	5	3
4933405L10Rik	6	2	3	5	8	1
4933405O20Rik	0	2	0	0	1	1
4933406J10Rik	146	149	119	29	16	22
4933406L23Rik	2	7	6	1	1	5
4933406M09Rik	0	0	0	2	1	0
4933406P04Rik	75	103	67	70	69	97
4933407I08Rik	8	13	11	6	3	5
4933407L21Rik	16	15	16	6	7	2
4933408B17Rik	99	106	75	56	88	76
4933408J17Rik	54	85	71	52	59	35
4933408N05Rik	9	7	11	6	5	9
4933409G03Rik	1	0	0	0	0	0
4933411G06Rik	0	0	0	0	0	0
4933411K16Rik	4	4	3	3	4	4
4933411O13Rik	51	55	36	15	21	30
4933412A08Rik-201	137	107	98	121	115	122
4933412E24Rik	0	0	0	0	0	0
4933412L11Rik	5	9	7	7	5	4
4933413C19Rik	3	2	2	1	2	2
4933413G19Rik	3	3	1	2	0	4
4933413L06Rik	301	374	271	178	302	246
4933414I15Rik	0	0	0	0	0	0
4933415A04Rik	21	34	31	28	22	25
4933415F23Rik	0	1	0	0	0	0
4933415J04Rik	0	0	0	0	0	0
4933416C03Rik	2	12	5	6	10	8
4933416I08Rik-001	7	6	5	1	4	3
4933416M07Rik	38	29	44	35	31	37
4933417A18Rik	2	0	1	0	0	0
4933417C20Rik	135	121	127	219	246	247
4933417D19Rik	68	62	48	38	75	55
4933417O13Rik	0	0	0	0	0	0
4933421I07Rik	0	0	0	0	0	0
4933423L19Rik	0	0	0	0	0	0
4933423P22Rik	15	27	14	10	17	15
4933424G06Rik	22	14	24	9	13	16
4933424L21Rik	72	67	63	23	40	36
4933424N20Rik	0	0	0	0	0	0
4933425D22Rik	6	5	5	2	4	3
4933425L06Rik	0	1	0	2	5	0
4933425M03Rik	2	2	1	4	2	1
4933426K07Rik	100	139	106	73	120	83
4933427D14Rik	865	828	677	643	804	824
4933427E11Rik	41	42	29	33	32	48
4933427I04Rik	24	12	8	5	10	4
4933427J07Rik	5	1	0	1	2	0
4933428G20Rik	201	203	143	128	137	166
4933428M09Rik	0	0	0	0	0	0
4933428P19Rik	183	187	141	132	161	154
4933429H19Rik	128	124	107	96	93	72
4933430H06Rik	20	16	18	14	17	7
4933430I17Rik	56	50	43	48	36	51
4933430L12Rik	130	82	71	55	74	84
4933431C10Rik	152	170	139	126	208	156
4933431E20Rik	1702	1656	1116	1319	1424	1615
4933431G14Rik	15	7	10	5	16	17
4933431K14Rik	238	226	159	153	168	202
4933432K03Rik	5	8	2	4	7	5
4933434E20Rik	4063	3726	2893	2735	3040	3252
4933436F18Rik	2	5	1	3	2	3
4933436I01Rik	0	0	0	0	0	0
4933437G19Rik	4	4	2	2	3	6
4933438K21Rik	0	1	0	7	11	7
4933439N06Rik	0	0	0	0	0	0
4933440N22Rik	119	100	110	94	114	121
5031410I06Rik	5	5	1	14	6	3
5031414D18Rik	11	9	2	8	6	4
5031434C07Rik	6	7	1	1	1	1
5031439G07Rik	2582	2560	1815	1632	1807	2019
5033417F24Rik	303	296	220	228	278	323
5330406M23Rik	68	84	55	41	73	49
5330417C22Rik	408	457	296	243	314	315
5330417H12Rik	1	4	0	2	0	0
5330425B07Rik	0	1	0	0	0	0
5330437M03Rik	1	2	0	0	3	0
5330438D12Rik-201	364	345	273	254	311	320
5330438I03Rik	127	98	74	40	46	40
5330439A09Rik	30	36	26	16	26	21
5330439B14Rik	6	6	6	2	5	3
5430400D12Rik	49	43	29	54	64	41
5430401F13Rik	0	0	0	1	1	1
5430402E10Rik	0	0	0	0	0	0
5430402O13Rik	95	80	74	60	74	97
5430403G16Rik	188	187	191	127	183	172
5430416O09Rik	29	13	14	17	20	28
5430419D17Rik	1224	1119	1048	691	638	620
5430420F09Rik	24	24	19	13	11	19
5430427M07Rik	1	1	0	0	1	0
5430427O19Rik	5	6	0	1	1	4
5430433H01Rik	1	1	0	0	0	1
5430434F05Rik	156	163	142	91	148	109
5530400C23Rik	0	0	0	0	0	0
5530400K19Rik	4	4	5	5	1	5
5530401A14Rik	61	78	78	35	97	65
5730408A14Rik	50	73	47	16	47	31
5730409E04Rik	681	696	449	457	550	618
5730455P16Rik	1730	1535	1241	1045	1180	1227
5730480H06Rik	362	410	260	289	361	351
5730488B01Rik	1	0	0	0	0	0
5730507A11Rik	160	134	142	73	148	122
5730507C01Rik	228	196	161	81	65	102
5730508B09Rik	90	94	81	49	78	85
5730522E02Rik	7	6	13	4	7	7
5730559C18Rik	1	1	0	2	3	1
5730585A16Rik	0	0	0	0	0	0
5730596B20Rik	0	0	0	0	0	0
5830411K02Rik	1	2	0	3	1	2
5830411N06Rik	0	0	0	0	0	1
5830415G21Rik	1	5	1	0	0	0
5830417I10Rik-001	8615	7658	6198	2650	2763	3253
5830432E09Rik	23	16	14	14	26	14
5830437K03Rik	0	0	0	0	0	0
5830444F18Rik	17	17	16	7	13	7
5830454E08Rik	105	73	60	64	88	97
5830462I19Rik	1145	1130	910	827	872	964
5830468F06Rik	18	28	12	19	27	20
5830473C10Rik	1	0	0	3	0	0
5930409G06Rik	81	79	66	64	64	89
5930420M18Rik	218	182	182	162	188	183
5930422O12Rik	17	14	6	6	6	5
6030400A10Rik	43	50	49	37	55	25
6030419C18Rik	1391	1301	901	1077	1125	1256
6030445D17Rik	13	13	7	8	15	11
6030452D12Rik	0	0	0	0	0	0
6030458C11Rik	2413	2363	1864	1865	2125	2190
6030460B20Rik	2	5	4	1	2	7
6030468B19Rik	0	0	0	0	0	1
6030469F06Rik	0	0	0	0	0	0
6030498E09Rik	8	7	8	6	5	11
6330403L08Rik	175	213	141	136	181	192
6330408A02Rik	480	554	391	348	425	468
6330409D20Rik	9	16	8	10	13	7
6330410L21Rik	8	1	2	4	5	6
6330415B21Rik	37	36	24	9	23	21
6330418K02Rik	415	422	303	250	301	327
6330419E04Rik	13	25	21	9	14	11
6330562C20Rik	22	24	14	19	29	19
6430500D05Rik	1	2	2	0	5	0
6430503K07Rik	0	0	0	0	0	0
6430511E19Rik	1473	1353	1090	862	1071	1072
6430531B16Rik	46	44	31	39	47	39
6430548M08Rik	14871	13091	10136	9504	10065	11507
6430550D23Rik	87	88	53	59	63	80
6430571L13Rik	1705	1644	1232	1352	1458	1647
6430573F11Rik	235	221	132	284	314	342
6430628N08Rik	2	1	0	1	0	0
6530409C15Rik	131	128	104	84	95	80
6530437J22Rik	243	229	180	143	188	190
6720464F23Rik	49	45	39	30	32	29
6720469O03Rik	9	13	7	5	9	5
6720475M21Rik	13	8	10	2	11	8
6720482G16Rik	27	32	30	20	32	43
6720489N17Rik	165	114	114	56	86	85
6820402A03Rik	199	200	162	0	0	0
6820408C15Rik	67	67	55	49	49	63
6820431F20Rik	2116	2052	1564	2791	3168	3637
7330404K18Rik	3	4	1	2	0	0
7330423F06Rik	1	1	1	2	2	1
7420426K07Rik	0	0	0	0	0	0
7420461P10Rik	1	1	1	1	1	6
7530416G11Rik	0	0	0	0	0	0
8030411F24Rik	0	0	0	0	0	0
8030423J24Rik	1	1	1	0	0	0
8030443G20Rik	1	3	5	3	9	6
8030445P17Rik	41	92	47	36	60	45
8030462N17Rik	4893	4711	3460	3415	3759	4098
8030474K03Rik	0	2	0	1	3	0
8030487O14Rik	6	16	12	7	8	4
8430408G22Rik	19	20	23	24	36	22
8430422M14Rik	115	115	84	92	97	100
8430432A02Rik	116	79	68	66	88	104
9030204H09Rik	25	21	21	4	17	13
9030612E09Rik	55	49	29	42	39	48
9030617O03Rik	157	130	98	33	37	46
9030619P08Rik	0	0	0	0	0	0
9030624G23Rik	104	88	95	285	327	413
9030624J02Rik	2468	2323	1845	1816	1983	2217
9130008F23Rik	26	14	10	4	5	5
9130011E15Rik	1057	980	766	673	739	871
9130015G15Rik	5	10	7	6	6	4
9130019O22Rik	586	561	424	450	428	523
9130023H24Rik	949	831	725	654	732	849
9130204L05Rik	0	0	0	0	0	0
9130208D14Rik-001	22	13	13	10	12	8
9130213A22Rik	10	28	13	25	34	39
9130221H12Rik	1552	1448	1097	1078	1176	1359
9130230L23Rik	1	0	0	0	0	0
9130401M01Rik	740	716	581	554	593	616
9130409I23Rik	6	2	3	9	12	12
9130409J20Rik	0	0	0	0	0	0
9130410C08Rik	0	0	1	0	0	1
9230019H11Rik	0	0	0	0	0	0
9230102O04Rik	0	0	0	0	0	0
9230104L09Rik	1	0	1	0	1	1
9230104M06Rik	74	85	72	55	87	81
9230105E05Rik	2	2	0	0	0	0
9230106D20Rik	0	0	0	0	0	0
9230109A22Rik	2	0	0	0	0	0
9230110C19Rik	144	126	101	91	109	102
9230110F15Rik	0	0	1	0	0	0
9230112D13Rik	0	0	0	0	0	0
9230112E08Rik	822	745	607	526	643	591
9230113P08Rik	0	0	0	0	0	0
9230114J08Rik	0	0	0	0	0	0
9230117E06Rik	4	0	2	2	1	1
9330020H09Rik	686	563	471	431	455	524
9330121J05Rik	1185	1199	1004	667	729	777
9330132A10Rik-201	648	601	417	369	460	480
9330151L19Rik	897	952	701	705	781	801
9330154K18Rik	17	15	10	12	11	10
9330159F19Rik	923	881	596	794	856	873
9330160F10Rik	430	401	316	266	326	318
9330161L09Rik	47	46	34	27	42	44
9330162B11Rik	56	83	66	37	47	49
9330162G02Rik	2564	2725	2063	1725	2233	2230
9330171B17Rik	28	21	23	21	18	23
9330175M20Rik	1	0	0	0	1	0
9330179D12Rik	9	9	4	0	5	3
9330182L06Rik	1817	1635	1277	1064	1194	1327
9330182O14Rik	0	0	0	0	0	0
9430007A20Rik	0	0	0	0	0	0
9430007M09Rik	1	2	1	0	2	1
9430015G10Rik	460	469	328	379	465	481
9430016H08Rik	984	920	694	633	753	804
9430018G01Rik	16	22	13	14	16	16
9430020K01Rik	1455	1431	1122	900	1093	1187
9430025C20Rik-201	39	51	41	18	31	19
9430034N14Rik	136	143	107	135	189	150
9430037O13Rik	0	0	0	0	0	0
9430038I01Rik	70	61	40	38	68	59
9430041J12Rik	520	464	423	360	423	385
9430041J12Rik-201	180	172	140	148	172	153
9430053O09Rik	20	24	22	10	22	17
9430060I03Rik	156	139	102	108	115	143
9430062P05Rik	3	9	1	3	6	2
9430064I24Rik	194	176	118	143	146	159
9430069I07Rik	10	11	4	3	3	0
9430073C21Rik	0	0	0	0	0	0
9430076C15Rik	35	39	46	34	52	39
9430083B18Rik	1	0	1	0	2	2
9430087B13Rik	1	4	5	0	0	0
9430087J23Rik	5	11	6	8	11	3
9430092D12Rik	10	16	10	4	11	7
9430097D07Rik	26	38	25	27	32	35
9530002B09Rik	0	0	0	0	0	0
9530003J23Rik	1	1	0	0	0	0
9530003O04Rik	29	37	17	18	30	25
9530013L04Rik	0	1	3	1	3	2
9530018H14Rik	0	0	0	0	0	0
9530022L04Rik	6	4	2	4	7	7
9530026P05Rik	91	106	58	42	44	53
9530034A14Rik	0	1	0	0	0	0
9530034E10Rik	6	4	8	2	4	6
9530036M11Rik	1	3	2	4	7	4
9530036O11Rik	36	23	16	15	12	23
9530046B11Rik	31	29	34	25	33	18
9530053A07Rik	3	9	6	4	5	7
9530056K15Rik	54	51	25	47	51	45
9530056K15Rik-201	54	51	25	47	51	45
9530062K07Rik	57	58	47	41	59	64
9530068E07Rik	3440	3271	2334	2199	2352	2771
9530077C05Rik	491	429	332	395	405	433
9530078K11Rik	5	3	5	3	3	5
9530085L11Rik	781	763	647	533	620	601
9530085P06Rik	1	1	0	0	0	0
9530086O07Rik	5	13	7	4	11	7
9530097N15Rik	19	24	17	10	17	17
9630001P10Rik	277	263	143	148	228	184
9630010A21Rik	200	247	197	152	219	201
9630013K17Rik	29	43	25	34	33	28
9630028B13Rik	100	122	91	44	65	66
9630028H03Rik	79	57	57	55	67	55
9630041A04Rik	2	1	2	0	0	4
9830107B12Rik	0	0	0	0	0	0
9930004E17Rik	51	32	26	26	37	40
9930012K11Rik	56	47	29	57	48	58
9930021J03Rik	4437	4247	3136	2982	3310	3552
9930022D16Rik	2	2	2	0	2	0
9930111J21Rik1	34	45	34	17	25	24
9930111J21Rik2	50	55	44	28	39	43
9930120I10Rik	88	57	84	64	57	46
A030005K14Rik	0	0	0	0	0	0
A030012G06Rik	0	0	1	0	1	1
A130006I12Rik-201	44	34	39	38	44	46
A130010J15Rik	1406	1219	936	902	1010	1090
A130014A01Rik	520	484	320	345	346	424
A130048G24Rik	21	24	13	22	25	17
A130050O07Rik	136	182	148	143	179	179
A130051J06Rik	20	10	15	11	15	11
A130057D12Rik	62	41	56	47	51	63
A130071D04Rik	0	1	1	0	1	2
A1bg	105	102	77	50	72	72
A1cf	2	1	2	0	3	0
A230005M16Rik	210	200	135	126	142	150
A230009B12Rik	50	62	57	25	38	34
A230020J21Rik	104	124	91	90	92	84
A230046K03Rik	2774	2570	1951	1869	2235	2356
A230050P20Rik	1017	987	673	727	783	849
A230052G05Rik	40	40	29	24	22	36
A230060F14Rik	77	79	52	40	45	65
A230065H16Rik	8	12	1	1	1	9
A230065N10Rik	35	45	29	29	31	37
A230072E10Rik	264	273	212	193	230	249
A230072I06Rik	0	0	0	0	1	1
A230077H06Rik	625	550	447	225	285	298
A230083G16Rik	52	54	38	41	55	76
A230083N12Rik	172	183	124	90	120	135
A230103L15Rik	115	156	114	82	117	90
A230107N01Rik	148	141	111	103	108	112
A230108P19Rik	28	29	24	16	17	21
A26c2	0	0	0	0	0	0
A2m	421	482	237	268	292	291
A330015K06Rik	213	188	142	168	199	233
A330017A19Rik	58	48	38	41	46	50
A330041J22Rik	110	112	81	82	116	98
A330044P14Rik	0	0	0	0	0	0
A330044P14Rik-001	0	0	0	0	0	0
A330058E17Rik	0	1	1	1	1	1
A330070K13Rik	0	1	0	1	1	1
A330074H02Rik	6	7	7	1	10	8
A330093E20Rik	76	81	82	54	89	67
A3galt2	90	103	90	79	96	95
A430005L14Rik	690	631	497	478	552	527
A430010J10Rik-201	4	9	3	3	2	5
A430027C01Rik	111	86	56	61	68	70
A430027H14Rik	4	1	1	3	3	5
A430033K04Rik	1634	1603	1203	897	947	1088
A430050A11Rik	0	0	1	0	0	1
A430060F13Rik-001	0	0	0	0	0	0
A430072C10Rik	0	0	0	0	0	0
A430078G23Rik	1	0	0	0	1	0
A430078I02Rik	96	124	89	73	96	93
A430089I19Rik	0	0	0	0	0	0
A430105I19Rik	482	482	329	307	379	382
A430110C17Rik	70	61	45	47	55	56
A4galt	46	56	42	26	34	50
A4gnt	0	0	0	0	0	0
A530010F05Rik	0	0	0	0	0	0
A530016L24Rik	17	13	10	33	40	40
A530020G20Rik	2	2	0	3	4	3
A530030E21Rik	0	0	0	1	0	0
A530032D15Rik	41	36	22	16	23	23
A530040E14Rik	3	3	3	1	8	3
A530041M06Rik	127	124	116	139	168	147
A530064D06Rik	0	1	0	1	1	0
A530064N14Rik	78	70	69	43	70	59
A530083M17Rik	3	8	2	1	3	1
A530084C06Rik	40	21	21	11	19	19
A530095I07Rik	9	14	5	3	2	4
A530099J19Rik	0	0	0	0	0	0
A630001G21Rik	4	2	0	2	6	2
A630010A05Rik	0	0	0	0	0	0
A630012P03Rik	1	1	2	0	3	1
A630014C17Rik	6	9	3	4	7	8
A630023A22Rik	0	0	2	5	4	2
A630033H20Rik	5	4	1	4	6	6
A630072M18Rik	492	515	339	311	359	362
A630073D07Rik	0	0	0	0	0	0
A630076J17Rik	76	86	46	114	131	131
A630081D01Rik	0	2	1	1	2	1
A630095E13Rik	0	0	0	0	0	0
A630095N17Rik	32	21	22	24	29	27
A730011C13Rik	565	522	429	352	486	446
A730013G03Rik	7	10	7	3	3	4
A730015C16Rik	166	137	131	108	121	98
A730017C20Rik	788	804	526	504	532	606
A730018C14Rik	0	1	1	0	0	0
A730020E08Rik	449	447	308	278	291	366
A730032A03Rik	0	0	0	0	0	0
A730035I17Rik	1334	1333	1020	961	1143	1182
A730035I17Rik-201	173	227	163	181	191	189
A730046J19Rik	1225	1210	729	814	1012	1029
A730049H05Rik	8	19	13	11	10	9
A730056A06Rik	44	46	28	32	34	40
A730061H03Rik	112	98	75	68	104	72
A730062M13Rik	2	5	3	3	8	2
A730071L15Rik	96	91	80	71	82	95
A730089K16Rik	10	5	5	5	10	11
A730090N16Rik	10	13	11	5	11	12
A730094K22Rik	4	11	5	4	3	0
A730098A19Rik	24	20	14	9	20	22
A830005F24Rik	43	52	39	32	30	36
A830010M20Rik	5828	5178	3821	3844	4146	4570
A830011K09Rik	1	1	2	1	0	0
A830018L16Rik	268	213	166	133	108	161
A830031A19Rik	0	0	0	0	0	0
A830036E02Rik	74	104	88	7	18	22
A830073O21Rik	50	32	28	18	25	31
A830080D01Rik	637	610	429	398	423	427
A830082K12Rik	369	323	238	186	191	227
A830092H15Rik	154	163	109	77	83	79
A930002H02Rik	12	9	4	11	13	16
A930002H24Rik	38	38	21	27	36	29
A930003A15Rik	3742	3350	2680	2620	2888	3254
A930004D18Rik	1499	1403	1059	914	985	1058
A930004J17Rik	1028	1036	859	751	920	802
A930005G22Rik	670	559	469	643	804	687
A930005N03Rik	626	578	481	295	399	366
A930006L05Rik	238	211	169	156	193	173
A930009A15Rik	69	73	54	112	154	138
A930011G23Rik	2279	2063	1553	1456	1721	1834
A930012L18Rik	101	112	67	53	74	65
A930014E01Rik	19	21	8	2	8	17
A930015D03Rik	262	230	167	633	607	701
A930016O22Rik	205	188	135	138	147	181
A930017K11Rik	129	94	73	65	85	94
A930017M01Rik-201	291	249	213	228	244	262
A930018M24Rik	127	123	85	315	352	332
A930018P22Rik	54	55	47	23	31	36
A930019D19Rik	57	45	38	26	23	30
A930024E05Rik	591	553	465	460	568	515
A930028O11Rik	3	5	5	3	7	5
A930030B08Rik	345	391	291	14	26	24
A930032L01Rik	32	26	16	26	23	20
A930033H14Rik	1008	714	579	644	762	792
A930035D04Rik-201	25	38	28	39	47	26
A930036I15Rik	69	74	72	42	71	65
A930036K24Rik	3100	2588	2336	3329	3716	4064
A930041C12Rik	449	369	322	172	222	250
AA386476	211	170	150	146	175	152
AA387200	11	11	9	4	8	8
AA415398	248	241	198	116	168	205
AA467197	21	43	19	6	10	6
AA474408	198	163	145	146	172	139
AA623943-001	0	0	0	0	0	0
AA645442	0	0	0	1	0	1
AA672651	0	0	0	0	0	0
AA792892	2	0	3	1	0	2
AA914427	198	136	113	83	110	116
AA986860	177	225	157	147	139	154
AB041806	64	62	62	50	46	47
AB124611	13	14	14	7	5	8
AC087559.1-201	6	15	5	0	2	0
AC087559.2	107	96	54	34	64	63
AC087559.3	6	6	4	0	1	0
AC102264.1	0	0	0	0	0	0
AC122844.3	14	12	10	10	14	14
AC123873.1	0	0	0	0	0	0
AC123873.2	0	0	0	0	0	0
AC123873.3	0	0	0	0	0	0
AC124606.1	0	0	0	0	0	0
AC124606.2	0	0	0	0	0	0
AC125149.1	0	0	0	0	0	0
AC125149.2	0	0	2	0	0	0
AC125149.3	0	0	0	1	0	0
AC125149.4	0	0	0	0	0	0
AC125149.5	0	0	0	0	0	0
AC125178.1	0	0	0	0	0	0
AC125178.2	0	0	0	0	0	0
AC125178.3	0	0	0	0	0	0
AC126035.1	0	0	0	0	0	0
AC132444.1	1	1	3	0	0	0
AC132444.2	0	0	2	0	1	0
AC132444.3	0	0	0	0	0	0
AC132444.4	0	0	0	0	0	0
AC132444.5	0	0	1	0	0	2
AC132444.6	5	7	3	3	3	1
AC133095.1	0	0	0	0	0	0
AC133095.2	0	0	0	0	0	0
AC133103.1	3	1	0	3	1	2
AC133103.3	0	0	0	1	0	0
AC133103.4	0	0	0	0	0	0
AC133103.5	0	0	0	0	0	0
AC133103.6	0	0	0	0	0	0
AC133103.7	1	1	2	0	2	0
AC139131.1	1465	1385	1047	1075	1141	1244
AC140205.10-001	90	84	85	60	79	89
AC140325.1	0	0	0	0	0	0
AC140325.2	0	0	0	0	0	0
AC140325.3	0	0	0	0	0	0
AC140325.4	0	0	0	0	0	0
AC140365.1	0	0	0	0	0	0
AC149057.2	17	26	14	14	11	18
AC149090.1	7102	7047	5334	15910	14838	17449
AC151602.13	2	1	4	0	1	1
AC151602.15	70	65	48	44	50	50
AC163611.1	0	0	0	0	0	0
AC163611.2	0	0	0	0	0	0
AC164084.1	0	0	0	0	0	0
AC164084.2	0	0	0	0	0	0
AC164084.3	0	0	0	0	0	0
AC165294.1	0	0	0	0	0	0
AC165294.2	0	0	0	0	0	0
AC165294.3	0	0	0	0	0	0
AC168977.1	5	4	3	3	3	4
AC168977.2	0	0	0	1	0	0
AC234645.1	0	0	0	0	0	0
AF067061	0	0	0	0	0	0
AF067063	1	3	2	12	23	15
AF366264	0	0	0	0	0	0
AF529169	83	105	67	31	47	43
AI115009	1	10	3	3	2	8
AI182371	3	9	4	4	3	5
AI314180	7473	6851	5369	4670	5500	5694
AI413582	1049	993	740	669	680	744
AI429214	288	247	191	519	634	719
AI464131	139	128	78	154	169	180
AI467606	25	15	10	10	8	9
AI481877	2	0	1	3	1	2
AI507597	7	7	9	5	4	3
AI593442	2247	2086	1391	1628	1880	1908
AI597479	3153	3034	2286	2168	2373	2735
AI606181	114	140	90	98	97	80
AI607873	5	6	1	0	0	0
AI646519	0	0	0	0	0	0
AI661453	26	48	38	26	34	30
AI837181	1087	916	762	685	742	818
AI846148	670	621	446	459	539	573
AI847159	4407	3976	3151	3825	4206	4547
AI854703	372	298	247	235	286	317
AI987944	772	753	561	625	805	857
AK010878	1084	1078	769	927	1015	1188
AK157302	858	796	573	485	551	601
AL645739.1-201	0	0	0	0	0	0
AU015336	3	4	5	3	5	2
AU015836	0	0	0	2	0	0
AU018091	0	0	0	0	0	0
AU019823	2147	2027	1465	1440	1643	1727
AU021092	50	38	36	32	37	44
AU022252	2464	2272	1744	1719	1935	1900
AU022751	15	13	6	7	6	8
AU040320	3142	2862	2311	2029	2306	2468
AU040972	44	41	52	35	52	29
AU041133	1160	1124	857	837	1019	1028
AV064505	0	0	0	0	0	0
AV099323	29	28	20	15	14	21
AV320801	3	4	2	2	2	4
AV356131	284	234	172	203	212	263
AW011738	321	324	252	168	206	218
AW146154	462	436	296	523	608	634
AW209491	894	886	647	551	636	671
AW495222	24	26	12	1	5	4
AW549877	6455	6539	4665	3179	3677	3873
AW551984	36	26	14	18	11	21
AW554918	1782	1654	1302	1234	1253	1575
AW822073	0	0	1	0	0	0
AW822252	8	5	6	5	7	4
AY074887	88	94	76	60	76	65
AY358078	0	2	0	0	1	2
AY702102	0	0	1	0	3	0
AY761184	0	0	0	0	0	0
AY761185	0	0	0	0	0	0
Aaas	387	354	290	277	321	289
Aacs	1422	1387	1052	1064	1113	1251
Aadac	0	1	0	0	0	0
Aadacl2	0	0	0	2	0	0
Aadacl3	0	0	0	0	0	0
Aadat	4	3	5	5	4	7
Aaed1	780	726	553	521	527	607
Aagab	2832	2463	1945	1825	2032	2289
Aak1	10748	10399	8402	7507	9174	8729
Aamdc	663	627	500	456	503	556
Aamp	4724	4616	3448	3277	3447	4009
Aanat	9	18	15	4	12	5
Aar2	1480	1489	1088	1018	1089	1269
Aard	41	22	19	20	10	15
Aars	8461	8112	5857	4800	5324	5804
Aars2	1095	1150	837	901	954	1030
Aarsd1	1696	1520	1195	1210	1330	1408
Aasdh	1037	1024	812	703	838	841
Aasdhppt	2532	2351	1695	1535	1799	1953
Aass	260	199	112	174	149	176
Aatf	1107	1009	749	725	822	941
Aatk	3614	3668	2484	2634	2838	3165
Abat	4932	4422	3132	3112	3232	3650
Abca1	3339	2819	2341	1719	1976	1939
Abca12	8	13	7	11	14	11
Abca13	872	807	519	726	933	1036
Abca14	1	0	2	0	0	0
Abca15	0	0	0	2	4	1
Abca16	1	2	1	1	0	0
Abca17	8	4	6	2	2	5
Abca2	3899	3615	2880	2760	3026	3098
Abca3	2504	2303	1804	2022	2378	2422
Abca4	69571	62042	52476	52722	60216	60145
Abca5	3588	3558	2559	2496	2964	3034
Abca6	960	926	759	560	678	690
Abca7	2046	1920	1528	1414	1604	1688
Abca8a	14600	13433	9873	8281	9232	9987
Abca8b	2494	2320	1790	1401	1653	1708
Abca9	185	181	136	89	107	91
Abcb10	1994	1770	1344	1408	1521	1692
Abcb11	102	75	64	59	57	70
Abcb1a	470	470	390	251	326	305
Abcb1b	86	105	78	42	45	47
Abcb4	269	240	193	145	182	180
Abcb5	0	0	0	0	0	0
Abcb6	1368	1316	1009	1006	1140	1224
Abcb7	4912	4511	3217	2940	3241	3569
Abcb8	1449	1406	1124	1747	1833	1997
Abcb9	722	688	502	526	508	570
Abcc1	2332	2197	1777	1432	1768	1885
Abcc10	647	615	499	469	511	555
Abcc12	9	3	2	5	13	6
Abcc2	19	18	13	4	6	7
Abcc3	9	19	16	9	17	20
Abcc4	149	137	99	87	105	99
Abcc5	3409	3474	2503	2338	2659	2653
Abcc6	3	7	6	2	9	4
Abcc8	414	411	331	344	406	377
Abcc9	289	256	212	115	196	170
Abcd1	261	256	179	186	178	193
Abcd2	2828	2588	1895	1577	1765	1881
Abcd3	3334	3112	2319	2247	2624	2827
Abcd4	525	487	395	383	397	457
Abce1	4037	3847	2832	2524	3007	3226
Abcf1	3210	3050	2361	2014	2291	2424
Abcf2	3998	3769	2909	2505	2680	2968
Abcf3	3369	3193	2435	2312	2470	2688
Abcg1	6461	6175	4583	4410	4774	5368
Abcg2	712	622	442	407	441	505
Abcg3	0	4	2	0	1	3
Abcg4	3076	2647	2172	2116	2371	2463
Abcg5	2	4	0	0	0	0
Abcg8	2	4	3	1	1	0
Abhd10	1818	1718	1240	977	1093	1234
Abhd11	477	403	310	299	326	354
Abhd11os	158	151	128	122	148	145
Abhd12	3528	3232	2513	2220	2362	2726
Abhd12b	8	6	6	13	18	19
Abhd13	3148	2865	2115	1882	2215	2482
Abhd14a	1466	1386	1103	292	301	320
Abhd14b	2948	2758	2318	4169	5003	4693
Abhd15	320	307	240	202	233	250
Abhd16a	2156	2089	1447	1696	1815	2010
Abhd16b	2	2	3	0	0	4
Abhd17a	1208	1217	908	810	781	957
Abhd17b	2908	2659	1872	2078	2141	2505
Abhd17c	465	496	347	326	357	439
Abhd18	1332	1266	960	898	1190	1248
Abhd2	2289	2346	1954	1407	2026	1775
Abhd3	1049	980	736	705	789	833
Abhd4	1996	1945	1471	1084	1144	1254
Abhd5	676	687	523	462	493	561
Abhd6	1158	1170	817	712	775	797
Abhd8	6125	5948	4558	4364	4691	5268
Abi1	3919	3643	2766	2603	2710	3163
Abi2	7051	6445	4838	4309	4900	5067
Abi3	265	216	175	130	140	135
Abi3bp	273	265	200	145	116	110
Abl1	2362	2256	1733	1693	1862	1985
Abl2	4099	4100	3083	2320	2707	2816
Ablim1	11128	10472	8047	6852	7776	8587
Ablim2	989	955	689	762	798	892
Ablim3	429	405	316	295	328	362
Abo	0	1	0	2	0	0
Abr	4131	3828	2804	2678	3055	3243
Abra	2	9	5	9	13	8
Abracl	107	104	74	80	88	85
Abt1	597	555	398	350	402	457
Abtb1	1262	1209	959	980	1065	1164
Abtb2	309	292	203	176	213	227
Acaa1a	2508	2323	1800	952	1089	1286
Acaa1b	170	208	160	156	158	183
Acaa2	748	709	566	500	550	552
Acaca	7779	7086	5888	4113	4663	4818
Acacb	115	105	63	64	69	74
Acad10	376	373	291	279	322	287
Acad11	1677	1569	1200	856	956	1022
Acad12	363	308	316	172	219	209
Acad8	2307	2069	1708	1521	1703	1899
Acad9	2126	2025	1539	1608	1739	1801
Acadl	372	373	282	198	205	223
Acadm	3421	3636	2545	2678	2693	3045
Acads	125	133	89	105	84	108
Acadsb	3586	3302	2477	2417	2695	2929
Acadvl	5249	5092	3874	3397	3699	4162
Acan	15	8	8	5	14	13
Acap1	10	10	7	10	10	12
Acap2	3302	3144	2375	2068	2441	2475
Acap3	1587	1505	1157	1057	1133	1219
Acat1	3081	2724	2045	2242	2606	2748
Acat2	1531	1720	1178	1145	1244	1529
Acat3	2176	2137	1509	1449	1566	1833
Acbd3	2608	2488	1868	1730	1863	2181
Acbd4	1220	1163	814	1153	1256	1401
Acbd5	4676	4687	3340	3285	3654	4036
Acbd6	1297	1237	915	829	937	1066
Acbd7	98	95	64	88	88	87
Accs	203	221	146	155	165	179
Accsl	17	11	14	11	15	17
Acd	733	789	553	518	598	668
Ace	249	243	183	154	179	194
Ace2	24	18	18	17	18	17
Ace3	1	2	1	2	0	1
Acer1	0	0	1	0	0	0
Acer2	1090	964	854	786	945	1068
Acer3	1155	1067	756	670	706	821
Ache	1656	1662	1213	1311	1436	1555
Acin1	8089	7890	5929	5549	6411	6597
Ackr1	905	858	658	580	600	662
Ackr2	10	8	5	8	12	14
Ackr3	137	136	90	72	76	55
Ackr4	237	200	173	108	159	145
Acly	12759	11709	9192	8812	9834	10088
Acmsd	18	23	13	12	11	18
Acnat1	5	5	5	2	6	2
Acnat2	9	4	4	8	5	10
Aco1	2431	2305	1823	1732	1737	1832
Aco2	11015	10064	7836	7214	7893	8913
Acod1	0	1	0	0	0	0
Acot1	121	140	78	55	46	68
Acot10	13	23	22	9	12	9
Acot11	789	795	641	413	457	506
Acot12	28	24	21	33	30	46
Acot13	804	811	612	540	585	570
Acot2	229	227	133	139	159	175
Acot3	14	10	7	8	10	6
Acot4	5	15	11	6	11	7
Acot5	0	2	0	1	0	0
Acot6	178	142	127	120	141	142
Acot7	2586	2365	1714	1553	1616	1949
Acot8	721	629	521	508	602	621
Acot9	412	374	259	234	314	326
Acox1	7027	6215	4833	4004	4353	4853
Acox2	3	7	5	6	4	7
Acox3	1355	1306	998	943	1101	1094
Acoxl	149	172	156	5	7	9
Acp1	2638	2514	1843	892	1076	1123
Acp2	2905	2688	2005	1822	2091	2169
Acp5	0	4	0	1	1	1
Acp6	504	525	382	334	426	427
Acp7	2	1	2	1	2	3
Acpp	14	17	21	12	10	13
Acpt	314	257	198	166	186	226
Acr	8	6	3	3	5	6
Acrbp	419	416	352	338	333	346
Acrv1	0	0	1	1	0	0
Acsbg1	14	20	10	19	24	11
Acsbg2	0	1	0	0	0	0
Acsf2	97	63	50	38	48	48
Acsf3	618	634	510	462	508	562
Acsl1	4205	3917	3051	2761	3261	3435
Acsl3	18048	16216	11519	10928	11683	12972
Acsl4	1819	1695	1218	1045	1271	1345
Acsl5	723	718	517	505	469	615
Acsl6	14210	13092	9918	9903	10445	11508
Acsm1	3	7	19	1	9	7
Acsm2	0	0	0	0	0	0
Acsm3	314	294	213	137	186	167
Acsm4	12	11	7	10	14	8
Acsm5	1	0	3	2	1	0
Acss1	8	18	11	8	5	16
Acss2	2265	1977	1445	1201	1321	1458
Acss2os	185	185	126	88	107	118
Acss3	109	102	95	73	75	105
Acta1	59	44	59	67	60	79
Acta2	118	183	107	203	105	84
Actb	27577	26588	18460	16724	18328	20439
Actbl2	12	8	15	5	8	6
Actc1	67	68	47	82	103	93
Actg1	21317	20236	14556	13603	15155	16940
Actg2	0	1	0	1	1	0
Actl10	27	21	9	18	17	16
Actl11	1	2	1	1	0	0
Actl6a	2643	2523	1979	1729	1885	2044
Actl6b	423	472	300	255	321	340
Actl7a	9	9	7	6	21	14
Actl7b	1	1	0	2	1	1
Actl9	1	0	0	0	0	0
Actn1	1233	1100	890	840	1027	1118
Actn2	16	19	16	13	20	18
Actn3	89	84	56	50	76	75
Actn4	2235	2259	1645	1411	1637	1651
Actr10	6939	6412	4571	4583	5018	5764
Actr1a	7211	6887	5213	4876	5154	5882
Actr1b	6060	5540	4187	3847	4327	4624
Actr2	4909	5155	3304	3083	3471	3795
Actr3	8417	7873	5629	4797	5182	5988
Actr3b	1173	1066	827	541	611	682
Actr5	590	583	455	356	474	470
Actr6	1405	1375	1017	931	1058	1250
Actr8	2243	2155	1721	1704	1840	1963
Actrt1	0	0	0	0	0	0
Actrt2	0	0	0	0	0	0
Actrt3	26	28	16	16	20	25
Acvr1	320	332	212	204	225	235
Acvr1b	4253	4036	3047	2830	3150	3651
Acvr1c	14	12	8	10	14	18
Acvr2a	3657	3600	2649	2540	2958	3086
Acvr2b	518	529	409	416	467	485
Acvrl1	261	225	167	125	152	153
Acy1	602	493	367	508	534	626
Acy3	15	20	17	7	7	8
Acyp1	1036	967	612	686	840	857
Acyp2	586	556	374	368	377	408
Ada	31	30	29	19	31	25
Adad1	2	2	0	2	0	4
Adad2	3	3	1	3	4	0
Adal	3265	2983	2285	2164	2311	2479
Adam10	1947	2057	1494	1392	1552	1645
Adam11	1569	1436	1058	1004	1075	1075
Adam12	72	81	63	44	56	71
Adam15	987	959	675	737	819	876
Adam17	973	1021	764	644	807	830
Adam18	1	4	1	0	3	1
Adam19	104	89	72	51	78	81
Adam1a	1238	1192	994	931	1097	1054
Adam1b	287	309	259	215	265	288
Adam2	0	3	0	3	3	3
Adam20	0	0	0	0	0	0
Adam21	37	44	34	27	28	29
Adam22	3574	3530	2600	2278	2638	2883
Adam23	2604	2223	1699	1374	1546	1641
Adam24	0	0	0	0	0	0
Adam25	0	0	0	0	0	0
Adam26a	0	0	0	1	0	0
Adam26b	0	0	0	0	0	0
Adam28	6	7	7	0	4	6
Adam29	0	0	0	0	0	0
Adam3	3	2	3	0	1	3
Adam30	0	0	0	0	0	0
Adam32	287	240	219	91	115	139
Adam33	9	6	5	9	14	16
Adam34	0	1	0	0	0	0
Adam39	0	0	0	0	0	0
Adam4	46	53	60	33	47	43
Adam5	83	60	38	26	29	24
Adam6a	0	0	0	0	0	0
Adam6b	0	0	0	0	0	0
Adam7	7	3	4	0	2	0
Adam8	185	167	119	111	153	120
Adam9	5086	4970	3696	3471	3759	4014
Adamdec1	3	3	3	1	0	3
Adamts1	950	1021	663	609	568	670
Adamts10	687	654	463	361	435	418
Adamts12	62	45	39	26	47	34
Adamts13	41	41	20	635	1642	757
Adamts14	2	2	0	0	2	4
Adamts15	146	121	92	87	103	116
Adamts16	81	92	67	71	70	88
Adamts17	48	46	37	39	69	64
Adamts18	321	323	203	148	188	156
Adamts19	21	18	23	3	5	5
Adamts2	68	50	36	33	32	31
Adamts20	51	55	46	35	39	45
Adamts3	2057	2123	1632	1091	1285	1325
Adamts4	95	81	51	28	14	15
Adamts5	2179	2023	1412	1554	1799	1956
Adamts6	182	184	148	102	85	113
Adamts7	27	61	28	40	49	55
Adamts8	15	19	21	15	15	25
Adamts9	80	83	67	46	42	57
Adamtsl1	870	744	567	420	476	469
Adamtsl2	284	254	202	213	217	249
Adamtsl3	53	57	47	43	45	53
Adamtsl4	172	155	141	158	147	138
Adamtsl5	337	289	236	231	290	251
Adap1	685	671	490	410	456	511
Adap2	44	46	41	36	32	28
Adap2os	11	12	15	6	7	8
Adar	4610	4170	3366	2788	3051	3365
Adarb1	10030	9544	6939	6932	7529	8473
Adarb2	666	544	485	376	485	515
Adat1	336	330	273	219	295	276
Adat2	211	196	163	228	233	283
Adat3	603	622	453	458	476	482
Adck1	650	573	465	573	634	755
Adck2	944	855	678	729	720	787
Adck5	677	635	455	433	543	529
Adcy1	23210	22556	18151	15344	17432	18612
Adcy10	27	37	20	9	13	23
Adcy2	2848	2739	2020	1709	1948	2167
Adcy3	540	542	381	336	365	401
Adcy4	33	28	32	12	21	18
Adcy5	1960	1807	1404	1254	1350	1473
Adcy6	7400	6861	5523	4390	4967	5088
Adcy7	175	205	152	181	199	221
Adcy8	946	831	647	597	675	766
Adcy9	813	745	531	538	609	655
Adcyap1	136	135	78	68	71	96
Adcyap1r1	358	341	289	177	239	240
Add1	14363	13432	10160	9701	10385	11428
Add2	5036	4574	3394	3429	3536	4130
Add3	9479	8840	6586	5631	6152	6988
Adgb	19	18	13	2	4	1
Adgra1	1244	1152	868	939	1038	1118
Adgra2	1180	1186	917	682	795	809
Adgra3	499	463	336	354	413	448
Adgrb1	2345	2318	1752	1594	1778	1917
Adgrb2	1646	1584	1195	1061	1168	1248
Adgrb3	3687	3285	2436	2062	2474	2692
Adgrd1	2	0	1	5	2	4
Adgrd2-ps	0	1	0	0	0	0
Adgre1	58	36	25	20	25	22
Adgre4	5	4	4	5	4	6
Adgre5	212	202	156	121	136	155
Adgrf1	7	24	26	8	11	13
Adgrf2	97	112	84	56	68	80
Adgrf3	24	13	13	17	37	23
Adgrf4	90	116	68	43	71	63
Adgrf5	578	553	418	291	336	368
Adgrg1	186	208	160	98	110	121
Adgrg2	39	45	33	16	27	21
Adgrg3	3	2	0	2	1	1
Adgrg4	1	0	0	0	0	0
Adgrg5	0	0	0	0	3	3
Adgrg6	100	137	66	184	245	226
Adgrg7	0	3	0	1	3	2
Adgrl1	6987	6451	5057	4838	5556	5669
Adgrl2	2018	1929	1376	1048	1309	1326
Adgrl3	3549	3371	2526	2032	2473	2675
Adgrl4	346	308	280	197	238	287
Adgrv1	17354	16441	13105	10181	12841	13054
Adh1	25	59	51	13	13	13
Adh4	0	0	1	3	1	1
Adh5	2930	2814	2052	2018	2112	2431
Adh6-ps1	0	0	0	0	0	0
Adh6a	3	29	6	1	0	1
Adh6b	46	41	35	4	4	4
Adh7	13	20	24	5	7	11
Adhfe1	204	172	130	85	119	125
Adi1	400	438	262	406	443	510
Adig	4	6	5	2	5	3
Adipoq	0	0	0	0	0	0
Adipor1	25815	23830	18803	17414	18960	21311
Adipor2	3642	3716	2830	2733	3023	3193
Adk	1226	1215	786	840	878	1042
Adm	20	15	15	7	8	12
Adm2	3	4	3	0	0	1
Adnp	4953	4704	3641	3198	3968	3876
Adnp2	2147	2202	1622	1517	1651	1835
Ado	2952	2821	1968	1994	2191	2403
Adora1	2271	2040	1575	1373	1402	1649
Adora2a	16	17	9	9	10	8
Adora2b	86	88	80	50	97	82
Adora3	7	3	3	7	11	3
Adpgk	1017	976	691	385	352	459
Adprh	2208	2114	1525	1572	1588	1844
Adprhl1	138	146	115	63	77	68
Adprhl2	1020	932	756	704	741	889
Adprm	530	593	383	385	422	494
Adra1a	74	75	38	31	36	51
Adra1b	94	88	75	57	47	71
Adra1d	123	134	93	127	136	157
Adra2a	517	485	409	316	300	366
Adra2b	60	76	47	35	38	30
Adra2c	278	293	235	211	250	231
Adrb1	884	899	685	646	730	785
Adrb2	88	81	62	51	64	56
Adrb3	11	4	5	1	0	2
Adrbk1	2450	2315	1837	1626	1831	2028
Adrbk2	1625	1652	1106	1036	1086	1183
Adrm1	1773	1680	1319	1140	1267	1448
Adsl	1707	1574	1300	1102	1253	1327
Adss	2095	1979	1378	1346	1492	1719
Adssl1	676	695	493	549	626	621
Adtrp	0	3	2	0	0	0
Aebp1	120	185	122	128	118	97
Aebp2	2070	2094	1497	1315	1534	1609
Aen	910	1024	711	596	635	667
Aes	7754	7347	5559	5306	5507	6061
Afap1	964	945	702	554	666	620
Afap1l1	422	421	299	283	284	305
Afap1l2	87	82	63	32	54	31
Aff1	6724	6089	4680	4362	4937	4964
Aff2	160	164	108	128	103	141
Aff3	1253	1186	912	827	920	943
Aff4	16449	14736	12101	10558	11870	12616
Afg3l1	1535	1574	1210	1162	1276	1347
Afg3l2	2175	2098	1532	1389	1570	1796
Afm	0	1	1	0	0	0
Afmid	99	103	73	62	74	67
Afp	2	1	0	1	0	0
Aftph	6209	5866	4466	4177	4746	5144
Aga	315	288	224	264	292	334
Agap1	9471	8876	7023	6199	7107	7531
Agap2	2369	2359	1798	1579	1712	1873
Agap3	2865	2778	2145	1774	1990	2194
Agbl1	10	5	2	5	2	3
Agbl2	25	24	8	8	10	5
Agbl3	889	873	622	597	677	732
Agbl4	70	53	35	47	51	45
Agbl5	2684	2698	2040	2039	2140	2464
Ager	94	89	86	52	59	75
Agfg1	4218	3999	3051	2655	3386	3262
Agfg2	565	524	414	391	435	488
Aggf1	5043	4604	3544	2831	3008	3180
Agk	725	686	498	512	515	613
Agl	1708	1673	1224	3174	3888	3722
Agmat	6	11	3	6	6	8
Agmo	77	67	47	50	39	40
Ago1	2789	2721	2064	1928	2123	2209
Ago2	3614	3511	2842	2427	2852	2746
Ago3	3659	3342	2676	2342	3014	2893
Ago4	1149	1064	846	898	953	1036
Agpat1	1817	1815	1318	1161	1313	1428
Agpat2	47	44	30	28	30	25
Agpat3	62427	60754	45883	38219	41483	44711
Agpat4	310	287	253	355	352	393
Agpat5	7170	6353	5071	4185	4815	5481
Agpat9	230	247	166	143	172	173
Agps	3325	3059	2211	2374	2678	2875
Agr2	83	79	51	4	3	1
Agr3	0	2	0	1	0	0
Agrn	3409	3131	2539	1622	1828	1726
Agrp	247	218	152	182	230	204
Agt	308	248	200	103	137	156
Agtpbp1	20007	18883	13267	12637	14061	15485
Agtr1a	7	6	0	4	10	4
Agtr1b	0	0	0	0	0	1
Agtr2	26	32	20	27	18	19
Agtrap	2703	2527	1970	1130	1249	1362
Agxt	0	0	0	0	1	0
Agxt2	0	1	2	0	0	0
Ahctf1	5210	4889	3756	3423	4170	4080
Ahcy	1612	1636	1192	1212	1289	1515
Ahcyl1	9859	10316	6886	6876	7853	7932
Ahcyl2	3580	3371	2436	2268	2544	2841
Ahdc1	1344	1271	1037	1253	1398	1453
Ahi1	10164	9206	7099	6704	7693	8067
Ahnak	3215	3077	2848	1665	1650	1767
Ahnak2	731	930	673	463	526	532
Ahr	2551	2211	1670	1628	1878	2003
Ahrr	2239	2276	1601	1162	1373	1373
Ahsa1	2750	2802	2040	1733	1811	2147
Ahsa2	3118	2994	2245	2501	2840	3024
Ahsg	0	0	0	1	0	0
Aicda	0	1	0	0	0	1
Aida	1729	1745	1192	1136	1272	1365
Aif1	24	25	26	17	29	24
Aif1l	590	608	447	548	539	690
Aifm1	1137	1210	818	862	983	1017
Aifm2	711	683	527	421	503	518
Aifm3	221	244	184	128	181	164
Aig1	1889	1742	1265	1107	1236	1420
Aim1	107	69	90	59	94	74
Aim1l	8	14	15	8	15	7
Aim2	88	91	75	24	44	27
Aimp1	1440	1432	1039	999	1169	1277
Aimp2	394	479	288	301	330	332
Aip	1648	1569	1139	1148	1228	1311
Aipl1	28932	28338	21468	19282	21200	24371
Aire	20	21	17	21	25	17
Airn	175	168	146	115	148	142
Ajap1	323	257	195	208	229	244
Ajuba	269	286	194	141	145	157
Ak1	2754	2591	1853	1885	1935	2331
Ak2	885	865	620	642	715	786
Ak3	2369	2279	1802	1531	1733	1745
Ak4	3081	2653	1795	1353	1700	2402
Ak5	276	317	206	212	254	281
Ak6	2791	2623	1835	1716	1834	2137
Ak7	20	13	11	10	7	10
Ak8	9	8	14	10	6	19
Ak9	8	8	4	6	15	16
Akain1	674	630	452	406	427	448
Akap1	2715	2705	1921	2069	2280	2510
Akap10	2860	2670	2152	2151	2474	2696
Akap11	16327	13945	11100	10963	12569	13101
Akap12	2599	2412	1877	1607	1828	1928
Akap13	2639	2493	2038	1968	2227	2201
Akap14	37	30	20	22	33	33
Akap17b	1698	1651	1223	1218	1333	1361
Akap2	193	239	143	111	115	116
Akap3	2	4	8	2	2	1
Akap4	0	0	0	0	0	0
Akap5	404	357	269	281	336	353
Akap6	5877	5491	4064	2592	3125	3219
Akap7	2924	2695	2007	1669	2047	2170
Akap8	5340	5435	3989	3942	4658	4726
Akap8l	3294	3322	2572	2650	3031	2998
Akap9	7556	7294	5682	4898	6385	5968
Akip1	105	101	83	73	70	111
Akirin1	1654	1637	1301	1224	1228	1431
Akirin2	2470	2216	1702	1066	1153	1219
Akna	1353	1301	1225	1158	1388	1359
Aknad1	0	1	0	0	0	0
Aknaos	63	76	35	52	59	65
Akp-ps1	9	7	2	3	1	8
Akp3	1	0	0	0	0	0
Akr1a1	6814	6387	4740	4219	4532	5064
Akr1b10	126	112	96	69	78	99
Akr1b3	1073	1014	814	651	694	794
Akr1b7	6	19	13	6	12	16
Akr1b8	34	32	13	9	9	5
Akr1c12	1	0	1	3	2	1
Akr1c13	16	20	12	10	14	10
Akr1c14	42	39	34	7	4	4
Akr1c18	1	0	1	2	0	0
Akr1c19	0	0	2	0	0	0
Akr1c20	0	2	0	1	1	1
Akr1c21	26	37	31	21	30	15
Akr1c6	0	0	0	0	0	0
Akr1cl	0	0	0	0	0	0
Akr1d1	0	0	0	0	0	0
Akr1e1	2991	2935	2092	2263	2585	2701
Akr7a5	443	480	324	301	317	425
Akt1	3160	3107	2213	2269	2423	2756
Akt1s1	671	698	473	544	553	667
Akt2	2029	1950	1459	1544	1712	1809
Akt3	12523	12185	8557	7525	8084	8951
Aktip	6714	6701	4847	3971	4334	4867
Alad	483	487	405	971	1077	1056
Alas1	1174	1140	899	971	1043	1209
Alas2	125	142	118	117	167	136
Alb	0	1	0	1	0	2
Alcam	1269	1099	769	780	958	1031
Aldh16a1	656	557	426	605	638	712
Aldh18a1	1027	933	685	460	546	571
Aldh1a1	3124	2974	2261	866	1009	1058
Aldh1a2	9	13	6	5	3	4
Aldh1a3	59	55	52	21	22	24
Aldh1a7	242	214	182	33	48	39
Aldh1b1	72	79	42	44	54	49
Aldh1l1	448	424	307	217	232	265
Aldh1l2	260	256	218	148	209	181
Aldh2	1360	1381	943	897	879	979
Aldh3a1	22	58	71	37	51	72
Aldh3a2	2313	2086	1619	1358	1513	1746
Aldh3b1	96	109	107	80	106	110
Aldh3b2	3	1	3	2	5	2
Aldh3b3	0	1	0	0	2	3
Aldh4a1	814	812	576	529	563	602
Aldh5a1	2165	2049	1485	1565	1665	1879
Aldh6a1	1544	1439	1045	994	1165	1213
Aldh7a1	1739	1942	1354	1057	1179	1266
Aldh8a1	7	17	7	1	5	6
Aldh9a1	1422	1319	1065	924	1006	1098
Aldoa	85741	78948	60794	55769	60717	73095
Aldoart1	189	157	110	111	130	124
Aldoart2	33	35	25	18	27	28
Aldob	25	14	22	16	21	15
Aldoc	19129	17476	13045	12756	13136	15639
Alg1	1324	1259	975	981	1110	1176
Alg10b	4423	4253	3106	2852	3234	3433
Alg11	4311	4167	2974	2732	3067	3441
Alg12	498	461	372	390	452	460
Alg13	179	166	129	121	132	140
Alg14	592	615	390	198	231	247
Alg2	2998	2875	2120	2138	2346	2403
Alg3	274	274	207	224	219	256
Alg5	477	468	318	298	363	400
Alg6	1057	1046	709	750	814	919
Alg8	119	119	95	99	145	158
Alg9	803	780	636	463	521	575
Alk	221	228	163	156	181	167
Alkbh1	1230	1199	919	835	944	1041
Alkbh2	176	150	123	147	170	144
Alkbh3	771	713	584	605	691	732
Alkbh3os1	106	100	83	69	84	77
Alkbh4	326	316	205	229	222	295
Alkbh5	6568	6166	4490	3797	4338	4941
Alkbh6	1270	1054	835	702	798	849
Alkbh7	937	878	672	580	674	715
Alkbh8	2000	1921	1354	1265	1555	1663
Allc	1	0	0	0	0	0
Alms1	7526	6782	5526	5115	5840	6307
Alms1-ps1-001	792	771	576	512	524	552
Alms1-ps2	912	766	634	532	560	601
Alox12	52	30	36	17	25	23
Alox12b	60	42	37	35	34	49
Alox12e	17	41	36	6	10	17
Alox15	4	3	4	1	2	1
Alox5	36	33	31	50	57	63
Alox5ap	258	265	184	131	139	144
Alox8	31	31	19	9	11	11
Aloxe3	73	73	48	114	122	134
Alpi	0	0	0	0	0	0
Alpk1	108	138	93	80	90	86
Alpk2	283	252	222	232	252	301
Alpk3	22	24	12	14	16	14
Alpl	7004	6707	5218	4099	4523	5068
Alppl2	0	0	0	0	0	0
Als2	4343	3886	3227	3103	3512	3626
Als2cl	48	60	43	26	17	30
Als2cr11	488	369	331	19	34	33
Als2cr12	1190	1036	732	787	835	968
Alx1	0	0	0	0	0	1
Alx3	0	0	0	0	0	0
Alx4	18	6	11	13	12	8
Alyref	2234	2243	1546	1528	1642	1885
Alyref2	428	399	304	246	375	362
Amacr	626	625	480	442	477	569
Ambn	8	10	4	2	8	4
Ambp	1	2	2	0	2	0
Ambra1	3113	2899	2280	1891	2181	2359
Amd1	12806	12056	8751	8612	9481	10622
Amd2	6233	5938	4298	4727	5236	5996
Amdhd1	2	0	2	0	0	0
Amdhd2	474	458	332	240	287	303
Amelx	0	0	3	1	2	0
Amer1	921	811	652	622	678	772
Amer2	4196	4019	3147	2945	3304	3450
Amer3	138	133	96	97	113	126
Amfr	10333	9550	7000	6987	7582	8482
Amh	139	138	122	96	125	131
Amhr2	28	34	23	10	22	23
Amica1	4	4	2	3	2	4
Amigo1	2714	2625	1950	1952	2136	2365
Amigo2	1840	1750	1245	1076	1267	1469
Amigo3	345	336	330	281	299	260
Ammecr1	2268	2043	1558	1491	1790	1871
Ammecr1l	984	1072	752	767	903	831
Amn	23	18	11	15	13	14
Amn1	740	730	522	534	545	632
Amot	315	332	211	195	199	221
Amotl1	1939	1815	1357	1293	1412	1467
Amotl2	2351	2282	1651	1457	1575	1609
Ampd1	1	0	0	0	0	1
Ampd2	2083	1962	1485	1384	1499	1586
Ampd3	348	361	225	246	268	286
Amph	9616	8847	6875	5914	6466	7332
Amt	1239	1179	943	842	949	951
Amtn	14	11	9	2	1	2
Amy1	6683	6179	4612	4115	4964	4984
Amy2-ps1-001	1	0	0	0	0	0
Amy2a1	72	66	49	38	59	72
Amy2a2	244	238	157	156	229	241
Amy2a3	188	184	126	121	177	190
Amy2a4	132	131	90	86	125	134
Amy2a5	72	76	50	50	69	74
Amy2b-001	1	2	0	1	0	2
Amz1	25	36	29	28	30	36
Amz2	4328	3971	3071	2702	3035	3290
Anapc1	7105	6575	5246	4523	5300	5685
Anapc10	1061	979	730	682	806	945
Anapc11	1616	1517	1138	1089	1139	1380
Anapc13	906	928	646	779	823	943
Anapc15	1215	1164	896	635	796	846
Anapc15-ps	4	3	4	4	2	4
Anapc16	3507	3443	2507	2338	2630	2886
Anapc2	895	881	609	620	744	771
Anapc4	3268	2874	2146	1951	2189	2475
Anapc5	3834	3726	2824	2848	3082	3260
Anapc7	1332	1414	1041	931	988	1090
Ang	43	30	23	16	7	8
Ang-ps1-001	0	0	0	0	0	0
Ang-ps2-001	0	0	0	0	0	0
Ang-ps3-001	0	0	0	0	0	0
Ang2	0	0	0	0	0	0
Ang4	0	0	0	1	1	0
Ang5	0	0	0	0	0	0
Ang6	0	0	0	0	0	0
Angel1	612	551	446	416	457	487
Angel2	3004	2888	2245	2115	2422	2552
Angpt1	107	92	70	120	117	118
Angpt2	106	116	111	111	115	111
Angpt4	20	19	25	10	15	20
Angptl1	69	68	71	48	68	63
Angptl2	222	272	206	101	129	104
Angptl3	29	29	33	25	38	30
Angptl4	42	28	24	19	21	16
Angptl6	451	417	294	302	310	365
Angptl7	25	23	29	22	27	12
Angptl8	1	3	2	1	0	1
Ank	2287	2253	1679	1467	1666	1809
Ank1	1812	1712	1306	1114	1240	1212
Ank2	22637	20849	16904	12152	15510	15034
Ank3	8326	8074	6465	4827	5833	5553
Ankar	0	3	1	1	3	1
Ankdd1a	33	35	18	17	20	17
Ankdd1b	451	416	345	280	353	329
Ankef1	232	208	125	147	148	169
Ankfy1	2983	2775	2169	2111	2365	2582
Ankhd1	7665	7186	5647	5102	5845	6085
Ankib1	5313	4888	3622	3372	3755	4076
Ankk1	26	23	42	28	15	18
Ankle1	10	7	10	2	7	8
Ankle2	3284	3293	2518	2355	2728	2848
Ankmy1	349	321	217	247	295	308
Ankmy2	2689	2281	1792	1712	1902	2131
Ankra2	1754	1701	1149	1179	1430	1550
Ankrd1	3	0	1	2	2	1
Ankrd10	1967	1981	1505	1445	1657	1659
Ankrd11	6102	5638	4373	3881	4529	4634
Ankrd12	17852	16404	12247	10505	11574	12675
Ankrd13a	1623	1602	1235	988	1044	1155
Ankrd13b	718	795	578	518	565	562
Ankrd13c	3310	3067	2225	2279	2479	2657
Ankrd13d	530	476	361	381	407	450
Ankrd16	699	659	508	491	538	536
Ankrd17	7337	7256	5635	4550	5431	5553
Ankrd2	19	16	13	10	13	15
Ankrd22	2	0	0	0	1	0
Ankrd23	390	416	298	305	350	350
Ankrd24	1849	1742	1381	1585	1787	1780
Ankrd26	1624	1597	1189	1273	1462	1534
Ankrd27	2388	2238	1780	1525	1766	1749
Ankrd28	2004	1940	1520	1273	1520	1509
Ankrd29	390	382	262	241	274	308
Ankrd31	93	71	54	75	56	92
Ankrd33	5786	5891	4606	4193	4428	4963
Ankrd33b	24135	22440	17504	15127	16533	18283
Ankrd34a	650	688	480	455	541	593
Ankrd34b	86	90	56	55	57	81
Ankrd34c	344	350	241	168	153	190
Ankrd35	108	106	97	91	97	107
Ankrd36	1	0	0	0	0	0
Ankrd37	1279	1115	728	792	878	1032
Ankrd39	610	588	471	438	523	505
Ankrd40	7639	7048	5353	4894	5198	5734
Ankrd42	1129	1038	842	910	979	1045
Ankrd44	826	913	655	609	713	735
Ankrd45	441	437	255	362	353	411
Ankrd46	3713	3389	2415	2472	2677	2873
Ankrd49	614	569	404	410	455	461
Ankrd50	2444	2263	1715	1426	1511	1672
Ankrd52	1188	1175	961	856	986	981
Ankrd53	95	103	86	69	77	92
Ankrd54	964	897	728	627	742	774
Ankrd55	404	426	307	240	251	279
Ankrd6	1533	1399	976	1058	1172	1353
Ankrd60	0	0	0	0	1	0
Ankrd61	164	171	121	106	126	141
Ankrd63	0	0	0	0	0	0
Ankrd65	0	1	1	2	0	2
Ankrd66	13	11	8	4	9	6
Ankrd7	5	5	3	4	8	4
Ankrd9	271	240	194	153	168	188
Anks1	3931	3723	2989	2876	3112	3400
Anks1b	3855	3539	2595	2476	2704	3186
Anks3	2083	2055	1614	1439	1673	1723
Anks4b	7	9	4	5	10	13
Anks6	168	144	111	96	144	142
Ankub1	1	2	4	2	0	1
Ankzf1	2437	2401	1844	1618	1945	2196
Anln	83	68	56	51	48	64
Ano1	140	123	115	64	57	65
Ano10	489	524	378	321	333	381
Ano2	8149	7668	6109	6183	6541	7493
Ano3	1194	1099	880	683	785	820
Ano4	736	669	510	418	462	518
Ano5	26	28	26	35	36	45
Ano6	531	559	412	358	421	464
Ano7	26	28	21	12	18	17
Ano8	1544	1489	1166	1117	1321	1367
Ano9	0	0	0	1	0	0
Anp32a	14705	14536	10694	10168	11278	12328
Anp32b	231	279	167	195	198	225
Anp32e	7556	8307	5340	5183	6145	6200
Anpep	4	9	10	8	1	3
Antxr1	624	627	460	356	429	374
Antxr2	899	944	648	1290	1529	1698
Antxrl	2	0	3	4	5	4
Anxa1	986	1061	769	51	56	39
Anxa10	0	0	0	0	0	0
Anxa11	101	117	87	46	63	68
Anxa11os	7	16	17	3	6	3
Anxa13	8	9	4	4	6	6
Anxa2	409	454	365	254	281	318
Anxa3	126	125	85	66	104	79
Anxa4	212	216	127	164	175	158
Anxa5	1620	1594	1067	944	1035	1098
Anxa6	1910	1663	1284	1060	1164	1191
Anxa7	2117	1972	1412	1290	1358	1593
Anxa8	10	13	16	5	13	15
Anxa9	109	99	82	77	72	79
Aoah	6	5	8	1	2	3
Aoc1	0	0	0	0	0	0
Aoc2	180	173	137	150	160	142
Aoc3	29	29	34	26	39	29
Aox1	73	86	61	38	48	41
Aox2	1	4	1	10	16	8
Aox3	3	15	16	1	5	5
Aox4	2	3	1	0	0	2
Ap1ar	1975	1906	1364	1276	1505	1505
Ap1b1	9582	8592	6829	6232	6960	7578
Ap1g1	4442	4243	3180	2820	3156	3314
Ap1g2	153	187	128	160	181	165
Ap1m1	1491	1500	1094	943	1019	1118
Ap1m2	1	6	4	5	3	7
Ap1s1	932	882	568	548	589	671
Ap1s2	1693	1532	1131	1120	1279	1335
Ap1s3	45	65	38	29	37	56
Ap2a1	4155	3880	3070	2631	2967	3149
Ap2a2	23599	21869	17335	15920	17074	19381
Ap2b1	7464	7029	5423	4881	5487	6018
Ap2m1	9454	9091	6715	6610	7175	7874
Ap2s1	1768	1699	1282	1203	1320	1399
Ap3b1	2081	1915	1482	1334	1448	1577
Ap3b2	4055	4107	2918	2877	3196	3538
Ap3d1	2876	2608	2144	1971	2270	2280
Ap3m1	2484	2545	1814	1811	2026	2135
Ap3m1-ps-201	223	269	167	139	183	182
Ap3m2	4353	4076	2911	2856	3189	3646
Ap3s1	1767	1632	1168	1298	1468	1600
Ap3s2	4941	4857	3549	3049	3393	3723
Ap4b1	1200	1175	887	817	1007	1018
Ap4e1	1464	1303	1054	825	889	1037
Ap4m1	1742	1577	1284	1223	1338	1289
Ap4s1	1745	1680	1255	1179	1216	1345
Ap5b1	180	168	129	106	115	114
Ap5m1	1830	1854	1335	1061	1165	1275
Ap5s1	570	551	429	384	383	443
Ap5z1	553	583	387	367	393	418
Apaf1	1187	1066	814	752	907	981
Apba1	4394	4259	3144	2544	2721	3002
Apba2	2017	1793	1433	1041	1099	1261
Apba3	1085	1140	823	785	793	902
Apbb1	8092	7113	5577	5171	5660	6161
Apbb1ip	7	6	3	5	10	3
Apbb2	2081	1994	1424	1269	1485	1566
Apc	12315	11310	9253	7751	9458	9422
Apc2	2738	2503	2053	1762	2085	2077
Apcdd1	516	510	420	357	416	458
Apcs	0	0	0	0	0	0
Apeh	2671	2730	2021	1758	1897	2148
Apela	257	250	171	393	432	437
Apex1	996	898	596	605	761	772
Apex2	778	808	665	557	787	664
Aph1a	2599	2314	1731	1741	1783	1983
Aph1b	1544	1345	972	957	991	1159
Aph1c	290	298	229	198	206	248
Api5	7544	7043	5194	4881	5237	5904
Apip	439	427	330	268	304	334
Apitd1	112	96	52	56	67	71
Aplf	393	333	304	305	318	367
Apln	44	61	34	46	64	81
Aplnr	0	0	3	5	4	4
Aplp1	5250	4754	3473	3485	3487	4007
Aplp2	31817	29915	22458	20622	22455	25517
Apmap	2069	1941	1331	1346	1475	1730
Apoa1	7	3	4	7	9	12
Apoa1bp	1634	1493	1220	1060	1187	1286
Apoa2	22	23	22	2	0	1
Apoa4	0	0	0	0	0	0
Apoa5	1	2	2	0	3	1
Apob	3	6	1	3	2	2
Apobec1	73	53	33	27	38	45
Apobec2	237	191	145	144	140	186
Apobec3	49	64	53	31	40	43
Apobec4	16	26	17	8	15	11
Apobr	14	7	11	6	2	7
Apoc1	29	24	21	15	12	18
Apoc2	0	0	1	3	0	1
Apoc3	1	0	4	0	2	3
Apoc4	0	0	0	0	0	1
Apod	35	28	18	36	28	9
Apoe	19457	20522	14619	9684	9698	10709
Apof	1	2	2	3	4	4
Apoh	147	138	136	91	102	126
Apol10a	1	2	0	5	1	0
Apol10b	3	2	1	3	0	3
Apol11a	1	0	0	1	0	0
Apol11b	0	0	0	2	0	0
Apol6	4	7	5	5	5	3
Apol7a	4	5	3	2	4	8
Apol7b	1	1	0	3	1	1
Apol7c	1	0	0	0	1	0
Apol7d	18	21	18	14	15	16
Apol7e	2	3	2	5	1	1
Apol8	105	106	82	78	97	85
Apol9a	4	10	7	3	4	5
Apol9b	7	7	9	2	1	3
Apold1	160	188	118	98	131	120
Apom	11	20	6	19	19	25
Apon	0	2	0	3	0	0
Apoo	1434	1256	951	932	990	1101
Apoo-ps	424	341	269	248	267	291
Apool	502	450	357	368	389	445
Apopt1	855	850	640	896	1023	1059
App	11748	11501	8236	6371	6670	7295
Appbp2	5866	5354	3996	4036	4521	4935
Appbp2os	47	50	31	14	14	20
Appbp2os-201	72	64	49	43	45	35
Appl1	5688	5670	4006	4033	4661	4918
Appl2	4666	4434	3466	3326	3725	3871
Aprt	359	374	265	263	278	319
Aptx	1417	1475	1070	1006	1221	1295
Aqp1	5032	4436	3713	3162	3484	3912
Aqp10-ps-001	6	4	5	1	6	6
Aqp11	385	384	223	125	161	156
Aqp12	1	4	3	1	6	0
Aqp2	17	16	9	10	11	6
Aqp3	1	3	17	1	4	26
Aqp4	7783	6955	4426	5282	5234	5987
Aqp5	68	50	49	43	68	63
Aqp6	44	37	19	16	21	15
Aqp7	5	0	1	3	2	2
Aqp8	0	3	0	1	0	0
Aqp9	25	28	14	27	20	18
Aqr	3559	3531	2609	2192	2604	2639
Ar	111	118	73	73	76	81
Araf	7358	7005	5175	5760	6714	6703
Arap1	1300	1168	1000	740	886	890
Arap2	936	840	605	533	594	582
Arap3	64	78	56	39	49	52
Arc	68	79	44	20	20	19
Arcn1	6726	6768	4842	4560	5240	5754
Areg	23	15	19	25	19	24
Arel1	2806	2846	1975	1764	1982	2086
Arf1	10880	10119	7371	7002	7489	8602
Arf2	2465	2355	1773	1607	1769	2052
Arf3	3826	3590	2636	2460	2614	2816
Arf4	2357	2314	1632	1348	1436	1650
Arf4os	121	136	80	99	103	100
Arf5	2068	1901	1351	1283	1386	1499
Arf6	3472	3363	2364	2265	2335	2674
Arfgap1	3231	2915	2284	2140	2421	2546
Arfgap2	4214	4115	3092	3015	3369	3840
Arfgap3	605	578	407	344	437	449
Arfgef1	13134	12386	9647	7687	8494	8468
Arfgef2	3479	3152	2593	1944	2393	2358
Arfgef3	2169	2022	1746	1157	1436	1440
Arfip1	2218	2109	1473	1478	1619	1870
Arfip2	3129	2874	2148	2104	2174	2403
Arfrp1	982	1059	722	737	785	873
Arg1	43	42	37	19	31	25
Arg2	974	940	721	776	744	859
Arglu1	4349	4584	3224	3177	3650	3686
Arhgap1	1573	1494	1119	1017	1083	1227
Arhgap10	5886	5472	4288	2843	3046	3548
Arhgap11a	12	19	13	11	10	8
Arhgap12	6020	5488	4171	3748	4048	4537
Arhgap15	379	427	284	234	275	346
Arhgap15os	25	36	24	21	20	25
Arhgap17	303	333	261	214	257	256
Arhgap18	476	463	285	260	227	239
Arhgap19	265	281	228	201	227	240
Arhgap20	1630	1524	1003	1179	1221	1320
Arhgap20os	62	53	35	48	51	39
Arhgap21	3658	3516	2657	2200	2482	2634
Arhgap22	63	65	38	58	63	70
Arhgap23	1818	1614	1274	1083	1209	1284
Arhgap24	3943	3798	2690	2884	3216	3396
Arhgap25	11	15	8	8	4	11
Arhgap26	4268	4064	3112	2776	3210	3243
Arhgap27	195	197	125	163	174	182
Arhgap27os1	27	35	28	20	21	25
Arhgap27os2	12	32	12	17	19	30
Arhgap27os3	4	4	0	1	3	1
Arhgap28	396	339	256	256	274	237
Arhgap29	741	804	596	491	500	560
Arhgap30	16	21	13	14	16	13
Arhgap31	1393	1327	1024	431	510	475
Arhgap32	7818	7146	5656	4956	5638	5816
Arhgap33	348	297	249	310	367	351
Arhgap33os	8	9	3	9	6	8
Arhgap35	7443	6897	5545	4738	5161	5622
Arhgap36	9	2	5	9	7	7
Arhgap39	1570	1493	1264	1061	1207	1325
Arhgap4	78	102	77	114	137	116
Arhgap40	13	4	6	2	2	2
Arhgap42	293	308	224	120	145	180
Arhgap44	3155	2872	2259	2008	2174	2435
Arhgap5	36094	32557	23487	17806	19405	22380
Arhgap6	152	166	115	86	71	100
Arhgap8	3	2	3	1	2	6
Arhgap9	5	4	2	3	0	4
Arhgdia	1699	1668	1174	1135	1080	1161
Arhgdib	140	133	113	37	36	41
Arhgdig	173	145	112	96	122	141
Arhgef1	732	728	556	575	670	611
Arhgef10	547	515	363	330	401	347
Arhgef10l	1940	1912	1298	1210	1303	1361
Arhgef11	4761	4386	3474	3336	3685	3770
Arhgef12	9464	8736	6831	5790	6879	7076
Arhgef15	682	568	405	549	631	692
Arhgef16	72	63	39	63	83	61
Arhgef17	4913	4590	3383	3217	3394	3833
Arhgef18	2243	1951	1573	1439	1722	1755
Arhgef19	220	233	171	135	143	154
Arhgef2	2946	2712	2168	1906	2356	2360
Arhgef25	2338	2132	1628	1654	1804	1961
Arhgef26	4317	4558	3347	2485	2797	3024
Arhgef28	396	313	248	165	205	217
Arhgef3	291	320	215	167	220	206
Arhgef33	244	234	163	169	215	199
Arhgef37	156	139	105	125	134	165
Arhgef38	9	17	8	4	13	6
Arhgef39	120	141	101	101	102	102
Arhgef4	2167	2080	1535	1523	1656	1863
Arhgef40	1020	913	670	741	923	910
Arhgef5	153	171	122	87	79	94
Arhgef6	283	263	199	197	194	223
Arhgef7	1855	1928	1450	1210	1279	1454
Arhgef9	6315	6332	4506	4166	4605	4969
Arid1a	2677	2514	2113	1642	1983	1862
Arid1b	2251	2365	1641	1488	1636	1724
Arid2	5036	4313	3505	3208	3674	3882
Arid3a	780	660	537	611	675	750
Arid3b	1573	1493	1224	1059	1193	1226
Arid3c	12	15	9	18	13	20
Arid4a	2219	2149	1608	1555	1848	1850
Arid4b	4308	4020	2948	3033	3518	3638
Arid5a	272	286	207	190	206	181
Arid5b	1019	1040	773	651	737	748
Arih1	8382	7302	5558	5154	5599	6290
Arih2	4069	3937	2970	2874	3125	3549
Arl1	5918	5585	3958	3706	4170	4878
Arl10	273	269	217	235	237	237
Arl11	4	7	3	2	4	2
Arl13a	66	59	39	13	18	10
Arl13b	5007	4498	3443	3455	3790	4165
Arl14	0	0	0	0	0	0
Arl14ep	3016	2974	2036	1917	2210	2398
Arl14epl	1	0	0	0	1	0
Arl15	1056	961	619	793	1017	1040
Arl16	346	320	232	190	245	225
Arl2	1016	925	662	723	743	795
Arl2bp	4120	4036	2727	3086	3137	3692
Arl3	4218	4299	3110	2229	2444	2687
Arl4a	2436	2281	1607	1369	1588	1693
Arl4aos	41	50	44	16	24	38
Arl4c	1313	1282	863	1013	1116	1286
Arl4d	5550	5104	4254	3531	3915	4585
Arl5a	5713	5277	3830	3344	3602	4052
Arl5b	2654	2627	2026	1787	1981	2059
Arl5c	204	166	121	127	137	169
Arl6	7847	7537	5445	5505	5892	6662
Arl6ip1	7616	7427	5359	2403	2842	3121
Arl6ip4	1016	970	728	703	796	831
Arl6ip5	2599	2444	1830	1637	1951	2145
Arl6ip6	941	920	643	707	778	869
Arl8a	1785	1639	1124	1147	1227	1424
Arl8b	4437	4155	2993	2492	2765	3111
Arl9	17	17	12	12	10	11
Armc1	3099	3041	2237	2110	2266	2555
Armc10	983	1050	782	737	733	867
Armc12	0	0	0	0	0	0
Armc2	152	129	93	105	91	111
Armc3	1	1	1	4	1	0
Armc4	8	6	1	3	3	6
Armc5	769	815	635	627	616	690
Armc6	639	635	509	582	603	659
Armc7	394	355	268	276	244	265
Armc8	4511	4261	3225	2849	3235	3377
Armc9	1574	1672	1256	1241	1449	1621
Armcx1	2327	2214	1517	1319	1515	1500
Armcx2	2516	2537	1791	1622	1779	2025
Armcx3	3931	3712	2745	2434	2723	2964
Armcx4	1402	1288	996	885	1062	968
Armcx5	1260	1160	874	758	969	996
Armcx6	385	332	270	301	341	373
Armt1	999	940	726	700	693	799
Arnt	1238	1251	1008	832	1069	1012
Arnt2	779	670	539	332	375	415
Arntl	4446	3811	2877	3112	3404	3751
Arntl2	110	90	85	44	47	35
Arpc1a	2128	1936	1501	1306	1468	1605
Arpc1b	581	584	406	376	429	418
Arpc2	2551	2601	1841	1750	1918	2110
Arpc3	1520	1450	1078	986	1076	1277
Arpc4	2743	2669	1967	1761	1935	2238
Arpc5	1552	1498	1014	881	883	1038
Arpc5l	1288	1210	882	807	847	939
Arpin	1502	1329	982	1029	1167	1218
Arpp19	3060	2927	2100	2024	2238	2465
Arpp21	330	282	233	192	232	230
Arr3	8934	9322	7218	4953	5999	5847
Arrb1	6098	5684	4364	3840	4159	4584
Arrb2	942	823	673	643	627	682
Arrdc1	171	153	120	130	167	177
Arrdc2	457	566	394	273	290	302
Arrdc3	7507	4963	3846	3305	4706	5963
Arrdc4	298	310	248	225	254	305
Arrdc5	1	2	0	0	2	2
Arsa	690	639	469	648	680	856
Arsb	766	867	585	421	449	462
Arsg	1733	1601	1226	1013	1173	1327
Arsi	149	119	84	89	67	111
Arsj	15	18	8	8	5	8
Arsk	306	321	236	225	265	250
Art1	1	1	1	0	1	0
Art2b	0	0	0	0	0	0
Art3	41	36	25	28	28	34
Art4	1	1	0	4	6	4
Art5	4	3	3	2	4	3
Artn	17	22	17	13	23	32
Arv1	391	400	284	253	361	315
Arvcf	1835	1722	1287	1370	1468	1639
Arx	0	0	0	0	0	0
Arxes1	1250	1237	834	730	856	950
Arxes2	2661	2465	1812	1699	1961	2228
As3mt	1960	1998	1468	1151	1189	1376
Asah1	3008	2851	2074	2088	2203	2507
Asah2	392	409	263	162	203	230
Asap1	2027	2249	1644	1264	1496	1466
Asap2	1904	1801	1445	1261	1415	1461
Asap3	420	384	329	1221	1513	1482
Asb1	1510	1395	997	889	869	970
Asb10	0	3	2	2	2	3
Asb11	2	5	7	4	12	6
Asb12	7	2	1	1	0	1
Asb13	1660	1570	1209	1133	1260	1384
Asb14	27	37	15	23	30	20
Asb15	12	9	3	14	7	15
Asb16	42	29	31	28	32	29
Asb17	1	0	0	0	0	4
Asb17os	0	0	0	0	2	0
Asb18	15	13	11	14	11	13
Asb2	247	236	166	137	171	185
Asb3	1368	1203	952	904	1066	1113
Asb4	3	1	0	1	3	5
Asb5	32	39	34	16	18	23
Asb6	803	844	657	629	603	637
Asb7	1728	1650	1215	1102	1207	1305
Asb8	1174	1080	778	746	807	821
Asb9	0	0	0	0	0	0
Ascc1	1263	1220	941	840	900	1046
Ascc2	950	989	715	628	726	699
Ascc3	2737	2790	2077	1816	2188	2303
Ascl1	42	34	25	29	31	23
Ascl2	3	0	1	0	1	1
Ascl3	7	3	3	5	2	9
Ascl4	30	50	28	41	38	46
Ascl5	0	1	0	8	6	3
Asf1a	1702	1542	1119	1136	1240	1347
Asf1b	150	148	118	53	56	87
Asgr1	10	12	15	30	24	24
Asgr2	0	0	0	0	0	0
Ash1l	12909	12043	9323	8064	9580	9765
Ash2l	2023	2038	1534	1500	1632	1670
Asic1	716	635	462	495	502	612
Asic2	947	984	713	659	785	814
Asic3	847	859	667	476	576	584
Asic4	2809	2594	1967	1869	1913	2426
Asic5	2	0	1	1	0	0
Asl	873	843	631	598	668	721
Asmt	0	0	2	0	3	1
Asna1	2237	2123	1609	1572	1616	1769
Asns	1823	1752	1239	674	787	912
Asnsd1	1125	1129	819	789	895	960
Aspa	15	20	15	18	34	33
Aspdh	57	70	43	60	88	75
Aspg	4	4	2	16	22	25
Asph	7564	7146	4836	4716	5012	5748
Asphd1	399	368	273	251	301	285
Asphd2	827	822	530	441	449	510
Aspm	58	88	47	41	50	50
Aspn	53	64	39	30	46	49
Asprv1	134	235	234	98	179	178
Aspscr1	682	698	507	526	584	651
Asrgl1	4526	4400	3081	2767	3202	3416
Ass1	1417	1379	1035	1050	1080	1343
Aste1	398	390	296	238	263	244
Astl	0	0	0	0	2	0
Astn1	1905	1849	1504	1464	1790	1956
Astn2	609	545	424	347	386	414
Asun	2994	2976	2215	2789	3190	3283
Asxl1	1797	1792	1346	1174	1361	1384
Asxl2	2687	2715	2105	1938	2278	2231
Asxl3	213	232	158	138	154	151
Asz1	0	0	0	0	0	0
Atad1	7635	6956	5134	4823	5385	6021
Atad2	304	249	167	214	244	258
Atad2b	5654	5279	4171	3511	4258	4425
Atad3a	1310	1267	913	927	1053	1085
Atad3aos	186	151	136	92	102	105
Atad5	1024	996	705	686	833	889
Atat1	392	454	316	326	380	373
Atcay	3229	2940	2129	2140	2233	2556
Atcayos	373	328	251	268	233	254
Ate1	7702	7137	5217	4934	5781	6250
Atf1	607	673	449	453	546	550
Atf2	4544	4355	3268	3015	3449	3885
Atf3	254	269	247	134	167	171
Atf4	9125	9247	6898	5843	5938	6593
Atf5	541	594	416	441	489	524
Atf6	5241	4805	3689	3518	4075	4223
Atf6b	1741	1669	1231	1262	1325	1448
Atf7	1172	1229	984	1029	1079	1149
Atf7ip	6142	5883	4719	4376	5271	5447
Atf7ip2	0	2	0	19	18	22
Atg10	443	436	298	250	273	247
Atg101	666	670	510	414	421	458
Atg12	3300	3209	2397	2341	2544	2738
Atg13	1842	1896	1413	1266	1486	1613
Atg14	1162	1257	825	698	792	899
Atg16l1	2502	2431	1903	2221	2573	2587
Atg16l2	585	613	558	513	611	569
Atg2a	1362	1344	1103	977	1066	1119
Atg2b	4995	4457	3593	3139	3495	3786
Atg3	1444	1448	1151	822	899	970
Atg4a	550	452	357	335	394	445
Atg4a-ps	50	32	31	35	28	39
Atg4b	2707	2638	2025	1755	1963	2155
Atg4c	2830	2886	2076	2087	2359	2640
Atg4d	1798	1741	1362	1265	1373	1474
Atg5	1343	1173	875	819	892	1107
Atg7	1150	1035	783	674	840	910
Atg9a	2087	2016	1639	1513	1700	1820
Atg9b	169	152	107	553	555	678
Athl1	233	195	160	144	153	164
Atic	863	737	566	524	537	603
Atl1	1752	1578	1106	1044	1093	1303
Atl2	2758	2440	1890	1790	2066	2252
Atl3	1520	1447	1046	1042	1235	1246
Atm	2122	1948	1457	1301	1497	1618
Atmin	1383	1445	1042	948	1050	1187
Atn1	605	673	511	467	552	543
Atoh1	0	0	0	0	0	0
Atoh7	6	4	7	6	7	8
Atoh8	11	19	11	12	16	17
Atox1	692	634	562	481	486	562
Atp10a	197	160	139	82	96	96
Atp10b	14	8	6	4	6	14
Atp10d	81	96	67	44	26	44
Atp11a	12159	11827	9368	8315	9396	9671
Atp11b	11710	11618	8078	7953	9064	9420
Atp11c	1388	1371	959	765	1003	1067
Atp12a	0	1	0	3	2	10
Atp13a1	1785	1690	1348	1225	1313	1438
Atp13a2	3863	3592	2815	2734	2863	3214
Atp13a3	5985	5649	4204	3689	4136	4360
Atp13a4	7	5	6	17	20	13
Atp13a5	56	34	26	34	27	25
Atp1a1	12695	11969	8952	9200	10076	11094
Atp1a2	4951	4886	3711	1701	1652	1683
Atp1a3	23933	24282	18622	15336	17728	17722
Atp1a4	2	4	7	5	13	13
Atp1b1	12143	11894	8223	7110	8016	8775
Atp1b2	10699	11470	8723	9001	9785	10298
Atp1b3	3005	3148	2115	1511	1532	1719
Atp1b4	0	1	1	0	1	0
Atp2a1	88	87	72	64	105	89
Atp2a2	14251	13515	10019	9254	10357	11160
Atp2a3	140	122	113	54	50	49
Atp2b1	16645	15827	11852	10436	12410	12756
Atp2b2	6129	5591	4143	3486	3908	4092
Atp2b3	939	958	704	646	716	723
Atp2b4	1532	1383	1080	900	1020	1068
Atp2c1	13316	12408	9325	7865	8575	9260
Atp2c2	16	20	13	13	25	17
Atp4a	45	25	16	15	22	19
Atp4b	7	4	4	8	1	3
Atp5a1	29826	27442	21475	20180	20771	24634
Atp5b	55600	51154	38981	35603	37256	42962
Atp5c1	8046	7599	5530	5523	6111	7071
Atp5d	2252	2225	1694	1591	1819	1849
Atp5e	2686	2724	1992	1895	2086	2220
Atp5f1	9822	9020	6692	6498	7081	7947
Atp5g1	3000	2953	2150	2390	2604	2825
Atp5g2	3126	3085	2213	2467	2802	3092
Atp5g3	5931	5624	4194	4053	4329	4923
Atp5h	5923	5628	4252	3953	4127	4664
Atp5j	1826	1816	1300	1199	1344	1373
Atp5j2	3769	3706	2870	2595	2794	3139
Atp5k	3926	3704	2962	2613	2900	3144
Atp5l	4077	4180	3063	2847	3044	3358
Atp5o	4115	3919	2983	2784	2998	3386
Atp5s	460	426	327	293	402	414
Atp5sl	1279	1287	923	1042	1121	1190
Atp6ap1	4484	4477	3040	2866	3127	3443
Atp6ap1l	78	69	44	40	48	53
Atp6ap2	10923	10217	7349	6927	7369	8693
Atp6v0a1	9561	9166	7107	6887	7676	8129
Atp6v0a2	1770	1754	1333	1231	1398	1444
Atp6v0a4	85	98	71	59	59	64
Atp6v0b	6365	6272	4601	4718	5043	5645
Atp6v0c	8676	8537	6111	3734	4026	4405
Atp6v0d1	4698	4490	3428	3138	3338	3805
Atp6v0d2	1	0	0	0	0	0
Atp6v0e	566	527	405	392	423	461
Atp6v0e2	11674	10903	8337	9325	9747	10987
Atp6v1a	19567	18053	13142	12384	13192	15025
Atp6v1b1	6	7	12	12	7	6
Atp6v1b2	16774	16774	11935	9986	11172	12488
Atp6v1c1	7027	6434	4697	4414	4743	5357
Atp6v1c2	63	51	28	41	39	60
Atp6v1d	4134	3858	2902	2897	2979	3385
Atp6v1e1	8492	7772	5667	5870	6263	7307
Atp6v1e2	4	0	2	1	1	1
Atp6v1f	1851	1902	1410	1345	1409	1575
Atp6v1g1	5957	5447	3991	4805	5140	5983
Atp6v1g2	1353	1424	873	1092	1140	1239
Atp6v1g3	0	0	0	0	0	0
Atp6v1h	5986	5515	4015	3317	3751	4148
Atp7a	1161	963	824	700	831	889
Atp7b	1008	952	748	501	596	638
Atp8a1	4130	3755	3072	2740	3237	3174
Atp8a2	5894	5680	4530	3600	4170	4348
Atp8b1	15	15	10	15	11	8
Atp8b2	1120	1067	794	834	1059	1032
Atp8b3	29	21	12	31	25	24
Atp8b4	0	1	0	4	2	5
Atp8b5	106	90	76	55	65	75
Atp9a	6242	6088	4379	4066	4560	5227
Atp9b	2176	2234	1546	1438	1567	1785
Atpaf1	834	875	607	643	724	761
Atpaf2	801	765	578	525	566	653
Atpif1	2181	2055	1408	1474	1540	1646
Atr	3111	2804	2196	1888	2258	2497
Atraid	2148	2087	1568	1467	1617	1836
Atrip	1298	1331	1054	1104	1282	1256
Atrn	7295	6496	5180	4446	4990	5431
Atrnl1	7738	7550	5901	6816	7244	8073
Atrx	11164	10185	7817	6979	8473	8382
Atxn1	10345	9383	7547	6365	7038	7218
Atxn10	5330	4898	3562	3208	3530	3992
Atxn1l	3065	2993	2274	2167	2457	2497
Atxn2	1649	1755	1387	1234	1437	1392
Atxn2l	3241	3134	2455	2175	2564	2411
Atxn3	1711	1690	1217	1128	1308	1400
Atxn7	2648	2321	1820	1281	1558	1582
Atxn7l1	459	379	302	289	334	347
Atxn7l1os1	6	8	12	9	8	10
Atxn7l2	283	328	234	254	312	288
Atxn7l3	3461	3118	2420	2354	2442	2786
Atxn7l3b	10365	9955	6737	7379	7928	9000
Auh	2103	1935	1472	1440	1661	1863
Aunip	6	8	8	6	10	9
Aup1	1984	1994	1611	1462	1560	1734
Aurka	92	102	74	67	68	67
Aurkaip1	1686	1530	1130	1185	1202	1355
Aurkb	1	1	2	1	1	0
Aurkc	4	2	3	1	0	4
Auts2	1036	1109	844	793	883	875
Aven	529	501	416	370	339	420
Avil	75	93	65	42	41	47
Avl9	5136	4896	3598	3521	3837	4231
Avp	1	1	0	0	0	0
Avpi1	470	465	335	239	267	292
Avpr1a	0	2	3	5	2	2
Avpr1b	0	0	0	0	0	0
Avpr2	20	24	23	31	31	35
Awat1	1	2	0	0	0	0
Awat2	49	69	39	42	47	38
Axdnd1	14	8	11	6	3	5
Axin1	1624	1555	1129	1194	1293	1417
Axin2	1297	1304	963	1104	1114	1189
Axl	612	592	451	381	428	451
Aym1	0	0	0	0	0	0
Azgp1	0	0	0	0	0	0
Azi2	4353	3983	2967	3272	3672	4056
Azin1	14109	12997	9395	9117	10133	11319
Azin2	849	781	593	602	633	724
B020004C17Rik	1	1	0	0	0	0
B020004J07Rik	0	0	1	0	0	0
B020011L13Rik	0	0	0	0	0	0
B020031M17Rik	0	0	0	0	0	0
B130006D01Rik	86	87	79	65	100	107
B130021K23Rik	40	50	38	41	41	35
B230104I21Rik	2	2	0	1	1	0
B230110G15Rik	3	3	1	0	0	0
B230112G18Rik	12	9	5	5	9	5
B230112I24Rik	20	21	16	9	13	10
B230118H07Rik	1534	1449	1079	1116	1219	1336
B230206I08Rik	149	152	129	55	131	100
B230217C12Rik	757	713	504	491	540	586
B230219D22Rik	7827	7150	5320	5083	5718	6337
B230307C23Rik	239	236	166	153	195	205
B230322F03Rik	103	106	73	74	73	91
B230334C09Rik	489	440	331	318	379	430
B230364G03Rik	33	28	15	15	18	20
B230369F24Rik	1026	1018	734	668	787	843
B230377A18Rik	23	21	21	19	16	14
B230398E01Rik	678	620	454	384	478	453
B2m	748	766	548	304	280	385
B330016D10Rik-201	475	460	359	411	365	447
B3galnt1	1538	1379	961	880	968	1099
B3galnt2	1398	1414	933	987	1101	1238
B3galt1	703	748	475	485	519	571
B3galt2	8204	7506	5310	5473	5889	6389
B3galt4	195	207	163	127	146	146
B3galt5	493	456	343	323	332	342
B3galt6	859	818	583	560	605	693
B3gat1	2507	2409	1731	1784	2000	2229
B3gat2	2542	2272	1795	1214	1494	1439
B3gat3	2623	2448	1969	1806	1860	2103
B3glct	538	544	400	371	399	377
B3gnt2	720	663	448	666	725	746
B3gnt3	7	13	10	3	3	2
B3gnt4	194	170	116	92	101	111
B3gnt5	100	94	75	51	63	54
B3gnt6	3	8	4	6	14	9
B3gnt7	2	3	3	8	4	6
B3gnt8	85	83	76	58	78	87
B3gnt9	444	419	301	356	375	421
B3gntl1	516	512	396	375	383	415
B430010I23Rik	282	285	261	243	306	259
B430119L08Rik	0	0	0	0	0	0
B430203G13Rik	11	11	12	24	29	16
B430218F22Rik	68	57	40	34	48	45
B430219N15Rik	57	58	37	48	61	40
B430305J03Rik	62	58	55	53	53	62
B430306N03Rik	5	6	0	1	3	1
B4galnt1	325	313	269	268	283	313
B4galnt2	30	19	20	19	23	13
B4galnt3	4	2	2	2	2	3
B4galnt4	992	942	701	741	835	880
B4galt1	2265	2308	1818	1756	1918	2017
B4galt2	1132	992	766	731	915	887
B4galt3	1519	1416	1124	912	1029	1038
B4galt4	408	366	277	208	237	267
B4galt5	883	805	559	527	577	646
B4galt6	2269	2207	1495	1300	1521	1761
B4galt7	726	683	512	536	589	611
B4gat1	2498	2347	1725	1674	1790	1976
B630019K06Rik	784	653	575	487	589	644
B930036N10Rik	202	157	131	127	170	169
B930094E09Rik	140	122	102	99	97	123
B930095G15Rik	710	698	528	418	527	481
B9d1	450	486	375	478	509	534
B9d1os	15	15	16	10	21	10
B9d2	253	276	194	229	206	248
BB014433	0	0	0	0	0	0
BB019430	0	0	0	0	0	0
BB031773	20	12	8	8	20	16
BB114814	845	838	773	503	503	479
BB187690	0	0	1	1	2	0
BB287469	4	14	4	3	2	5
BB365896	11	16	14	10	25	12
BC001981	47	43	30	28	36	41
BC002189	0	0	0	0	1	0
BC003331	2965	2747	1942	1681	1970	2192
BC003965	1300	1281	932	949	1075	1079
BC004004	1856	1687	1329	1281	1455	1520
BC005537	14675	14503	10434	10400	11555	12392
BC005561	1540	1427	1112	829	1036	1057
BC005624	2529	2552	1812	1836	2061	2201
BC016579	17	29	19	9	7	5
BC017158	899	871	674	619	723	707
BC017643	814	801	628	617	620	711
BC018473	25	17	12	0	0	0
BC021614	0	0	0	0	0	0
BC021767	83	62	58	54	55	48
BC021891	65	103	70	41	54	63
BC022687	962	915	720	681	743	884
BC023105-201	0	0	0	0	1	1
BC023719	3	2	1	8	3	3
BC024139	0	1	0	0	0	0
BC024978	891	957	716	601	685	734
BC025446	0	0	0	0	0	0
BC025920	896	791	595	603	704	768
BC026585	116	99	74	6	12	10
BC027072	14406	14904	11625	9188	9682	10365
BC028528	34	32	34	21	29	23
BC029214	488	567	322	916	1041	1068
BC029722	1519	1544	1113	1146	1182	1332
BC030336	4615	4568	3139	3028	3225	3734
BC030499	2384	2197	1714	1885	2239	2062
BC030500	226	210	165	144	163	154
BC030867	3	8	8	20	17	34
BC030870	24	26	16	24	40	24
BC031181	4474	4084	2955	3318	3633	4056
BC034090	4859	4741	3886	3689	4011	4398
BC035044	5	2	3	1	3	6
BC035947	32	30	21	20	42	39
BC037034	1048	990	805	823	890	933
BC037039	1290	1219	965	823	885	959
BC039966	5	2	6	1	4	9
BC048403	88	87	44	48	49	48
BC048502	0	2	1	2	1	0
BC048507	2	0	1	1	1	4
BC048546	31	31	16	31	28	31
BC048559	1	1	0	2	2	1
BC048562	1	2	3	1	1	2
BC048644	5	9	6	4	9	6
BC048671	0	0	0	0	0	0
BC048679	1	4	1	0	4	1
BC049352	11	8	6	12	7	11
BC049702	0	0	0	0	0	0
BC049715	91	75	47	100	82	116
BC049730	0	0	0	0	0	0
BC049762	5	5	1	3	5	4
BC050972	4	4	2	1	10	6
BC051019	5	4	9	2	5	4
BC051076	0	0	0	0	0	0
BC051142	131	126	102	28	19	20
BC051226	198	180	120	88	93	124
BC051537	0	0	0	1	1	1
BC051628	2	4	3	0	0	1
BC051665	0	0	0	0	0	0
BC052040	254	245	169	145	168	206
BC053393	0	1	0	0	1	0
BC055308	69	60	50	52	55	60
BC055324	565	517	397	358	408	461
BC060293	59	70	49	32	57	45
BC061212	0	0	0	0	0	0
BC061237	0	0	0	0	0	0
BC064078	94	108	79	107	121	141
BC065403	1019	791	724	273	292	298
BC067074	73	81	45	14	22	12
BC068281	672	541	497	439	470	497
BC080695	0	0	0	0	0	0
BC080696-001	0	0	0	0	0	0
BC089491	29	39	28	43	29	36
BC089597	1	1	2	0	2	2
BC094916	0	0	1	0	2	0
BC100451	8	17	10	8	11	9
BC100530	27	67	69	19	37	44
BC106179	20	26	13	11	20	11
BC107364	1	2	1	3	6	11
BC117090	0	0	0	0	0	0
BC147527	0	0	0	0	0	0
Baalc	44	49	37	41	36	42
Baat	35	26	15	12	19	18
Babam1	1701	1662	1243	1202	1276	1373
Bace1	6358	6053	4711	4146	4871	5122
Bace2	44	73	33	53	29	13
Bach1	1350	1377	911	1003	1202	1261
Bach2	201	211	202	117	172	140
Bach2it1	7	11	2	1	3	2
Bach2os	21	22	22	14	17	14
Bad	722	655	505	567	568	590
Bag1	2174	2054	1586	1560	1611	1784
Bag2	195	196	122	113	139	141
Bag3	102	76	57	56	45	45
Bag4	2837	2510	1969	1877	2094	2327
Bag5	1669	1663	1233	1025	1210	1277
Bag6	7067	6734	5147	4643	5049	5572
Bahcc1	768	733	548	527	697	657
Bahd1	906	828	640	555	639	722
Baiap2	517	548	432	474	471	457
Baiap2l1	85	97	70	46	60	61
Baiap2l2	15	13	2	9	9	12
Baiap3	770	699	517	555	638	716
Bak1	356	361	251	287	275	321
Bambi	258	268	239	134	163	198
Banf1	568	611	424	366	435	484
Banf2	0	0	1	0	0	0
Banf2os	3	0	0	0	1	1
Bank1	8	4	2	2	1	2
Banp	1155	925	803	746	856	961
Bap1	3996	3832	2842	2487	2696	3178
Bard1	85	78	71	44	58	65
Barhl1	8	8	6	6	7	5
Barhl2	327	323	196	254	269	253
Barx1	0	0	0	0	0	0
Barx2	5	12	5	6	6	5
Basp1	6355	5746	4054	4228	4498	4973
Batf	0	2	1	4	0	1
Batf2	2	0	3	0	1	0
Batf3	3	2	0	0	0	0
Bax	592	561	420	395	461	499
Baz1a	35	42	21	20	28	28
Baz1b	9717	8952	7310	6266	7167	7488
Baz2a	2851	2820	2020	1941	2211	2151
Baz2b	9943	9410	7407	6013	6999	7029
Bbc3	80	83	66	44	42	63
Bbip1	2698	2596	1831	1734	2006	2208
Bbof1	463	480	340	362	440	417
Bbox1	7	14	9	8	8	8
Bbs1	4458	4207	3319	2700	3030	3322
Bbs10	960	840	691	455	507	601
Bbs12	1974	1730	1406	947	1257	1228
Bbs2	5553	5216	4160	3985	4319	4758
Bbs4	6913	6344	5000	4871	5289	5708
Bbs5	3298	2968	2124	2644	3029	3224
Bbs7	8907	8315	6479	3848	4362	4670
Bbs9	8152	8036	6208	5598	6449	6947
Bbx	3500	3174	2364	2121	2524	2695
Bc1-ps1	0	0	0	0	0	0
Bcam	531	466	371	261	325	352
Bcan	165	186	118	121	156	179
Bcap29	488	510	327	307	331	337
Bcap31	2578	2246	1728	1712	1856	2114
Bcar1	1444	1292	1054	974	1043	1089
Bcar3	708	604	518	905	984	1108
Bcas1	2	8	4	27	13	11
Bcas1os1	0	2	0	4	1	2
Bcas1os2	0	1	1	0	0	0
Bcas2	2920	2752	2064	1909	2200	2379
Bcas3	2016	1905	1408	1194	1266	1515
Bcas3os1	53	71	63	21	32	34
Bcas3os2	15	11	11	5	6	12
Bcat1	9467	8933	6291	6909	7424	8173
Bcat2	294	269	188	121	125	156
Bccip	1403	1515	1047	1057	1157	1319
Bcdin3d	367	303	263	220	230	273
Bche	266	237	193	179	139	166
Bckdha	773	762	573	518	587	627
Bckdhb	361	379	243	202	257	268
Bckdk	1210	1208	821	911	996	1011
Bcl10	708	663	506	459	472	516
Bcl11a	131	144	93	101	113	87
Bcl11b	145	123	98	99	109	111
Bcl2	1395	1260	995	624	681	755
Bcl2a1a	4	3	4	6	3	1
Bcl2a1b	6	5	10	6	6	5
Bcl2a1c	0	0	0	0	0	0
Bcl2a1d	2	3	4	2	2	1
Bcl2l1	1879	2118	1381	1440	1493	1653
Bcl2l10	58	54	41	40	67	60
Bcl2l11	828	712	564	447	476	539
Bcl2l12	61	53	43	48	72	83
Bcl2l13	2584	2437	1789	1686	1886	2114
Bcl2l14	0	0	0	0	0	0
Bcl2l15	63	42	28	34	37	42
Bcl2l2	9378	8734	6476	6732	7368	8128
Bcl3	20	9	7	6	6	12
Bcl6	404	394	303	279	273	287
Bcl6b	24	24	23	8	23	9
Bcl7a	1846	1870	1356	1313	1469	1518
Bcl7b	1724	1652	1176	1175	1236	1381
Bcl7c	331	301	239	206	234	263
Bcl9	520	541	388	360	445	423
Bcl9l	318	317	245	221	255	263
Bclaf1	13806	12568	9296	8480	10016	10870
Bco1	0	4	1	5	1	0
Bco2	94	96	70	20	50	38
Bcor	2944	2560	2094	1877	2234	2264
Bcorl1	196	230	159	160	199	182
Bcr	2583	2386	1951	1576	1755	1889
Bcs1l	410	392	304	244	298	320
Bdh1	1297	1216	936	850	994	1046
Bdh2	175	166	144	84	106	91
Bdkrb1	4	9	2	2	3	2
Bdkrb2	6	9	6	13	8	14
Bdnf	580	673	460	352	360	360
Bdp1	3441	3234	2550	2375	2827	2750
Bean1	175	136	108	88	92	98
Becn1	3899	3658	2722	2568	2778	3025
Begain	721	653	535	595	610	684
Bend3	175	167	116	104	123	128
Bend4	1896	1765	1322	1201	1416	1555
Bend5	143	137	91	83	89	89
Bend6	2387	2155	1630	1540	1593	1844
Bend7	401	435	284	356	420	407
Best1	52	61	30	37	55	63
Best2	76	96	86	19	8	11
Best3	78	79	64	58	63	71
Best4-ps-001	2	4	7	12	21	14
Bet1	1310	1311	923	930	1015	1163
Bet1l	1063	980	725	675	735	800
Bex1	1878	1616	1223	961	1095	1196
Bex2	4292	4285	3000	2555	2710	3011
Bex4	756	796	512	363	390	426
Bex6	0	0	0	0	0	0
Bfar	2744	2649	1949	1900	2120	2242
Bfsp1	25	86	67	23	24	35
Bfsp2	30	59	38	34	30	43
Bglap	2	11	6	2	6	7
Bglap2	0	7	1	0	0	0
Bglap3	5	6	5	2	5	3
Bgn	57	80	54	40	29	26
Bhlha15	54	50	31	23	43	28
Bhlha9	1	4	5	3	7	7
Bhlhb9	1490	1470	995	1202	1397	1469
Bhlhe22	1651	1637	1085	1292	1325	1504
Bhlhe23	736	745	571	581	617	660
Bhlhe40	2012	1959	1355	1525	1585	1732
Bhlhe41	4005	3700	2714	3240	3757	4109
Bhmt	0	0	0	1	0	0
Bhmt2	0	0	1	1	0	1
Bicc1	94	76	63	50	60	52
Bicd1	3713	3392	2413	1971	2184	2373
Bicd2	4652	4367	3507	3208	3572	3794
Bid	114	108	66	97	95	106
Bik	17	8	9	12	11	16
Bin1	7145	7050	5349	5512	6197	6456
Bin2	19	18	17	19	11	15
Bin3	363	355	269	278	298	335
Birc2	3769	3401	2677	2660	2814	3196
Birc3	33	38	27	14	18	32
Birc5	4	8	8	5	2	7
Birc6	12585	11485	9462	7270	9243	9388
Birc7	0	1	1	4	1	2
Bivm	1402	1426	960	916	1065	1163
Blcap	3027	2736	2074	1985	2213	2405
Blk	1	0	1	0	0	1
Blm	672	641	456	337	422	473
Blmh	2515	2518	1837	1875	2083	2333
Blnk	12	16	6	8	4	10
Bloc1s1	1226	1212	973	794	958	937
Bloc1s2	595	571	456	422	508	504
Bloc1s3	323	296	225	209	228	246
Bloc1s4	531	452	378	332	357	390
Bloc1s5	1151	1110	811	873	935	1070
Bloc1s6	869	798	607	847	934	1027
Bloc1s6os	25	21	19	21	13	23
Bloodlinc	1	1	0	0	0	0
Blvra	663	633	435	470	522	604
Blvrb	84	72	78	70	60	61
Blzf1	2078	2119	1588	1604	1580	1860
Bmf	1214	695	718	169	227	242
Bmi1	7681	7200	5316	4877	5378	6020
Bmp1	412	424	285	284	299	319
Bmp10	0	3	0	0	1	0
Bmp15	143	130	127	112	116	107
Bmp2	143	172	103	41	32	13
Bmp2k	1193	1161	923	686	861	866
Bmp3	1359	1148	804	890	984	1153
Bmp4	67	70	63	20	23	11
Bmp5	409	335	211	269	273	359
Bmp6	35	43	38	24	40	33
Bmp7	450	447	327	319	334	401
Bmp8a	0	1	0	0	2	1
Bmp8b	43	42	26	22	28	24
Bmper	69	67	61	50	66	64
Bmpr1a	8472	7941	5753	5284	6120	6940
Bmpr1b	907	846	538	327	351	436
Bmpr2	9275	8584	6515	5631	6778	6822
Bms1	1490	1642	1122	1093	1295	1252
Bmt2	4129	3767	2734	2547	2875	3182
Bmx	47	40	38	30	47	51
Bmyc	364	359	221	224	249	265
Bnc1	13	14	6	17	6	14
Bnc2	237	225	147	123	103	126
Bnip1	503	527	400	310	330	405
Bnip2	4324	4300	3195	3203	3465	3806
Bnip3	7832	7110	4604	4606	5508	7027
Bnip3l	6681	6301	4277	4290	4636	5352
Bnipl	10	15	15	5	7	12
Boc	271	240	167	125	101	136
Bod1	2371	2336	1748	1574	1634	1824
Bod1l	4133	3955	3041	2523	3036	2950
Bok	282	253	184	165	196	201
Bola1	421	361	311	273	349	325
Bola2	517	466	394	297	375	402
Bola3	773	727	516	489	563	555
Boll	0	0	0	0	2	1
Bop1	871	867	676	562	641	647
Bora	309	279	208	185	195	219
Borcs5	1040	1007	759	644	691	739
Borcs6	1020	894	686	736	712	881
Borcs7	685	590	487	404	451	480
Borcs8	950	832	748	586	714	678
Bpgm	2604	2479	1729	1455	1586	1851
Bphl	450	430	342	314	324	374
Bpi	0	0	0	0	0	0
Bpifa1	1	1	1	11	25	18
Bpifa2	0	0	1	2	4	5
Bpifa3	0	0	0	0	2	2
Bpifa5	0	0	0	0	0	0
Bpifa6	0	0	0	2	0	1
Bpifb1	0	0	1	1	0	0
Bpifb2	0	0	0	0	0	1
Bpifb3	0	0	0	0	0	0
Bpifb4	0	0	0	0	0	1
Bpifb5	4	3	1	12	3	2
Bpifb6	8	11	10	4	6	5
Bpifb9a	1	2	3	1	5	1
Bpifb9b	0	2	6	2	1	0
Bpifc	0	1	1	0	1	2
Bpnt1	3841	3558	2532	2479	2726	3004
Bptf	9266	8403	6820	5492	6773	6691
Braf	7592	7108	5600	4844	5646	5760
Brap	2221	2074	1576	1520	1607	1859
Brat1	947	939	711	654	764	830
Brca1	889	746	663	596	660	718
Brca2	929	904	702	699	839	864
Brcc3	2143	2088	1432	1389	1641	1805
Brd1	4122	3959	3008	2796	3154	3394
Brd2	7893	7798	5728	7317	7888	8743
Brd3	3222	3278	2381	2520	2877	2861
Brd4	818	889	701	560	706	598
Brd7	1998	1989	1382	2069	2429	2600
Brd8	6803	6379	4854	4498	5144	5453
Brd9	2152	2165	1634	1584	1949	1933
Brdt	335	274	204	242	261	277
Bre	974	970	755	659	752	825
Brf1	2513	2431	1849	1651	1849	1947
Brf2	530	472	404	347	376	419
Bri3	590	606	454	419	445	502
Bri3bp	3731	3498	2534	2648	2761	3079
Bricd5	839	708	595	610	681	679
Brinp1	958	829	554	548	584	675
Brinp2	719	623	487	432	455	518
Brinp3	211	201	144	189	179	221
Brip1	5	12	5	4	8	7
Brip1os	2650	2410	2039	1586	1982	1959
Brix1	728	844	528	499	593	641
Brk1	1739	1579	1151	1139	1245	1479
Brms1	443	457	352	326	348	399
Brms1l	1448	1531	1026	993	1097	1119
Brox	3404	3246	2326	2321	2542	2745
Brpf1	2244	2279	1816	1590	1723	1835
Brpf3	803	793	595	538	601	666
Brs3	1	0	2	0	0	0
Brsk1	2167	2099	1535	1408	1614	1738
Brsk2	5916	5633	4127	4060	4511	4830
Brwd1	13150	11709	9785	8786	10827	10199
Brwd3	1750	1674	1246	1122	1349	1452
Bscl2	2388	2299	1684	1762	1924	2185
Bsdc1	1735	1602	1226	1215	1198	1314
Bsg	21293	19870	15099	13921	14891	16914
Bsn	2609	2600	2157	1695	2055	1991
Bsnd	155	165	120	149	142	170
Bsph1	7	12	15	7	8	14
Bsph2	0	1	0	0	1	0
Bsph2-ps-001	0	0	0	0	0	0
Bspry	89	89	66	171	219	226
Bst1	622	537	371	90	92	111
Bst2	55	61	44	9	11	11
Bsx	1	0	0	0	0	0
Btaf1	11762	10195	8140	4587	5230	5760
Btbd1	7726	7197	5383	5697	5939	6947
Btbd10	2652	2482	1920	1571	1764	1920
Btbd11	857	779	557	642	801	860
Btbd16	0	2	1	1	1	1
Btbd17	30	39	23	14	25	21
Btbd18	34	39	20	31	34	30
Btbd19	75	78	52	60	65	71
Btbd2	2362	2251	1806	1562	1718	1950
Btbd3	1323	1336	919	820	928	962
Btbd6	648	573	469	439	504	468
Btbd7	1675	1609	1236	1108	1253	1272
Btbd9	2315	2366	1844	2031	2265	2371
Btc	898	975	588	571	609	719
Btd	401	458	320	312	313	332
Btf3	6701	6035	4441	4505	5099	5687
Btf3l4	3724	3412	2436	2064	2280	2637
Btg1	3610	4040	2469	2794	3022	3269
Btg1-ps1	0	0	0	0	0	0
Btg1-ps1-001	0	0	0	0	0	0
Btg1-ps2	0	0	0	0	0	0
Btg2	5277	5403	3743	3148	3184	3369
Btg3	244	287	185	122	182	144
Btg4	9	10	5	7	5	12
Btk	1	2	5	3	1	5
Btla	20	18	12	9	9	11
Btn1a1	9	6	2	5	10	11
Btn2a2	2	2	1	4	2	1
Btnl1	1	0	0	0	0	0
Btnl10	1	0	2	2	4	4
Btnl2	0	0	0	0	1	0
Btnl4	0	1	0	0	0	0
Btnl5-ps	0	0	0	2	3	0
Btnl6	0	0	0	0	0	0
Btnl6-001	0	0	0	0	0	0
Btnl7-ps-001	10	17	21	1	6	2
Btnl9	2	1	0	1	0	1
Btrc	6224	5963	4594	3533	3834	4141
Bub1	9	6	2	4	6	2
Bub1b	2526	1633	1637	211	208	204
Bub3	2545	2467	1904	1633	1773	2013
Bud13	664	671	503	514	543	574
Bud31	1762	1664	1203	1097	1126	1354
Bves	246	233	184	243	232	290
Bysl	1324	1301	994	872	926	1087
Bzrap1	5755	5427	4341	3452	3768	3819
Bzw1	8666	8212	5775	5147	5548	6244
Bzw2	5300	4477	3522	3233	3219	3783
C030005K15Rik	0	0	0	0	0	0
C030010L15Rik	32	45	18	26	14	23
C030013C21Rik	3	1	1	2	3	0
C030013D06Rik	51	52	52	23	42	28
C030015A19Rik	155	116	121	102	111	94
C030015E24Rik	19	26	20	2	14	18
C030017D09Rik	2	7	2	3	5	5
C030017G13Rik	40	36	36	27	47	25
C030027H14Rik	25	24	24	15	8	21
C030032O16Rik	10	17	13	6	13	9
C030037F17Rik	2	4	2	1	0	0
C030038I04Rik	4	8	9	5	6	7
C030048H21Rik	7	17	4	20	12	16
C130012C08Rik	56	55	32	42	60	54
C130013H08Rik	371	397	273	289	302	363
C130021I20Rik	0	2	3	4	4	0
C130023A14Rik	114	142	92	78	103	103
C130026I21Rik	3	8	7	3	2	3
C130032M10Rik	2	0	1	0	4	0
C130050O18Rik	11	16	13	8	10	11
C130060K24Rik	0	1	0	0	0	0
C130073F10Rik	0	0	0	0	0	0
C130074G19Rik	168	159	120	111	133	155
C130075A20Rik	32	40	36	26	29	35
C130079G13Rik	0	0	0	0	0	1
C130080G10Rik	236	240	168	159	221	234
C130083A15Rik	45	42	28	26	41	40
C130089K02Rik	70	67	68	41	59	64
C130093G08Rik	184	189	136	98	103	96
C1d	2577	2368	1714	1636	1857	2138
C1galt1	906	938	637	582	668	750
C1galt1c1	1401	1203	904	930	1027	1139
C1qa	189	189	124	102	86	127
C1qb	165	205	123	61	41	53
C1qbp	652	724	457	375	421	479
C1qc	166	147	116	45	46	54
C1ql1	1282	1135	833	1082	1056	1253
C1ql2	1285	1254	878	1177	1235	1550
C1ql3	2558	2217	1794	1902	1977	2321
C1ql4	0	0	2	0	1	0
C1qtnf1	15	24	15	20	24	21
C1qtnf2	4	8	5	2	8	3
C1qtnf3	31	30	21	18	25	20
C1qtnf4	408	386	313	328	384	410
C1qtnf5	170	236	139	98	101	77
C1qtnf6	24	28	20	17	8	20
C1qtnf7	28	41	19	17	35	30
C1qtnf9	6	6	5	1	0	7
C1ra	73	69	41	10	17	24
C1rb	12	19	11	3	4	3
C1rl	34	18	15	17	21	32
C1s1	46	53	37	27	21	16
C1s2	4	10	6	11	4	6
C2	69	86	57	74	53	70
C230031I18Rik	38	49	37	31	32	31
C230034O21Rik	114	148	108	102	86	101
C230037L18Rik	39	47	27	29	39	49
C230066G23Rik	5	6	3	2	2	2
C230071H17Rik	46	58	45	29	39	35
C230085N15Rik	19	24	26	14	21	19
C230096K16Rik	76	71	50	74	81	74
C2cd2	596	596	463	622	784	769
C2cd2l	11909	10626	8600	6510	7010	7579
C2cd3	2137	2016	1568	1348	1464	1618
C2cd4a	1	0	4	0	1	0
C2cd4b	7	6	10	4	8	9
C2cd4c	170	128	133	119	170	175
C2cd4d	16	12	13	9	16	10
C2cd5	3000	3177	2419	1947	2496	2424
C3	172	121	53	44	44	47
C330007P06Rik	3057	2989	2000	2008	2281	2564
C330011M18Rik	118	110	72	55	65	85
C330018A13Rik	21	18	12	6	10	9
C330018D20Rik	581	580	442	355	446	511
C330021F23Rik	1292	1209	877	1413	1609	1747
C330022C24Rik	2	7	5	1	5	4
C330027C09Rik	244	242	149	156	183	189
C3ar1	37	29	21	16	18	11
C430019N01Rik	29	46	33	61	84	66
C430039J01Rik	21	8	12	10	5	16
C430049E01Rik	2	2	1	3	5	1
C4b	633	578	222	241	197	148
C4bp	5	4	4	4	5	2
C4bp-ps1-001	268	261	211	190	240	213
C530008M17Rik	241	249	178	220	251	253
C530025M09Rik	6	2	7	1	5	2
C530043K16Rik	34	40	43	15	20	21
C5ar1	2	6	3	2	0	1
C5ar2	9	8	4	0	4	0
C6	0	0	1	0	0	0
C630004L07Rik	0	1	0	0	1	6
C630004M23Rik	107	102	70	51	61	68
C630050I24Rik	1	1	0	0	0	1
C7	0	1	1	2	2	1
C730034F03Rik	359	339	285	244	335	293
C730045M19Rik	22	33	10	10	14	17
C77080	464	442	351	371	423	429
C77370	776	679	511	393	518	498
C78197	16	8	13	3	6	11
C78334	162	175	133	114	166	169
C79130	60	56	46	33	41	47
C79798	72	83	68	37	74	59
C87198	0	0	0	0	0	0
C87414	0	0	0	0	0	0
C87436	1078	982	759	651	747	822
C87499	0	0	0	0	0	0
C87977	0	0	0	0	0	0
C8a	1	3	1	1	0	2
C8b	1	6	10	4	3	3
C8g	66	56	38	27	48	49
C9	0	0	0	0	2	0
C920009B18Rik	1	0	0	0	0	0
C920021L13Rik	117	111	85	64	101	103
CAAA01147332.1	132	133	122	47	72	80
CAAA01165726.1	5	4	3	4	4	5
CH25-501L8.2	7	5	6	7	10	4
CH25-501L8.4	7	14	10	9	12	7
CH25-588N10.2	892	865	652	543	689	625
CH36-204O7.1	33	21	22	23	33	19
CK137956	0	1	1	0	0	0
CN725425	1	2	1	0	1	3
CR974586.1	57	35	34	13	15	15
CR974586.2	111	88	90	1	3	9
CR974586.3	3	1	0	1	1	0
CR974586.4	7	4	5	0	1	0
CR974586.5	4	2	0	0	0	0
CR974586.6	11	15	6	0	2	0
CT868723.1	114	102	76	1	1	2
Caap1	717	605	445	455	553	625
Cab39	8510	8082	5768	5180	5847	6419
Cab39l	2354	2214	1503	1322	1385	1689
Cabin1	2549	2504	2136	1800	2179	2162
Cables1	258	195	198	128	162	173
Cables2	1679	1654	1186	1202	1342	1476
Cabp1	3507	3221	2283	2226	2384	2780
Cabp2	324	306	247	205	218	234
Cabp4	8578	8177	6583	6204	6703	7621
Cabp5	4220	3762	2678	3768	4196	4928
Cabp7	277	290	187	195	237	218
Cabs1	0	0	0	0	1	0
Cabyr	177	185	114	129	153	163
Cacfd1	787	795	637	601	787	734
Cachd1	297	288	213	187	168	174
Cacna1a	819	874	603	682	722	701
Cacna1b	1334	1338	983	854	1095	1004
Cacna1c	607	613	448	442	502	488
Cacna1d	1787	1661	1284	1135	1408	1373
Cacna1e	475	447	372	263	368	308
Cacna1f	11603	11240	9116	7855	9115	9008
Cacna1g	2579	2413	1854	1781	2024	2118
Cacna1h	5002	4676	3553	2998	3388	3392
Cacna1i	1002	1123	884	757	902	963
Cacna1s	840	833	678	512	547	637
Cacna2d1	3066	2880	2227	2173	2412	2502
Cacna2d2	2093	1875	1543	1461	1583	1726
Cacna2d3	2440	2591	1782	1426	1605	1838
Cacna2d4	19956	18660	15198	15074	17165	17223
Cacnb1	452	459	359	359	357	426
Cacnb2	7668	7665	6054	5213	5945	6336
Cacnb3	1325	1140	915	780	827	981
Cacnb4	2072	1913	1312	1192	1482	1543
Cacng1	2	5	2	3	1	2
Cacng2	920	802	580	546	642	734
Cacng3	707	707	521	429	465	503
Cacng4	790	818	492	557	619	651
Cacng5	1427	1355	978	1007	1032	1222
Cacng6	1	0	0	0	0	1
Cacng7	1667	1522	1126	867	928	1001
Cacng8	53	30	34	23	28	26
Cactin	1318	1308	963	930	917	1100
Cacul1	3513	3314	2553	2295	2614	2737
Cacybp	3455	3531	2547	2155	2305	2737
Cad	772	844	636	519	662	608
Cadm1	19409	18038	13148	13099	14506	15591
Cadm2	12652	11956	8797	8817	10577	10501
Cadm3	11756	11120	8251	7902	8611	9453
Cadm4	2608	2374	1672	1575	1679	1862
Cadps	15016	13763	10353	7847	8834	9645
Cadps2	474	414	306	278	307	362
Cage1	111	83	60	77	84	82
Calb1	3832	3530	2630	2297	2420	2757
Calb2	13410	11953	8791	8100	8551	10122
Calca	42	32	20	16	12	21
Calcb	9	6	4	0	3	6
Calcoco1	2833	2564	2096	1867	2137	2178
Calcoco2	0	1	0	1	1	0
Calcr	27	34	21	3	3	14
Calcrl	458	465	342	283	290	339
Cald1	665	732	485	498	637	608
Calhm1	0	0	0	0	0	0
Calhm2	220	237	194	131	193	174
Calhm3	1	0	0	0	0	0
Calm1	66525	60602	41531	40372	42543	50191
Calm2	21683	20473	14515	13572	14330	16797
Calm3	24428	22748	16690	14807	15775	18167
Calm4	1	4	1	0	0	0
Calm5	0	0	0	1	0	1
Calml3	62	168	154	48	103	100
Calml4	38	30	36	26	46	34
Caln1	1641	1710	1163	1123	1197	1304
Calr	17847	16239	12431	12765	13294	15234
Calr3	264	229	154	155	179	163
Calr4	23	16	8	14	20	16
Calu	8710	8356	6068	5977	6123	6780
Caly	944	854	673	711	775	840
Camk1	606	531	406	426	425	505
Camk1d	8373	8314	6128	5832	6374	6817
Camk1g	508	497	376	356	407	431
Camk2a	592	643	442	417	481	518
Camk2b	6010	5664	4049	3548	3992	4496
Camk2d	16086	15898	11586	11206	12604	13346
Camk2g	2677	2662	1950	2112	2304	2499
Camk2n1	6687	6171	4106	3332	3637	4101
Camk2n2	361	403	269	259	296	284
Camk4	2018	1859	1388	1354	1463	1510
Camkk1	2502	2288	1754	2209	2484	2630
Camkk2	2445	2235	1672	1588	1739	1910
Camkmt	234	273	184	150	200	241
Camkv	5679	5229	3846	3904	4018	4664
Caml	1619	1462	1058	1034	1092	1120
Camp	8	4	2	7	7	4
Camsap1	11521	11278	8560	8346	9233	9650
Camsap2	9873	8892	6657	5750	6438	6992
Camsap3	824	796	596	581	692	719
Camta1	5133	4914	3539	3262	3774	3929
Camta2	2726	2770	2126	2016	2371	2448
Cand1	8942	8245	6619	5901	6964	7336
Cand2	2400	2233	1607	1696	1718	2038
Cant1	1608	1640	1203	1126	1165	1333
Canx	28978	27392	19124	18739	20395	23056
Cap1	4214	3997	2959	2607	2839	3217
Cap2	1892	1763	1274	1130	1163	1298
Capg	54	84	58	29	43	48
Capn1	385	329	236	236	224	253
Capn10	1213	1165	955	902	936	1146
Capn11	26	20	15	18	12	22
Capn12	439	430	254	283	289	346
Capn13	0	4	5	5	4	6
Capn15	1350	1310	1043	898	1103	1081
Capn2	1166	1207	792	783	769	900
Capn3	44	47	34	40	29	35
Capn5	627	606	460	417	459	527
Capn6	15	30	23	16	15	12
Capn7	4989	4369	3616	3498	3844	4041
Capn8	0	0	1	0	0	0
Capn9	0	2	2	1	1	0
Capns1	2117	2063	1467	753	740	814
Capns2	33	35	32	26	20	23
Caprin1	11996	10947	8296	7006	7889	8563
Caprin2	597	555	417	253	384	312
Caps2	23	25	11	24	20	21
Capsl	1	1	3	0	0	1
Capza1	4746	4558	3480	3456	3716	4202
Capza2	7722	7304	5126	5445	5997	6827
Capza3	46	27	33	18	32	32
Capzb	2530	2272	1589	1493	1598	1785
Car1	7	3	5	0	1	4
Car10	3655	3315	2452	2146	2378	2750
Car11	807	811	594	847	894	879
Car12	73	153	151	43	209	67
Car13	5	5	4	13	11	5
Car14	2951	2808	2148	1878	2025	2294
Car15	130	131	106	120	108	102
Car2	16981	15643	11445	11492	12129	13557
Car3	180	186	151	103	59	59
Car4	31	14	20	6	2	6
Car5a	5	6	7	5	3	7
Car5b	493	488	311	339	382	408
Car6	3	2	1	5	4	4
Car7	100	110	85	90	71	107
Car8	5194	4962	3513	2987	3314	3960
Car9	2	4	1	2	5	3
Card10	96	102	73	193	206	216
Card11	15	19	10	12	12	11
Card14	134	186	131	382	422	453
Card19	410	394	313	295	337	381
Card6	33	29	31	16	37	46
Card9	70	85	51	57	54	55
Carf	2006	1922	1307	1344	1629	1705
Carhsp1	566	529	417	300	351	375
Carkd	1401	1283	953	855	962	1133
Carm1	1263	1376	913	937	1089	1149
Carnmt1	816	878	566	468	525	602
Carns1	92	100	69	76	68	85
Cars	1666	1490	1150	900	1116	1161
Cars2	460	399	347	306	300	331
Cartpt	3168	3088	2378	1855	2131	2205
Casc1	131	147	98	84	94	100
Casc3	2366	2342	1706	1977	2291	2478
Casc4	2645	2542	1625	1596	1897	1828
Casc5	253	242	175	14	20	25
Casd1	4524	4163	3121	3415	3686	4150
Cask	4458	4055	3273	2920	3186	3598
Caskin1	2347	2344	1775	1874	1858	2141
Caskin2	1159	1148	855	735	795	845
Casp1	7	10	7	8	7	4
Casp12	15	19	5	15	13	14
Casp14	0	1	0	0	0	0
Casp16-ps	26	25	22	13	24	18
Casp2	1056	950	791	722	815	819
Casp3	772	764	521	603	601	695
Casp4	1	1	0	3	2	4
Casp6	63	71	46	44	62	50
Casp7	1252	1196	940	924	976	1160
Casp8	63	87	44	29	48	39
Casp8ap2	2858	2860	2050	2091	2279	2340
Casp9	1103	1071	765	607	619	760
Casq1	85	70	56	45	42	28
Casq2	76	74	56	26	33	40
Casr	4	6	6	0	3	0
Cass4	12	12	10	4	5	11
Cast	590	512	333	293	339	414
Casz1	6797	6218	5159	4891	5754	5639
Cat	1044	1117	776	562	681	650
Catip	14	7	14	10	5	13
Catsper1	2	0	0	0	1	0
Catsper2	197	205	181	191	203	201
Catsper3	2	7	4	7	9	6
Catsper4	187	180	125	28	48	41
Catsperb	0	1	1	0	0	0
Catsperd	34	22	23	21	21	35
Catsperg1	63	39	40	38	50	46
Catsperg2	5	6	5	8	19	21
Cav1	3260	3163	2292	1758	1957	2414
Cav2	1804	1723	1146	984	1075	1222
Cav3	0	0	0	1	0	0
Cbarp	1739	1749	1295	1171	1278	1458
Cbfa2t2	2518	2358	1894	1725	1857	1983
Cbfa2t3	254	249	191	190	203	230
Cbfb	1685	1541	1092	995	1085	1302
Cbl	1701	1611	1422	1088	1322	1220
Cblb	779	790	581	556	689	653
Cblc	3	8	7	3	5	8
Cbll1	978	973	686	596	713	705
Cbln1	158	144	103	148	147	202
Cbln2	1829	1782	1230	1486	1605	1800
Cbln3	51	40	31	43	69	88
Cbln4	233	209	154	173	198	185
Cbr1	1253	1291	902	1010	1118	1296
Cbr2	28	59	83	29	56	55
Cbr3	56	69	41	69	69	81
Cbr4	946	867	678	625	756	800
Cbs	112	94	71	53	46	42
Cbwd1	897	890	606	560	602	650
Cbx1	1578	1744	1245	1192	1303	1462
Cbx2	209	172	143	127	120	147
Cbx3	10369	9777	6501	6717	7467	8274
Cbx4	1587	1501	1083	958	1150	1241
Cbx5	9624	9078	6857	6175	7037	7355
Cbx6	7995	7846	5295	5315	5699	6316
Cbx7	2431	2335	1900	1534	1740	1723
Cbx8	1110	1115	798	649	738	794
Cby1	1111	1063	815	790	805	947
Cby3	17	6	13	9	10	19
Cc2d1a	1373	1398	989	1029	1129	1255
Cc2d1b	2266	2126	1762	1674	1932	1913
Cc2d2a	4783	4476	3653	3573	3843	3836
Cc2d2b	10	12	5	9	6	7
Ccar1	2746	2892	2029	1793	2208	2133
Ccar2	4727	4580	3528	3289	3566	3937
Ccbe1	7	8	4	1	7	2
Ccdc102a	63	49	44	50	34	33
Ccdc103	160	168	136	113	146	155
Ccdc105	6	9	6	3	12	2
Ccdc106	780	697	534	538	565	644
Ccdc107	2032	1835	1377	1272	1523	1628
Ccdc108	3	2	1	1	3	3
Ccdc109b	55	58	38	34	38	34
Ccdc110	29	19	23	16	20	21
Ccdc112	150	146	96	105	112	105
Ccdc113	514	491	435	394	487	549
Ccdc114	47	48	37	13	20	15
Ccdc115	2598	2429	1728	1640	1762	1984
Ccdc116	59	55	44	41	34	56
Ccdc117	3928	3775	2843	2577	2797	3110
Ccdc12	1477	1477	1138	1040	1068	1215
Ccdc120	230	267	185	189	216	231
Ccdc121	5	3	1	8	5	14
Ccdc122	43	36	32	28	34	18
Ccdc124	1586	1645	1116	1015	1041	1155
Ccdc125	110	122	76	82	94	82
Ccdc126	10512	9630	7385	8990	9883	11175
Ccdc127	4748	4302	3338	3062	3437	3803
Ccdc129	0	0	0	0	0	0
Ccdc13	26	38	20	23	39	36
Ccdc130	390	399	315	315	353	355
Ccdc134	530	505	367	313	321	361
Ccdc136	4209	3924	3063	3008	3248	3460
Ccdc137	981	919	753	666	749	770
Ccdc138	287	293	184	196	194	207
Ccdc14	819	729	570	574	632	696
Ccdc141	1152	1128	895	763	816	921
Ccdc142	647	660	552	574	582	605
Ccdc142os	546	488	421	394	409	460
Ccdc144b	12	5	5	1	5	6
Ccdc146	9	17	4	8	15	10
Ccdc148	250	227	209	124	142	156
Ccdc149	818	750	504	485	515	576
Ccdc15	506	511	369	353	421	434
Ccdc150	82	90	71	78	114	93
Ccdc151	127	116	99	95	118	134
Ccdc152	6	3	2	1	4	8
Ccdc153	1	0	0	1	1	1
Ccdc154	19	9	6	8	11	4
Ccdc155	94	130	68	68	74	70
Ccdc157	2403	2268	1864	1794	2158	2051
Ccdc158	75	90	62	53	41	43
Ccdc159	202	165	142	124	155	169
Ccdc160	60	65	38	61	54	73
Ccdc162	18	27	21	16	28	20
Ccdc163	1044	1029	770	762	876	861
Ccdc166	895	872	615	602	712	765
Ccdc167	1885	2012	1483	1324	1564	1542
Ccdc169	90	82	61	40	65	52
Ccdc17	419	343	300	344	383	423
Ccdc170	3	5	2	1	1	1
Ccdc171	984	964	645	339	366	412
Ccdc172	12	12	14	7	5	4
Ccdc173	785	779	609	502	630	695
Ccdc174	1122	1188	860	841	920	974
Ccdc175	570	520	401	383	424	481
Ccdc177	3731	3539	2719	2624	3045	3272
Ccdc178	0	0	0	1	3	1
Ccdc18	86	93	80	60	65	90
Ccdc180	281	306	247	105	105	119
Ccdc181	1487	1426	1069	977	1132	1134
Ccdc182	1	0	0	1	0	0
Ccdc183	21	21	15	19	45	41
Ccdc184	607	551	380	302	340	392
Ccdc185	0	0	0	0	0	0
Ccdc186	5207	4745	3615	3340	3778	4086
Ccdc187	36	32	15	36	58	52
Ccdc188	14	13	12	16	14	13
Ccdc189	570	562	454	443	488	493
Ccdc190	30	21	22	6	8	6
Ccdc191	700	601	569	511	629	640
Ccdc22	1028	1113	926	887	935	979
Ccdc24	8947	8930	7141	6720	7760	7703
Ccdc25	1403	1444	1071	898	1140	1152
Ccdc27	17	14	11	2	8	9
Ccdc28a	363	362	294	397	425	482
Ccdc28b	1058	987	823	712	817	855
Ccdc3	9	11	11	2	5	9
Ccdc30	134	135	112	92	107	89
Ccdc32	1182	1070	777	914	931	1084
Ccdc33	0	3	4	5	4	2
Ccdc34	620	593	431	501	524	558
Ccdc34os	10	9	11	8	11	9
Ccdc36	25	28	21	22	22	31
Ccdc38	665	754	521	416	545	576
Ccdc39	1647	1684	1312	1375	1621	1562
Ccdc40	36	45	31	25	24	32
Ccdc42	3	7	3	0	0	0
Ccdc42os	0	0	0	0	0	0
Ccdc43	1063	1019	739	744	820	902
Ccdc47	5238	5430	3901	3948	4612	4611
Ccdc50	2690	2673	2008	1926	2252	2297
Ccdc51	842	784	546	305	411	381
Ccdc53	525	540	332	342	434	434
Ccdc54	0	0	0	0	0	0
Ccdc57	515	517	389	429	485	513
Ccdc58	324	381	260	219	304	281
Ccdc59	1563	1585	1141	1115	1247	1369
Ccdc6	1890	1704	1410	1176	1327	1504
Ccdc60	37	29	22	25	20	18
Ccdc61	164	153	111	70	62	73
Ccdc62	485	423	349	360	392	425
Ccdc63	314	269	207	156	159	155
Ccdc64	11264	10507	8379	6779	7622	8529
Ccdc64b	12	21	9	16	15	15
Ccdc65	223	243	160	263	266	313
Ccdc66	1921	1860	1474	1257	1505	1505
Ccdc67	9	11	6	3	3	10
Ccdc68	19	17	6	11	11	5
Ccdc69	17	14	13	8	12	11
Ccdc70	0	0	0	0	0	0
Ccdc71	1342	1252	958	861	929	1041
Ccdc71l	618	593	373	417	446	526
Ccdc73	1029	995	708	538	624	688
Ccdc74a	80	86	62	44	47	40
Ccdc77	910	887	745	655	793	760
Ccdc78	284	252	181	185	261	222
Ccdc7a	0	0	0	0	0	0
Ccdc7b	19	18	11	5	4	10
Ccdc8	271	296	179	158	167	200
Ccdc80	38	49	39	22	26	16
Ccdc81	35	27	21	27	50	34
Ccdc82	1073	999	739	757	803	866
Ccdc83	0	0	0	1	0	1
Ccdc84	1443	1302	972	996	1166	1245
Ccdc85a	807	795	487	668	731	817
Ccdc85b	275	289	236	214	226	249
Ccdc85c	765	723	545	591	614	679
Ccdc86	332	287	231	220	268	300
Ccdc87	81	86	49	55	80	69
Ccdc88a	4900	4557	3461	3183	3747	3940
Ccdc88b	645	660	452	628	663	741
Ccdc88c	850	785	637	437	504	488
Ccdc89	312	263	268	379	438	471
Ccdc9	2022	2202	1605	1505	1849	1727
Ccdc90b	1759	1736	1268	1247	1519	1571
Ccdc91	1513	1507	1043	1058	1138	1291
Ccdc92	760	789	605	519	515	579
Ccdc92b	737	754	525	578	666	726
Ccdc93	1148	1121	856	904	1106	1157
Ccdc94	727	712	577	542	617	650
Ccdc96	245	270	215	215	197	221
Ccdc97	1176	1159	950	848	972	1000
Ccer1	0	0	0	0	1	0
Ccer2	20	17	12	14	20	20
Cchcr1	128	117	71	78	79	62
Ccin	2	1	2	1	0	0
Cck	165	195	143	73	66	72
Cckar	8	10	3	2	2	5
Cckbr	250	263	189	128	127	161
Ccl1	1	0	0	0	0	0
Ccl11	0	1	1	0	0	0
Ccl12	8	7	3	2	2	0
Ccl17	3	5	4	7	8	8
Ccl19	14	21	13	9	10	7
Ccl19-ps1-001	7	4	0	2	3	1
Ccl19-ps3-001	7	5	1	5	3	4
Ccl2	0	2	1	0	1	1
Ccl20	0	0	0	0	0	0
Ccl21a	55	36	25	0	3	4
Ccl21b	117	78	65	0	0	2
Ccl21c	150	102	84	0	0	3
Ccl22	1	0	0	0	0	1
Ccl24	1	1	1	0	0	0
Ccl25	184	166	140	106	123	118
Ccl26	2	0	0	0	0	1
Ccl27a	1051	1024	864	780	943	935
Ccl27b	22	15	21	4	6	7
Ccl28	74	57	56	7	9	7
Ccl3	8	1	1	1	2	2
Ccl4	1	0	0	0	0	0
Ccl5	2	3	2	0	0	2
Ccl6	19	14	10	21	19	19
Ccl7	0	0	0	0	0	0
Ccl8	0	0	0	0	0	0
Ccl9	179	193	140	88	111	111
Ccm2	719	632	473	514	480	553
Ccm2l	24	21	24	24	23	29
Ccna1	3	1	1	4	1	2
Ccna2	1336	1317	1016	671	799	833
Ccnb1	8	10	4	4	7	6
Ccnb1ip1	0	0	0	22	41	36
Ccnb2	33	38	22	30	22	22
Ccnb3	1	2	1	0	3	0
Ccnc	2838	2523	1806	1778	1972	2235
Ccnd1	1163	1118	881	461	539	567
Ccnd2	275	301	247	122	107	69
Ccnd3	1119	1156	828	725	764	895
Ccndbp1	5938	5382	4022	6415	6963	7575
Ccne1	158	173	103	106	145	126
Ccne2	1070	955	689	640	682	773
Ccnf	109	98	100	93	89	112
Ccng1	7475	6808	4878	4364	4698	5369
Ccng2	1415	1455	961	1410	1494	1647
Ccnh	2419	2414	1660	1488	1756	1868
Ccni	11515	10742	7422	7442	7945	9207
Ccnj	956	872	586	619	652	807
Ccnjl	103	117	90	75	90	87
Ccnk	723	748	570	456	502	552
Ccnl1	3319	3260	2573	2549	2889	2892
Ccnl2	3759	3700	2769	3088	3387	3421
Ccno	20	19	10	1	4	8
Ccnt1	6191	5716	4511	4116	4794	5066
Ccnt2	3824	3442	2704	2658	3210	3298
Ccny	2702	2634	1888	1849	1908	2199
Ccnyl1	615	661	503	496	530	559
Ccp110	1967	2004	1482	1295	1559	1431
Ccpg1	4278	3974	3166	2755	3250	3359
Ccpg1os	433	431	356	354	394	404
Ccr1	7	7	1	0	0	1
Ccr10	74	80	63	63	63	63
Ccr1l1	0	0	0	0	0	0
Ccr2	2	1	1	6	2	2
Ccr3	0	1	1	0	0	0
Ccr4	0	1	0	2	0	0
Ccr5	31	14	15	9	9	15
Ccr6	0	0	0	9	2	5
Ccr7	0	0	2	1	0	1
Ccr8	0	0	0	0	0	0
Ccr9	346	283	260	201	268	229
Ccrl2	20	13	14	10	14	19
Ccs	720	673	544	514	593	633
Ccsap	1041	931	703	715	840	814
Ccser1	1895	1950	1472	1262	1503	1594
Ccser2	5146	4870	3616	3327	3703	4046
Cct2	6116	5826	4391	4000	4455	4899
Cct3	7206	6699	5218	4847	5147	5942
Cct4	7367	6707	5168	4506	4841	5428
Cct5	7832	7522	5738	5673	6282	7120
Cct6b	39	30	27	28	25	27
Cct7	5763	5393	4079	3666	3899	4515
Cct8	7405	7436	5362	4874	5494	6197
Cct8l1	11	8	11	7	4	4
Ccz1	2410	2207	1700	1584	1873	1992
Cd101	3	2	1	2	2	2
Cd109	4	5	5	10	17	2
Cd14	47	46	34	39	42	50
Cd151	877	881	621	503	556	616
Cd160	50	72	63	40	43	44
Cd163	5	8	7	1	3	2
Cd163l1	0	0	0	1	0	0
Cd164	3881	3511	2654	2584	3157	3239
Cd164l2	6	4	6	3	1	8
Cd177	1	0	1	2	0	0
Cd180	25	18	34	7	15	16
Cd19	11	12	10	6	9	5
Cd1d1	120	118	68	56	68	52
Cd1d2	4	5	7	6	19	5
Cd2	0	0	0	0	2	1
Cd200	1740	1545	1084	781	819	947
Cd200r1	1	0	1	86	102	123
Cd200r2	1	1	0	0	1	0
Cd200r3	1	0	0	0	1	2
Cd200r4	0	4	0	25	36	31
Cd207	13	32	5	16	25	24
Cd209a	0	1	1	0	2	0
Cd209b	0	0	0	0	0	0
Cd209c	8	12	10	7	9	4
Cd209d	0	0	0	0	0	0
Cd209e	0	0	0	0	0	0
Cd209f	0	0	0	0	0	0
Cd209g	1	0	0	0	0	0
Cd22	4	4	0	1	1	1
Cd226	1	1	3	4	3	1
Cd244	2	1	0	1	1	1
Cd247	846	799	623	584	692	645
Cd248	18	19	27	22	10	14
Cd24a	481	436	329	211	240	272
Cd27	11	14	9	14	16	17
Cd274	114	124	89	60	55	70
Cd276	273	259	233	148	201	200
Cd28	4	3	1	5	2	1
Cd2ap	1863	2000	1353	1128	1285	1336
Cd2bp2	4540	4266	3209	2993	3210	3591
Cd300a	20	16	14	2	7	7
Cd300c	0	0	0	0	0	0
Cd300c2	12	19	12	9	4	4
Cd300e	0	2	3	1	0	0
Cd300lb	0	0	0	0	0	0
Cd300ld	2	2	0	0	0	1
Cd300ld2	1	0	0	0	0	0
Cd300ld3	9	11	14	0	0	3
Cd300ld4	4	3	4	0	0	1
Cd300ld5	7	8	9	0	0	0
Cd300lf	13	21	11	14	15	20
Cd300lg	16	20	13	8	7	11
Cd302	219	205	135	134	138	149
Cd320	522	475	374	329	365	372
Cd33	24	24	14	8	10	9
Cd34	264	243	171	157	159	168
Cd36	250	230	155	109	118	163
Cd37	56	49	37	21	38	31
Cd38	59	52	37	13	9	18
Cd3d	0	0	1	1	0	0
Cd3e	0	0	0	0	0	0
Cd3eap	792	742	562	516	547	666
Cd3g	0	0	0	0	0	0
Cd4	20	14	17	6	13	16
Cd40	19	15	8	12	19	25
Cd40lg	0	0	0	0	0	0
Cd44	543	562	384	809	812	937
Cd46	2618	2829	2264	2148	2567	2301
Cd47	2396	2539	1698	1586	1851	1950
Cd48	9	6	5	5	2	6
Cd5	31	25	21	47	79	83
Cd52	17	16	13	11	14	5
Cd53	75	51	41	18	31	37
Cd55	45	33	26	23	30	17
Cd55b	1	1	0	2	1	0
Cd59a	1948	1901	1266	1714	1890	2069
Cd59b	112	101	82	178	177	192
Cd5l	3	7	0	0	0	0
Cd6	0	0	1	0	5	0
Cd63	519	618	392	381	442	422
Cd68	50	58	39	24	42	41
Cd69	2	1	0	0	0	0
Cd7	2	0	1	0	0	1
Cd70	1	2	5	0	4	4
Cd72	684	683	460	420	446	435
Cd74	76	89	59	15	18	19
Cd79a	29	31	28	23	33	32
Cd79b	6	3	2	1	2	5
Cd80	3	4	1	3	0	2
Cd81	7098	6674	4748	4719	5108	5849
Cd82	327	342	219	156	171	162
Cd83	365	361	257	242	227	316
Cd84	31	29	29	15	22	17
Cd86	14	14	10	8	5	5
Cd8a	9	8	7	0	1	3
Cd8b1	0	2	0	0	0	0
Cd9	1518	1527	981	1097	1240	1469
Cd93	176	177	140	89	94	88
Cd96	0	1	0	0	1	2
Cd99l2	1388	1395	1054	1097	1135	1245
Cda	44	67	49	26	35	35
Cdadc1	1090	1286	788	759	895	898
Cdan1	3086	3188	2493	2800	3209	3205
Cdc123	1814	1863	1365	1198	1356	1471
Cdc14a	1365	1232	870	865	956	1028
Cdc14b	756	687	518	555	610	698
Cdc16	2811	2702	2006	2019	2288	2495
Cdc20	22	25	16	29	13	28
Cdc20b	2	5	0	1	3	5
Cdc23	3478	3243	2434	2716	3044	3343
Cdc25a	219	160	133	248	302	316
Cdc25b	265	258	149	163	189	173
Cdc25c	42	67	35	44	39	58
Cdc26	1087	1037	738	671	691	765
Cdc27	2752	2544	1859	1896	2219	2370
Cdc34	1758	1702	1269	1223	1238	1479
Cdc34b	38	50	32	39	35	35
Cdc37	3123	3339	2358	2081	2342	2617
Cdc37l1	3538	3279	2432	2241	2569	2603
Cdc40	1024	1187	873	838	897	911
Cdc42	10265	9282	6670	7359	7999	9117
Cdc42bpa	10094	9404	7244	6241	7202	7370
Cdc42bpb	5596	5065	3911	3570	3908	4054
Cdc42bpg	694	669	494	574	719	619
Cdc42ep1	281	242	161	136	173	201
Cdc42ep2	84	81	53	81	69	73
Cdc42ep3	832	782	518	632	631	714
Cdc42ep4	3086	2851	2104	2111	2249	2516
Cdc42se1	1155	1125	803	668	768	827
Cdc42se2	2386	2290	1575	1548	1728	1867
Cdc45	192	171	136	121	137	153
Cdc5l	3991	3838	2854	2743	2808	3230
Cdc6	36	22	27	27	37	30
Cdc7	1449	1359	1018	1345	1524	1628
Cdc73	3389	3077	2324	2111	2515	2559
Cdca2	64	71	54	34	51	56
Cdca3	120	106	90	71	110	112
Cdca4	411	418	312	329	306	338
Cdca5	0	0	0	1	1	5
Cdca7	71	63	39	41	46	51
Cdca7l	50	50	36	39	52	52
Cdca8	58	107	60	58	82	75
Cdcp1	4	8	5	1	3	5
Cdcp2	0	1	0	3	0	0
Cdh1	24	36	23	30	17	23
Cdh10	341	332	178	162	221	257
Cdh11	2624	2589	1840	2012	2220	2486
Cdh12	909	848	644	589	694	804
Cdh13	315	311	247	200	237	215
Cdh15	3	3	5	4	7	7
Cdh16	101	81	75	33	35	34
Cdh17	43	36	17	19	24	25
Cdh18	682	762	533	431	493	569
Cdh19	27	44	28	28	21	19
Cdh2	5030	4623	3337	3144	3557	3651
Cdh20	727	669	509	560	623	681
Cdh22	432	415	285	302	371	378
Cdh23	39	46	41	54	43	63
Cdh24	279	268	232	326	335	375
Cdh26	1	2	4	2	0	1
Cdh3	45	43	40	16	36	20
Cdh4	1237	1272	981	726	781	828
Cdh5	128	159	107	82	91	73
Cdh6	258	238	177	150	163	145
Cdh7	754	668	419	419	448	521
Cdh8	1431	1431	1012	870	926	1065
Cdh9	372	342	270	213	271	298
Cdhr1	28099	27569	21346	18373	19982	21274
Cdhr2	9	12	13	3	8	9
Cdhr3	7	11	5	21	19	16
Cdhr4	15	19	14	18	23	27
Cdhr5	2	6	0	2	2	1
Cdip1	5720	5509	4148	3975	4261	4819
Cdipt	2603	2442	1736	1638	1876	2004
Cdk1	9	12	6	6	6	4
Cdk10	1440	1433	1124	1106	1186	1256
Cdk11b	1643	1660	1243	1132	1281	1306
Cdk12	2901	2745	2099	1708	2044	2028
Cdk13	6523	5962	4738	5031	5828	6197
Cdk14	6041	5912	4068	3189	3705	4020
Cdk15	54	52	28	33	26	43
Cdk16	3588	3560	2596	2569	2888	3149
Cdk17	2317	2068	1564	2037	2074	2442
Cdk18	192	206	143	156	195	220
Cdk19	6487	6157	4625	4236	5068	5220
Cdk19os	76	74	63	48	49	61
Cdk2	145	141	112	101	104	101
Cdk20	612	696	520	440	493	532
Cdk2ap1	1204	1129	850	824	905	1032
Cdk2ap2	2307	2259	1860	1848	1982	2149
Cdk4	2580	2449	1719	1794	1981	2146
Cdk5	2240	2065	1501	1507	1538	1734
Cdk5r1	4083	3914	2626	2773	3010	3405
Cdk5r2	1994	1860	1441	1312	1418	1472
Cdk5rap1	388	409	409	317	364	392
Cdk5rap2	4989	4623	3569	3178	3655	3999
Cdk5rap3	1084	1065	722	704	811	877
Cdk6	291	331	238	199	240	234
Cdk7	2463	2411	1755	1697	1867	1977
Cdk8	2481	2305	1760	1666	1886	2046
Cdk9	1147	1058	787	830	859	976
Cdkal1	1458	1479	1059	911	1014	1136
Cdkl1	189	188	146	143	157	172
Cdkl2	1189	1121	803	738	849	878
Cdkl3	946	887	665	660	741	788
Cdkl4	103	80	64	69	67	78
Cdkl5	2794	2566	2043	1929	2250	2397
Cdkn1a	20	30	27	17	8	12
Cdkn1b	8510	7826	5384	5747	6354	7089
Cdkn1c	664	598	425	503	531	578
Cdkn2a	0	0	0	0	0	0
Cdkn2aip	2094	2377	1615	1557	1445	1742
Cdkn2aipnl	1255	1220	893	688	733	767
Cdkn2b	25	25	19	25	30	37
Cdkn2c	900	760	579	621	634	741
Cdkn2d	598	516	366	394	403	474
Cdkn3	26	16	11	19	29	30
Cdnf	231	237	171	183	201	237
Cdo1	237	268	223	205	200	182
Cdon	4825	4465	3506	2583	2795	2997
Cdpf1	188	204	139	122	106	154
Cdr1	182	227	138	192	178	130
Cdr2	9294	9044	6868	7282	7468	8238
Cdr2l	729	675	474	532	562	568
Cdrt4	8	7	3	2	6	3
Cdrt4os1	9	4	3	1	2	2
Cdrt4os2	1	1	1	0	0	0
Cds1	16033	14783	11445	11628	12186	13499
Cds2	27711	25564	19999	17267	19199	21163
Cdsn	17	22	15	7	15	13
Cdt1	88	93	70	57	70	66
Cdv3	5981	5500	4086	3609	3975	4557
Cdx1	0	0	0	0	0	0
Cdx2	0	0	0	0	0	0
Cdx4	0	0	0	0	0	0
Cdyl	2187	1910	1383	1398	1589	1789
Cdyl2	103	89	84	82	79	91
Ceacam-ps1	0	0	0	0	0	0
Ceacam1	97	110	99	80	115	102
Ceacam10	3	3	7	5	7	6
Ceacam11	0	0	0	0	0	0
Ceacam12	0	0	0	0	0	0
Ceacam13	0	0	0	0	0	0
Ceacam14	0	0	0	0	0	0
Ceacam15	0	0	0	0	0	0
Ceacam16	16	24	10	20	12	14
Ceacam18	2	3	0	1	4	4
Ceacam19	0	0	0	0	0	0
Ceacam2	80	73	46	54	63	44
Ceacam20	0	0	0	1	0	0
Ceacam3	34	32	20	13	17	16
Ceacam5	0	0	0	0	0	0
Ceacam9	0	0	1	0	1	1
Cebpa	48	47	29	30	18	32
Cebpb	65	53	35	43	37	41
Cebpd	327	373	176	138	165	161
Cebpe	0	1	1	1	0	0
Cebpg	2449	2312	1692	1689	1753	1893
Cebpz	3146	2902	2253	1932	2055	2295
Cebpzos	1800	1653	1263	928	975	1117
Cecr2	4335	4118	3175	3126	3589	3806
Cecr5	648	564	478	384	511	508
Cecr6	120	109	84	86	96	98
Cel	3	4	4	4	5	3
Cela1	24	22	20	14	15	20
Cela2a	58	72	62	54	66	93
Cela3a	0	0	0	0	0	0
Cela3b	0	0	0	0	0	0
Celf1	6004	5473	4216	4061	4620	4748
Celf2	5313	5197	3848	3625	4225	4278
Celf3	2393	2292	1747	1706	1893	2035
Celf4	8240	7873	5249	5393	5595	6383
Celf5	538	586	391	372	411	424
Celf6	300	280	196	239	208	222
Celsr1	118	141	95	87	105	92
Celsr2	1401	1424	1122	881	1199	1127
Celsr3	4061	4052	3280	2728	3197	3143
Cemip	516	479	367	404	475	492
Cend1	2864	2654	1865	1655	1824	2172
Cenpa	56	63	56	48	47	57
Cenpb	3368	3062	2394	2589	2769	3090
Cenpc1	2419	2289	1669	1688	1831	2075
Cenpe	183	203	161	189	207	202
Cenpf	35	30	26	33	42	39
Cenph	17	18	14	12	6	12
Cenpi	61	48	35	39	68	53
Cenpj	516	506	387	246	300	303
Cenpk	24	28	17	8	17	19
Cenpl	157	169	105	92	101	121
Cenpm	20	34	12	14	17	29
Cenpn	90	110	89	74	81	105
Cenpo	574	634	496	404	477	546
Cenpp	79	75	51	60	62	69
Cenpq	381	405	289	264	301	378
Cenpt	349	314	246	247	257	274
Cenpu	214	232	153	131	153	184
Cenpv	159	135	96	108	112	132
Cenpw	34	31	14	34	30	34
Cep104	1349	1432	994	962	1135	1223
Cep112	1543	1479	1041	451	511	580
Cep112it	36	45	35	11	13	8
Cep112os1	173	193	140	66	104	109
Cep120	6155	5658	4338	4111	4576	4958
Cep126	1052	1060	752	647	749	814
Cep128	659	619	474	241	259	263
Cep131	628	546	500	590	700	664
Cep135	1303	1275	966	902	1077	1161
Cep152	699	665	546	556	592	664
Cep162	1117	1015	802	947	1074	1088
Cep164	6751	6411	5301	4520	5319	5239
Cep170	3962	3664	2737	2540	2947	3205
Cep170b	3655	3413	2535	2400	2583	2821
Cep19	1592	1481	1075	916	1049	1113
Cep192	997	951	703	584	716	764
Cep250	5787	5047	4478	3748	4463	4048
Cep290	8707	8392	6584	6047	7442	7299
Cep295	1724	1636	1183	1070	1331	1315
Cep350	9236	8392	7164	5473	6549	6489
Cep41	772	748	587	473	537	525
Cep44	838	776	589	582	689	743
Cep55	8	7	3	5	4	0
Cep57	1534	1477	1033	1157	1305	1416
Cep57l1	497	434	378	340	390	388
Cep63	2042	1997	1539	1088	1291	1294
Cep68	1353	1209	941	973	1160	1254
Cep70	749	743	548	617	750	717
Cep72	131	147	91	110	136	133
Cep76	1071	975	763	724	750	952
Cep78	678	682	519	467	551	530
Cep83	758	651	519	464	519	544
Cep85	2562	2111	1740	2746	3014	3148
Cep85l	317	378	249	278	272	303
Cep89	712	746	613	634	638	782
Cep95	889	841	658	635	848	703
Cep97	1495	1436	1192	1155	1373	1428
Cept1	2233	1924	1478	1477	1688	1899
Cer1	1	3	3	1	0	2
Cercam	99	99	90	90	100	91
Cerk	8322	7867	6141	5643	6247	6736
Cerkl	1145	1141	906	3401	4056	3907
Cers1	719	690	535	494	485	591
Cers2	1617	1623	1190	1088	1221	1287
Cers3	31	40	22	12	6	14
Cers4	5170	5058	3841	4266	5121	5135
Cers5	1762	1678	1214	1255	1356	1417
Cers6	1605	1632	1194	956	1060	1224
Ces1a	0	0	0	100	139	130
Ces1b	2	1	0	0	0	0
Ces1c	1	0	0	0	0	0
Ces1d	42	38	31	13	7	10
Ces1e	2	0	1	1	0	1
Ces1f	0	0	0	0	0	0
Ces1g	0	0	0	0	0	0
Ces1h	0	0	0	0	0	0
Ces2a	0	0	0	0	0	0
Ces2b	4	2	1	2	2	1
Ces2c	0	0	0	0	0	0
Ces2d-ps-001	0	0	0	0	0	0
Ces2e	0	0	1	0	0	0
Ces2f	0	0	7	1	3	3
Ces2g	1	2	7	0	2	2
Ces2h	0	0	0	0	0	0
Ces2h-001	0	0	0	0	0	0
Ces3a	0	0	0	0	0	0
Ces3b	0	0	0	0	0	0
Ces4a	0	0	1	0	1	0
Ces5a	7	9	7	8	9	10
Cetn1	0	0	0	0	0	0
Cetn2	1890	1877	1325	1252	1417	1546
Cetn3	2402	2296	1646	1714	2013	2072
Cetn4	394	382	271	174	216	218
Cfap100	89	81	54	60	53	85
Cfap126	42	41	28	16	19	21
Cfap157	105	113	105	78	97	83
Cfap161	5	3	2	2	4	2
Cfap20	1533	1548	1162	1104	1180	1335
Cfap206	234	249	187	432	519	523
Cfap221	3	7	9	4	3	4
Cfap36	4021	3947	2869	3145	3559	3961
Cfap43	32	30	22	22	41	26
Cfap44	22	31	21	29	27	33
Cfap45	9	9	8	11	9	17
Cfap46	83	105	70	138	175	165
Cfap52	5	2	3	0	4	1
Cfap53	138	141	79	35	41	45
Cfap54	415	418	289	1062	1202	1267
Cfap57	47	48	40	20	33	31
Cfap58	25	34	25	99	92	113
Cfap61	1269	1242	988	792	924	967
Cfap69	1002	1091	764	595	742	767
Cfap70	258	238	170	74	115	112
Cfap73	8	8	5	6	9	6
Cfap74	360	365	300	287	363	341
Cfap77	2	2	2	3	4	2
Cfap97	3755	3535	2665	2355	2812	2953
Cfap99	65	66	62	67	78	81
Cfb	315	305	219	203	235	237
Cfc1	0	0	0	0	0	1
Cfd	4	6	5	2	3	7
Cfdp1	4304	3978	2829	2670	3080	3407
Cfh	686	786	633	425	642	505
Cfhr1	0	0	0	0	0	0
Cfhr2	4	7	6	6	2	6
Cfhr3-001	0	0	0	0	0	0
Cfi	110	89	65	7	18	11
Cfl1	9594	8743	6275	6393	6856	7620
Cfl2	3516	3113	2109	1939	2190	2389
Cflar	2428	2421	1805	1931	2067	2223
Cfp	265	281	206	209	236	236
Cftr	69	68	49	10	22	19
Cga	0	0	0	0	0	0
Cggbp1	5152	4860	3520	3194	3323	3807
Cgn	905	831	603	531	584	539
Cgnl1	786	782	526	352	374	394
Cgref1	307	262	191	193	216	277
Cgrrf1	876	818	584	560	689	742
Ch25h	24	8	11	0	2	1
Chac1	156	137	127	28	48	46
Chac2	704	580	438	436	450	557
Chad	1	5	5	11	2	5
Chadl	351	316	260	278	282	328
Chaf1a	408	427	298	275	317	352
Chaf1b	10	13	7	9	9	13
Champ1	2077	1923	1506	1407	1611	1740
Chat	540	407	362	334	379	364
Chchd1	906	902	641	669	721	841
Chchd10	1939	1857	1298	1314	1356	1478
Chchd2	6777	6295	4848	4780	5161	5598
Chchd3	3345	3250	2550	2559	2611	2911
Chchd4	1162	1082	829	806	816	888
Chchd5	703	575	446	275	312	328
Chchd6	812	725	563	512	545	622
Chchd7	1670	1648	1191	1226	1287	1362
Chd1	5924	5739	4349	4080	4561	4877
Chd1l	1228	1119	797	902	1014	1003
Chd2	7853	7193	5680	5092	6003	6328
Chd3	5350	5188	3862	4188	4658	4935
Chd3os	2665	2472	1819	2329	2544	2950
Chd4	12539	11652	9156	8259	9287	9263
Chd5	3293	3014	2426	1635	1845	1944
Chd6	6490	5917	4769	4041	4768	4739
Chd7	10435	10582	8682	7029	7992	7935
Chd8	5850	5657	4304	3632	4403	4448
Chd9	11750	10648	8334	6201	7314	7570
Chdh	312	267	214	178	215	235
Chek1	42	60	41	30	37	48
Chek2	54	65	53	42	44	46
Cherp	903	925	674	540	618	610
Chfr	2052	1968	1500	1507	1750	1762
Chga	5519	5334	3712	3828	4014	4647
Chgb	10567	10137	7809	7203	8144	8787
Chia1	8	10	8	0	0	0
Chic1	2312	2006	1551	1504	1675	1770
Chic2	1432	1358	1010	945	1117	1192
Chid1	1328	1197	1019	866	1004	1101
Chil1	723	581	445	416	487	511
Chil3	2	1	0	0	0	1
Chil4	0	0	0	0	0	0
Chil5	5	24	28	1	1	3
Chil6	0	0	0	0	0	0
Chit1	3	4	1	0	2	4
Chka	1018	999	824	683	765	810
Chkb	1892	1937	1394	1422	1561	1613
Chl1	563	490	383	358	428	344
Chm	3381	3048	2108	2140	2325	2608
Chml	938	863	606	612	654	649
Chmp1a	1919	1848	1427	1305	1460	1611
Chmp1b	1460	1393	1005	942	978	1197
Chmp2a	4085	3851	2974	2836	3131	3393
Chmp2b	1259	1225	926	767	943	1015
Chmp3	3839	3748	2758	2539	2866	3249
Chmp4b	4622	4301	3175	3121	3216	3718
Chmp4c	72	101	67	42	43	40
Chmp5	4542	4259	3139	2986	3316	3710
Chmp6	1454	1325	1024	967	1053	1040
Chmp7	2885	2558	1941	1862	2072	2321
Chn1	8400	7952	5819	5763	5990	6948
Chn1os1	1625	1508	1146	1141	1166	1355
Chn1os3	1618	1564	1115	1148	1147	1355
Chn2	1153	990	725	852	868	1062
Chodl	118	115	87	74	92	79
Chordc1	2475	2438	1817	1557	1793	1953
Chp1	2426	2312	1727	1705	1765	1904
Chp2	21	10	11	15	12	10
Chpf	1295	1242	985	823	911	941
Chpf2	2010	1980	1492	1372	1656	1608
Chpt1	1475	1412	914	884	1012	1046
Chrac1	1327	1327	952	1044	1266	1323
Chrd	148	185	122	122	157	143
Chrdl1	1275	1051	732	630	714	780
Chrdl2	0	0	2	1	0	2
Chrm1	255	243	173	152	176	202
Chrm2	818	691	544	590	644	728
Chrm3	399	345	259	233	247	257
Chrm4	33	35	22	35	25	32
Chrm5	20	22	13	15	11	16
Chrna1	25	16	11	17	14	23
Chrna10	4	8	3	3	3	2
Chrna1os	27	36	16	14	17	24
Chrna2	258	198	177	159	159	149
Chrna3	190	178	124	138	172	163
Chrna4	645	638	454	566	568	620
Chrna5	227	182	99	309	349	292
Chrna6	5037	4473	3173	3431	3527	4093
Chrna7	384	397	283	197	258	281
Chrna9	0	0	0	0	0	0
Chrnb1	570	474	421	603	791	749
Chrnb2	4132	3779	3001	2640	2891	3274
Chrnb3	1345	1307	908	1110	1233	1290
Chrnb4	88	108	65	56	77	71
Chrnd	0	0	0	0	0	0
Chrne	17	10	6	15	12	17
Chrng	14	11	5	11	4	14
Chst1	688	674	504	468	518	608
Chst10	762	734	486	552	558	664
Chst11	481	464	357	313	331	382
Chst12	125	145	97	113	125	130
Chst13	0	0	0	1	0	0
Chst14	65	61	49	74	62	76
Chst15	337	289	240	206	229	269
Chst2	3284	3146	2134	2951	3061	3540
Chst3	2438	2206	1891	1236	1385	1381
Chst4	0	0	2	0	0	0
Chst5	2	4	3	2	3	5
Chst7	7	11	12	0	6	9
Chst8	93	55	47	41	49	46
Chst9	337	347	213	225	274	291
Chsy1	4241	4031	3130	3446	3728	4352
Chsy3	40	40	28	24	34	30
Chtf18	2787	2575	1893	1832	2045	2319
Chtf8	4033	3684	2793	2458	2796	3032
Chtop	10667	10397	7911	7441	7845	8740
Chuk	2600	2394	1907	1676	2113	2024
Churc1	986	876	674	601	652	805
Ciao1	2427	2475	1739	1634	1765	2021
Ciapin1	2252	2071	1680	1902	1867	2193
Ciart	787	825	533	422	501	520
Cib1	307	270	212	222	229	279
Cib2	268	265	176	172	234	239
Cib3	0	0	0	0	0	0
Cib4	0	2	0	3	0	1
Cic	3324	3252	2605	2388	2643	2595
Cidea	49	42	33	30	36	38
Cideb	103	78	66	74	75	86
Cidec	0	0	0	0	0	0
Ciita	50	55	47	31	43	42
Cilp	10	9	6	11	8	12
Cilp2	46	48	44	28	46	48
Cinp	1067	922	683	658	787	835
Cipc	4475	4062	3014	2959	3088	3517
Cir1	1441	1410	1048	1077	1236	1297
Cirbp	9768	8770	5992	7325	8183	8932
Cirh1a	874	832	587	573	632	674
Cisd1	2861	2636	1964	1913	2042	2423
Cisd2	3664	3613	2565	2151	2547	2781
Cisd3	537	550	355	373	380	428
Cish	173	145	104	111	128	142
Cit	543	543	425	325	388	389
Cited1	59	53	23	38	30	44
Cited2	2463	2566	1827	1923	1825	2061
Cited4	77	71	41	22	30	30
Ciz1	1565	1567	1299	1260	1378	1317
Ckap2	54	45	19	11	11	15
Ckap2l	28	30	17	9	5	11
Ckap4	1267	1158	863	897	914	1039
Ckap5	13601	12230	9742	8817	10086	10757
Ckb	41734	37925	28533	22647	23300	26463
Cklf	134	95	80	66	99	114
Ckm	83	76	56	65	57	73
Ckmt1	4632	4138	3476	2690	2864	3258
Ckmt2	2	4	1	2	3	4
Cks1b	44	54	47	33	42	40
Cks1brt	0	0	0	0	0	0
Cks2	83	78	59	44	66	61
Clasp1	8789	8229	6835	5936	7126	7494
Clasp2	12171	11239	8554	8229	9575	9938
Clasrp	1346	1400	1056	1099	1223	1271
Clca1	447	434	384	333	322	317
Clca2	0	0	0	0	0	0
Clca3a1	8	4	5	18	16	24
Clca3a2	1	1	2	7	3	2
Clca3b	5	4	3	0	7	19
Clca4a	4	4	5	2	1	1
Clca4b	0	0	0	0	0	0
Clca4c-ps	19	36	33	14	27	40
Clcc1	1789	1679	1315	1282	1530	1597
Clcf1	54	56	40	36	38	43
Clcn1	170	176	135	121	195	160
Clcn2	680	697	516	516	538	551
Clcn3	16656	15007	11173	11165	12815	14005
Clcn4	7309	7179	5237	4742	5330	5839
Clcn5	761	709	511	523	601	578
Clcn6	3606	3566	2727	2969	3376	3456
Clcn7	2845	2844	2085	1678	1789	2032
Clcnka	1	3	3	1	2	0
Clcnkb	0	1	1	1	5	6
Cldn1	103	104	89	27	36	24
Cldn10	22	29	32	20	26	16
Cldn11	9	14	6	40	27	19
Cldn12	4066	3922	2759	2852	3095	3609
Cldn13	0	0	0	0	0	0
Cldn14	0	0	0	1	0	0
Cldn15	38	37	38	37	21	29
Cldn16	0	0	0	0	0	0
Cldn17	0	0	0	0	0	0
Cldn18	0	0	0	0	0	0
Cldn19	145	160	122	25	18	18
Cldn2	202	190	172	27	23	13
Cldn20	11	11	11	11	18	16
Cldn22	16	16	19	14	24	23
Cldn23	404	396	286	40	41	41
Cldn24	6	6	8	9	18	14
Cldn3	13	8	10	0	4	4
Cldn34a	0	0	0	0	0	0
Cldn34b1	0	0	1	0	0	0
Cldn34b2	0	0	1	0	0	0
Cldn34b3	0	0	0	0	0	0
Cldn34b4	0	0	0	0	0	0
Cldn34c1	662	623	436	352	472	498
Cldn34c2	56	52	22	25	33	41
Cldn34c3	9	13	11	6	9	13
Cldn34c4	0	0	0	0	0	0
Cldn34d	0	0	0	0	0	0
Cldn4	6	9	4	1	4	3
Cldn5	531	444	283	346	321	381
Cldn6	2	0	0	0	0	0
Cldn7	72	52	45	51	53	56
Cldn8	1	0	0	0	0	1
Cldn9	1	4	6	3	2	6
Cldnd1	1827	1997	1196	1406	1590	1683
Cldnd2	5	1	3	3	3	3
Clec10a	12	8	8	17	16	13
Clec11a	166	182	133	169	201	199
Clec12a	0	1	0	2	0	0
Clec12b	2	0	0	1	0	0
Clec14a	140	105	90	46	42	73
Clec16a	2680	2605	2074	1967	2244	2368
Clec18a	120	127	97	67	58	43
Clec1a	31	25	18	17	16	20
Clec1b	8	3	5	0	3	4
Clec2d	272	193	161	146	157	178
Clec2e	1	0	0	0	0	0
Clec2f	0	0	0	0	0	1
Clec2g	1	1	0	9	8	9
Clec2h	0	0	0	0	0	1
Clec2i	1	1	0	0	0	0
Clec2j-001	0	0	0	0	0	1
Clec2j-002	0	0	0	1	0	1
Clec2l	956	759	546	497	486	635
Clec3a	0	0	0	0	0	0
Clec3b	3	2	3	3	3	2
Clec4a1	5	6	2	1	3	3
Clec4a2	5	0	4	1	1	2
Clec4a3	6	6	4	1	2	2
Clec4a4	0	1	0	1	0	0
Clec4b1	0	0	0	1	0	0
Clec4b2	0	0	0	0	0	0
Clec4d	0	0	1	0	0	0
Clec4e	1	0	0	0	0	0
Clec4f	2	1	0	0	0	0
Clec4g	3	1	1	1	4	2
Clec4n	5	1	1	1	0	0
Clec5a	19	16	16	15	12	9
Clec7a	32	19	20	6	3	3
Clec9a	2	7	4	1	4	0
Clgn	208	150	120	109	102	119
Clhc1	15	15	5	4	4	5
Clic1	347	358	265	248	265	312
Clic3	108	122	101	138	130	160
Clic4	1376	1409	982	919	984	1037
Clic5	129	126	91	85	67	74
Clic6	294	370	276	272	334	319
Clint1	1132	1207	800	796	879	933
Clip1	5583	5181	4220	3621	4107	4241
Clip2	874	907	688	599	696	743
Clip3	1165	1330	1032	918	1110	1077
Clip4	1974	2009	1310	1349	1539	1587
Clk1	10746	11007	8530	7798	8797	9283
Clk2	1569	1481	1198	1144	1395	1396
Clk3	1865	1805	1346	1271	1402	1454
Clk4	3604	3590	2755	2729	3229	3176
Clmn	603	599	477	281	338	314
Clmp	509	453	331	325	342	360
Cln3	786	798	612	634	656	672
Cln5	1333	1259	907	883	942	1015
Cln6	835	707	484	484	574	700
Cln8	1237	1321	912	895	897	975
Clnk	18	6	14	16	12	12
Clnkos	1	3	0	1	4	0
Clns1a	1988	1960	1454	1296	1459	1628
Clock	9095	8346	6257	6031	6820	7314
Clp1	1166	935	692	615	694	798
Clpb	2596	2446	1898	1740	1876	2147
Clpp	1437	1270	959	980	1002	1129
Clps	0	0	0	0	1	1
Clpsl2	0	0	0	0	0	0
Clptm1	5336	5272	3918	3657	3941	4261
Clptm1l	2413	2303	1745	1586	1755	1842
Clpx	3626	3359	2393	2543	2905	3159
Clrn1	354	374	238	184	247	287
Clrn2	3	3	2	1	3	4
Clrn3	0	0	1	0	1	0
Clspn	15	19	12	10	13	14
Clstn1	61762	56418	44120	39107	41319	46305
Clstn2	951	836	630	577	681	696
Clstn3	4008	3876	2866	3077	3437	3810
Clta	5422	5202	4017	4369	4616	5279
Cltb	6019	5801	4110	4036	4320	4824
Cltc	29417	26571	21097	18062	20614	21668
Clu	15175	14863	10359	7212	7585	8488
Cluap1	1610	1560	1297	1207	1309	1485
Cluh	2435	2276	1841	1661	1774	1801
Clvs1	934	840	603	535	585	644
Clvs2	203	243	135	125	117	155
Clybl	200	215	157	113	144	149
Cma1	0	0	0	0	1	1
Cma2	0	0	0	0	0	0
Cmah	33	49	54	19	28	27
Cmas	2259	2076	1371	1570	1790	2013
Cmbl	132	137	85	66	75	83
Cmc1	379	406	235	255	306	322
Cmc2	311	311	219	207	214	219
Cmc4	368	379	262	280	280	318
Cmip	925	982	750	701	796	737
Cmklr1	19	21	8	15	11	16
Cmpk1	3764	3617	2432	2493	2743	3201
Cmpk2	740	638	440	449	490	505
Cmss1	169	202	138	127	151	148
Cmtm1	1	0	0	0	1	0
Cmtm2a	0	0	0	0	0	0
Cmtm2b	0	1	0	0	0	0
Cmtm3	76	64	51	34	31	32
Cmtm4	6049	5590	4437	4258	4651	4904
Cmtm5	56	53	41	69	98	98
Cmtm6	886	817	564	568	590	622
Cmtm7	29	31	18	25	18	31
Cmtm8	86	87	76	76	66	72
Cmtr1	6651	6524	4796	4716	5388	5747
Cmtr2	1026	855	627	567	583	638
Cmya5	53	63	35	18	29	22
Cnbd1	0	1	0	1	0	0
Cnbd2	931	841	660	758	824	889
Cnbp	13645	12903	8953	9010	10287	11435
Cndp1	8	12	0	5	3	5
Cndp2	2211	2234	1493	1345	1438	1598
Cnep1r1	561	556	435	359	472	439
Cnfn	11	11	7	1	7	5
Cnga1	41622	39956	30112	26887	30336	34118
Cnga2	4	3	3	0	1	0
Cnga3	670	627	506	240	293	348
Cnga4	33	23	18	11	17	15
Cngb1	28612	27376	21955	21155	23937	25259
Cngb3	1431	1446	1060	903	947	991
Cnih1	2845	2616	1967	1889	1982	2310
Cnih2	722	692	485	532	596	639
Cnih3	217	196	133	122	172	160
Cnih4	1695	1596	1156	1114	1312	1328
Cnksr1	162	140	105	64	82	80
Cnksr2	1462	1274	1011	916	996	1073
Cnksr3	452	427	304	295	315	359
Cnn1	16	14	12	26	21	21
Cnn2	103	123	87	58	74	64
Cnn3	2865	2895	1928	1572	1631	1813
Cnnm1	1348	1276	928	786	846	929
Cnnm2	1203	1201	925	810	900	974
Cnnm3	839	929	669	717	734	745
Cnnm4	4193	4081	3068	2610	2927	3157
Cnot1	7267	7149	5427	4610	5361	5575
Cnot10	3080	2761	2295	2167	2550	2712
Cnot11	1756	1697	1219	1107	1212	1360
Cnot2	4345	4127	3095	2876	3212	3585
Cnot3	913	979	765	706	793	846
Cnot4	1824	1784	1298	1238	1345	1446
Cnot6	9361	8734	6796	5942	6788	7260
Cnot6l	4697	4353	3370	2950	3443	3603
Cnot7	5548	5170	3715	3066	3579	3973
Cnot8	1929	1826	1300	1750	2007	2272
Cnot9	1289	1282	956	953	1018	1036
Cnp	743	621	459	494	444	509
Cnppd1	1260	1127	891	864	938	1069
Cnpy1	2	5	5	3	0	2
Cnpy2	1301	1239	1061	966	1002	1138
Cnpy3	2733	2451	2021	1961	2054	2301
Cnpy4	382	416	273	432	512	520
Cnr1	1385	1288	956	939	1035	1126
Cnr2	4	3	4	9	8	7
Cnrip1	1929	1750	1309	1329	1420	1548
Cnst	4392	3952	2991	2732	2904	3309
Cntd1	1254	1183	854	833	928	1025
Cntf	211	195	146	126	136	131
Cntfr	518	526	363	438	473	475
Cntln	5415	4861	3947	2981	3511	3654
Cntn1	6597	6123	4443	3862	4501	4848
Cntn2	571	558	385	358	406	398
Cntn3	117	112	79	94	92	107
Cntn4	4148	3825	2936	2803	3045	3502
Cntn5	732	674	485	410	450	517
Cntn6	850	822	568	505	595	624
Cntnap1	2074	1962	1421	1393	1632	1663
Cntnap2	4299	3930	2852	2447	2783	3061
Cntnap3	55	64	29	22	21	20
Cntnap4	413	333	270	215	304	290
Cntnap5a	1052	985	767	795	1021	988
Cntnap5b	228	208	155	156	175	219
Cntnap5c	23	35	28	22	22	22
Cntrl	933	1000	745	634	835	761
Cntrob	710	715	503	509	617	587
Cntrobos	0	0	1	0	0	1
Coa3	1168	1077	803	600	712	771
Coa4	258	249	168	181	249	235
Coa5	3700	3625	2687	2606	2882	3255
Coa6	411	423	281	251	291	378
Coa7	1402	1396	1028	1047	1217	1262
Coasy	707	702	574	505	550	634
Cobl	650	706	498	362	435	477
Cobll1	113	92	79	36	44	48
Coch	954	875	498	478	552	599
Cog1	2610	2561	1936	1963	2074	2329
Cog2	1589	1418	1143	1094	1205	1267
Cog3	2041	1947	1455	1342	1608	1736
Cog4	2110	1933	1501	1379	1514	1740
Cog5	2794	2610	2045	1765	1909	2230
Cog6	2741	2529	2028	1927	2178	2480
Cog7	1863	1597	1315	1220	1335	1589
Cog8	2068	2038	1578	1493	1618	1871
Coil	1186	1149	873	703	695	853
Col10a1	34	26	22	16	21	23
Col11a1	622	586	354	252	256	251
Col11a2	769	805	523	1343	1448	1455
Col12a1	338	318	263	348	421	337
Col13a1	28	23	12	58	41	59
Col14a1	26	22	15	23	22	21
Col15a1	56	68	60	85	63	71
Col16a1	131	139	83	157	143	138
Col17a1	224	170	151	98	124	146
Col18a1	2438	2478	1859	902	766	713
Col19a1	344	338	221	276	301	312
Col1a1	94	75	55	113	94	94
Col1a2	330	371	224	282	294	213
Col20a1	936	863	758	718	812	804
Col22a1	223	205	169	64	64	85
Col23a1	3448	3208	2376	2804	2370	3066
Col24a1	101	119	85	119	114	142
Col25a1	699	604	463	348	388	429
Col26a1	154	147	88	4	6	5
Col27a1	721	676	515	800	897	764
Col28a1	15	10	4	9	15	9
Col2a1	2652	2591	1875	1303	1727	1579
Col3a1	52	77	53	85	92	54
Col4a1	1301	1329	904	1357	1424	1471
Col4a2	1004	1041	697	997	1006	1065
Col4a3	1124	1172	1050	256	337	301
Col4a3bp	6951	6163	4801	4262	4628	5013
Col4a4	343	381	344	73	144	108
Col4a5	1006	1015	770	737	751	716
Col4a6	279	333	189	169	114	102
Col5a1	492	545	397	354	419	405
Col5a2	58	64	45	131	132	130
Col5a3	104	119	97	92	119	96
Col6a1	1772	1647	1274	1833	1971	2060
Col6a2	245	236	161	236	219	274
Col6a3	18	34	21	21	10	16
Col6a4	151	174	157	10	7	15
Col6a5	8	15	9	2	1	1
Col6a6	52	39	26	18	19	14
Col7a1	1117	1204	929	1086	1269	1144
Col8a1	267	415	384	238	519	295
Col8a2	175	356	278	143	338	111
Col9a1	2876	2822	2074	1724	1785	1900
Col9a2	623	619	450	357	306	342
Col9a3	660	648	598	381	478	351
Colec10	0	0	0	0	0	0
Colec11	9	12	5	7	3	10
Colec12	199	189	120	68	37	33
Colgalt1	1625	1634	1277	1043	1245	1301
Colgalt2	803	727	562	460	538	569
Colq	5	4	4	8	2	5
Commd1	3496	3186	2406	2347	2556	2866
Commd10	939	956	641	563	575	635
Commd2	817	841	622	625	641	761
Commd3	1856	1719	1281	1200	1460	1447
Commd4	864	739	590	553	630	641
Commd5	444	442	276	262	322	375
Commd6	1373	1399	907	882	959	1051
Commd7	1115	1076	757	637	731	813
Commd8	1674	1498	1083	1161	1285	1522
Commd9	608	559	428	417	426	532
Comp	20	28	14	21	36	29
Comt	2064	1888	1355	1200	1353	1568
Comtd1	746	700	546	545	574	653
Copa	12703	11383	8938	5470	6014	6624
Copb1	4558	4157	3030	3871	4349	4661
Copb2	6305	5907	4500	3936	4274	4778
Cope	2138	1936	1524	1328	1424	1632
Copg1	6906	6250	4943	4315	4650	5062
Copg2	6388	5927	4361	4407	4834	5405
Coprs	811	777	564	604	619	669
Cops2	6456	6113	4481	4385	5023	5530
Cops3	3388	3392	2471	2235	2481	2754
Cops4	2832	2600	2003	1962	2073	2359
Cops5	2065	2038	1468	1382	1554	1753
Cops6	1447	1502	1062	928	1013	1171
Cops7a	1960	1793	1303	1116	1227	1393
Cops7b	848	878	661	597	657	753
Cops8	3070	2988	2188	2141	2265	2643
Copz1	2708	2584	1955	1892	2043	2283
Copz2	73	70	41	41	49	56
Coq10a	1242	1121	863	884	937	1003
Coq10b	1379	1288	939	729	797	801
Coq2	1556	1612	1164	856	1140	1170
Coq3	589	613	494	410	515	533
Coq4	248	241	176	202	189	233
Coq5	1466	1334	1038	1296	1360	1585
Coq6	816	883	660	573	617	725
Coq7	1011	1023	747	518	614	635
Coq8a	1205	1155	838	873	938	1051
Coq8b	588	532	425	450	489	530
Coq9	1175	1089	826	828	939	1012
Corin	6	4	3	1	2	5
Coro1a	358	304	234	236	216	269
Coro1b	2542	2446	1899	1841	1942	2048
Coro1c	3061	2788	1987	1799	2010	2180
Coro2a	241	189	174	131	173	158
Coro2b	2054	2120	1630	1803	2015	2071
Coro6	100	93	68	42	45	58
Coro7	1311	1189	949	920	974	1040
Cort	4	11	7	9	16	13
Cotl1	2013	2024	1579	1160	1298	1540
Cox10	587	597	424	448	425	527
Cox11	458	405	319	266	314	349
Cox14	1056	1083	819	693	823	942
Cox15	1439	1432	1020	944	1075	1197
Cox16	1484	1356	929	925	1093	1225
Cox17	1390	1431	893	961	1056	1120
Cox18	209	178	131	210	231	222
Cox19	1149	1142	795	785	823	884
Cox20	2088	2107	1569	1530	1818	1767
Cox4i1	10495	10135	7510	6847	7231	8411
Cox4i2	541	485	370	297	304	340
Cox5a	2637	2541	1827	1916	2104	2400
Cox5b	4072	4061	3009	2412	2503	2897
Cox6a1	2812	2588	1948	2594	2724	3046
Cox6a2	7	4	4	0	1	0
Cox6b1	4370	4205	3202	2937	3232	3597
Cox6b2	121	120	97	84	101	100
Cox6c	6587	6251	4520	4152	4667	4976
Cox7a1	126	108	88	29	32	43
Cox7a2	4416	4072	3014	2904	3122	3627
Cox7a2l	6639	6138	4654	3457	3740	4293
Cox7b	3924	3797	2731	2460	2597	2922
Cox7b2	1	1	1	0	1	0
Cox7c	5238	5048	3560	3104	3389	3793
Cox8a	5546	5176	3989	3896	4222	4725
Cox8b	21	39	21	21	41	11
Cox8c	0	2	0	0	0	0
Cp	9785	8994	6279	4756	4727	5116
Cpa1	1	3	4	1	2	1
Cpa2	291	244	178	145	164	197
Cpa3	1	0	2	0	1	1
Cpa4	3	6	4	2	3	6
Cpa5	0	5	0	0	1	0
Cpa6	4	7	3	1	3	2
Cpb1	0	0	0	0	0	0
Cpb2	18	9	14	12	13	17
Cpd	2834	2712	2042	1841	2215	2263
Cpe	43583	41129	30542	23443	25590	29230
Cpeb1	623	663	471	416	521	522
Cpeb1os1	49	50	38	34	33	39
Cpeb2	1866	1854	1325	1396	1691	1590
Cpeb3	3624	3465	2468	2390	2708	2954
Cpeb4	6943	6555	4874	4436	5209	5404
Cped1	140	152	98	98	86	103
Cphx1	0	0	0	0	0	0
Cphx2	0	0	0	0	0	0
Cphx3	0	0	0	0	0	0
Cplx1	3102	2903	1934	1942	2032	2148
Cplx2	5669	5494	3957	4054	4419	4908
Cplx3	11771	10508	7336	7070	7444	8627
Cplx4	32075	29949	22086	22036	23449	26301
Cpm	525	563	347	474	516	623
Cpn1	3	1	1	0	0	0
Cpn2	0	1	1	0	0	0
Cpne1	2140	2072	1557	1508	1678	1758
Cpne2	71	94	61	44	29	34
Cpne3	2389	2489	1752	1572	1783	1903
Cpne4	643	606	419	448	389	506
Cpne5	200	215	152	173	179	185
Cpne6	1361	1297	977	932	1023	1056
Cpne7	761	719	459	530	557	606
Cpne8	784	788	557	559	669	694
Cpne9	285	262	213	147	161	173
Cpox	1715	1559	1086	1094	1185	1285
Cpped1	857	940	638	580	603	658
Cpq	685	640	471	373	405	459
Cps1	2	5	1	1	0	0
Cpsf1	2668	2609	2035	1814	2088	2261
Cpsf2	3151	2984	2199	2261	2546	2763
Cpsf3	2205	2157	1638	1396	1597	1766
Cpsf3l	1376	1409	1155	940	970	1130
Cpsf4	654	706	536	578	674	637
Cpsf4l	71	67	65	47	77	56
Cpsf6	10768	10151	7440	7236	8256	8597
Cpsf7	4553	4254	3379	3051	3439	3673
Cpt1a	7525	7071	5708	4101	4572	4981
Cpt1b	281	285	229	235	238	266
Cpt1c	1086	1081	815	715	796	799
Cpt2	579	588	435	397	387	488
Cptp	785	780	547	546	582	644
Cpvl	10	14	8	7	14	16
Cpxcr1	0	0	0	0	0	0
Cpxm1	264	249	187	138	162	164
Cpxm2	62	138	97	50	103	35
Cpz	2	3	7	4	3	2
Cr1l	472	516	293	336	387	398
Cr2	27	30	32	27	30	21
Crabp1	270	237	193	162	158	175
Crabp2	43	36	25	47	48	57
Cracr2a	67	83	66	62	72	76
Cracr2b	72	58	46	49	49	44
Cradd	365	351	244	285	333	276
Cramp1l	997	1086	829	725	978	897
Crat	616	632	489	592	645	688
Crb1	24019	21805	16703	12753	13816	15620
Crb2	4042	3711	3145	2940	3229	3442
Crb3	102	81	67	51	62	63
Crbn	4518	4058	3161	3047	3270	3702
Crcp	1046	1141	857	806	862	921
Crct1	2	1	1	0	3	2
Creb1	7107	6923	5142	4926	5282	5882
Creb3	2219	2197	1582	1569	1751	1903
Creb3l1	17	23	15	6	12	14
Creb3l2	1143	1052	880	651	794	833
Creb3l3	46	35	29	40	35	51
Creb3l4	46	65	31	21	28	29
Crebbp	4560	4223	3427	2851	3682	3534
Crebl2	3089	3001	2261	2242	2394	2756
Crebrf	17659	16259	12135	12401	13620	15712
Crebzf	6448	6310	4592	4741	5353	5626
Creg1	1252	1220	877	1596	1755	1920
Creg2	638	616	437	381	351	389
Creld1	1405	1325	1001	844	861	1015
Creld2	941	910	704	690	709	804
Crem	810	723	550	537	559	616
Crh	25	25	31	16	12	10
Crhbp	843	888	595	174	90	104
Crhr1	281	239	225	172	209	218
Crhr2	44	46	42	31	52	69
Crim1	2635	2535	2121	1672	2068	2031
Crip1	88	95	67	42	50	55
Crip2	478	381	311	218	244	278
Crip3	16	24	19	12	14	19
Cript	1708	1687	1209	1076	1103	1289
Crisp1	0	0	0	1	1	0
Crisp2	2	0	0	0	0	0
Crisp3	0	0	0	0	0	2
Crisp4	0	0	0	0	0	0
Crispld1	180	176	106	49	52	46
Crispld2	277	246	207	159	165	217
Crk	6415	6200	4571	4732	5081	5582
Crkl	2186	2157	1549	1480	1561	1700
Crlf1	24	28	24	14	25	32
Crlf2	390	398	287	266	284	298
Crlf3	4534	4040	3308	2591	2852	3109
Crls1	1075	979	711	722	805	917
Crmp1	2994	2841	2088	1829	2086	2207
Crnkl1	2550	2563	1951	1756	1927	2053
Crnn	0	0	0	0	0	0
Crocc	13250	12825	10130	11580	13527	13292
Crocc2	18	29	23	8	9	9
Crot	2632	2490	1827	1831	2041	2236
Crp	21	19	18	12	12	19
Crs-ps-001	0	0	0	0	0	0
Crtac1	522	490	360	394	412	436
Crtam	7	7	3	11	12	15
Crtap	92	119	84	73	71	64
Crtc1	1199	1211	932	839	1002	973
Crtc2	617	640	450	450	490	494
Crtc3	1314	1290	992	983	991	1118
Crx	44676	41535	32317	32638	36561	40320
Crxos	775	749	572	503	602	636
Cry1	3114	2797	2034	1813	1953	2191
Cry2	3201	3214	2345	2046	2123	2333
Cryaa	17	636	440	36	103	209
Cryab	548	615	439	312	344	392
Cryba1	28	270	208	42	75	101
Cryba2	5	90	79	8	18	24
Cryba4	4	90	54	8	12	21
Crybb1	14	70	46	18	15	24
Crybb2	9	509	344	43	82	133
Crybb3	13	78	74	19	19	25
Crybg3	1428	1279	989	801	869	884
Cryga	5	3	4	0	3	1
Crygb	5	202	159	16	12	18
Crygc	3	160	147	15	16	16
Crygd	3	159	127	9	11	36
Cryge	2	28	19	1	6	7
Crygf	0	2	7	0	1	2
Crygn	8	6	12	6	1	1
Crygs	2	192	124	13	18	52
Cryl1	189	196	126	122	134	146
Crym	2027	1744	1266	1164	1181	1447
Cryz	991	902	666	1049	1124	1275
Cryzl1	1848	1731	1300	1256	1429	1438
Cs	5266	5086	3573	3499	3778	4205
Csad	666	641	472	463	523	548
Csdc2	1480	1458	1084	911	1007	1045
Csde1	13467	14562	9305	8637	9929	11063
Cse1l	5554	5281	4022	3649	4105	4599
Csf1	166	189	109	80	113	130
Csf1r	627	623	449	409	458	450
Csf2	8	4	7	0	0	2
Csf2ra	857	809	597	567	550	566
Csf2rb	8	6	4	2	10	1
Csf2rb2	4	2	4	2	4	11
Csf3	12	12	5	7	6	6
Csf3r	14	16	12	20	14	13
Csgalnact1	347	357	238	230	282	284
Csgalnact2	3596	3341	2401	2450	2500	2815
Csk	1514	1435	1103	951	1086	1102
Csl	14	22	9	2	3	7
Csmd1	621	600	550	548	629	647
Csmd2	738	721	537	532	607	619
Csmd2os	1	4	0	0	2	2
Csmd3	1189	1115	901	658	900	910
Csn1s1	0	1	0	0	0	0
Csn1s2a	0	0	0	0	0	0
Csn1s2b	0	0	0	0	0	0
Csn2	0	0	0	0	0	0
Csn3	1	0	2	0	0	0
Csnk1a1	9817	9459	6589	6408	6897	7559
Csnk1d	3423	3233	2591	2172	2425	2636
Csnk1e	2479	2261	1610	1648	1927	2019
Csnk1g1	3713	3855	2950	2677	2899	3146
Csnk1g2	2138	2048	1399	1366	1524	1671
Csnk1g3	3340	3141	2085	2125	2401	2555
Csnk2a1	10424	9609	7152	7023	7714	8631
Csnk2a2	1488	1556	1146	972	1167	1236
Csnk2b	1974	1834	1350	1270	1484	1680
Csnka2ip	4	8	3	0	1	4
Cspg4	74	94	63	37	40	44
Cspg5	4189	4001	2940	3323	3715	4071
Cspp1	3171	2996	2353	2115	2599	2679
Csprs	4	1	2	1	1	0
Csrnp1	134	132	78	76	83	54
Csrnp2	1441	1435	1048	1032	1088	1202
Csrnp3	4013	3704	2786	2371	2593	2784
Csrp1	1058	1016	742	1058	1096	1300
Csrp2	297	248	180	141	190	178
Csrp2bp	1401	1352	921	956	1056	1139
Csrp3	78	86	62	123	108	142
Cst10	0	1	0	0	0	1
Cst11	0	0	0	0	0	0
Cst12	0	0	0	0	0	1
Cst13	0	0	0	0	0	0
Cst3	17318	16765	12734	13727	15013	16209
Cst6	41	37	23	38	44	40
Cst7	11	9	13	6	19	9
Cst8	0	0	1	0	0	0
Cst9	0	0	0	0	0	0
Csta1	28	30	37	10	29	23
Cstad	44	47	16	28	44	31
Cstb	589	650	504	415	476	561
Cstf1	763	801	617	560	604	664
Cstf2	2243	2235	1623	1592	1746	1789
Cstf2t	6724	6291	4657	4476	4955	5690
Cstf3	914	1025	666	773	889	878
Cstl1	3	5	1	2	4	5
Ctag2	0	0	0	0	0	0
Ctage5	2493	2439	1788	1696	1952	2249
Ctbp1	5264	5129	3595	3376	3737	4184
Ctbp2	11492	10067	7627	7168	7859	8742
Ctbs	892	788	655	570	679	763
Ctc1	1438	1382	1073	1507	1713	1689
Ctcf	4107	4177	3007	2932	3220	3450
Ctcfl	0	1	1	1	1	2
Ctcflos	0	0	0	0	0	0
Ctdnep1	801	757	526	485	564	549
Ctdp1	1515	1534	1120	967	1029	1216
Ctdsp1	945	946	699	574	626	681
Ctdsp2	3061	3253	2459	2179	2231	2385
Ctdspl	323	329	228	203	214	231
Ctdspl2	4586	4215	3249	3119	3460	3974
Ctf1	81	71	53	48	43	59
Ctf2	20	21	11	11	15	12
Ctgf	806	1012	710	386	337	338
Cth	277	216	198	255	282	327
Cthrc1	99	114	59	87	73	86
Ctif	2462	2585	1925	2102	2414	2459
Ctla2a	56	72	61	37	45	48
Ctla2b	13	11	6	5	5	5
Ctla4	0	0	0	0	0	0
Ctnna1	4614	4454	3474	3158	3443	3718
Ctnna2	2518	2186	1775	1335	1621	1741
Ctnna3	12	12	13	14	11	9
Ctnnal1	719	691	554	527	635	595
Ctnnb1	17373	16111	12592	11576	12389	13759
Ctnnbip1	1760	1562	1212	998	1139	1222
Ctnnbl1	1651	1584	1217	1216	1366	1468
Ctnnd1	2127	2045	1461	1337	1620	1586
Ctnnd2	2214	2051	1517	1317	1504	1621
Ctns	327	326	247	267	254	284
Ctps	1202	1170	783	771	868	923
Ctps2	1476	1416	1006	928	1117	1149
Ctr9	4956	4690	3672	3297	3747	4205
Ctrb1	1	0	1	0	0	2
Ctrc	0	0	0	0	0	0
Ctrcos	0	0	0	0	0	0
Ctrl	34	24	23	19	27	25
Cts3	0	0	0	0	0	0
Cts6	0	0	0	0	0	0
Cts7	0	0	0	0	0	0
Cts8	0	0	0	0	0	0
Ctsa	2600	2491	2002	1827	1870	2144
Ctsb	17615	16301	12557	10964	11774	13149
Ctsc	744	709	461	317	299	365
Ctsd	12948	12476	9434	7937	8708	9363
Ctse	1	0	0	4	3	11
Ctsf	7431	7030	5336	4769	5185	5688
Ctsg	0	0	0	0	0	0
Ctsh	543	584	376	397	376	419
Ctsj	0	0	0	0	0	0
Ctsk	222	194	152	133	120	145
Ctsl	4444	4261	2963	3744	4017	4411
Ctsll3	0	0	0	0	0	1
Ctsm	0	0	0	0	0	0
Ctso	1083	1130	778	610	664	747
Ctsq	0	0	0	0	0	0
Ctsr	0	0	0	0	0	0
Ctss	533	493	274	284	284	351
Ctsw	78	78	60	47	71	65
Ctsz	1280	1253	916	915	1005	1092
Cttn	3241	2946	2300	1984	2189	2427
Cttnbp2	1831	1771	1372	1316	1516	1486
Cttnbp2nl	736	721	575	565	649	653
Ctu1	446	415	335	298	266	329
Ctu2	958	927	687	641	789	834
Ctxn1	124	151	120	105	122	128
Ctxn2	21	19	23	21	15	22
Ctxn3	363	352	194	180	249	278
Cubn	64	56	55	46	59	60
Cuedc1	3455	3351	2327	2460	2709	2855
Cuedc2	2634	2596	1832	1687	1763	2078
Cul1	7667	7036	5284	5226	5875	6520
Cul2	2133	2027	1522	1445	1524	1757
Cul3	17004	16351	11931	8335	9347	10294
Cul4a	6389	5861	4534	4428	5008	5223
Cul4b	2188	1958	1419	1457	1608	1745
Cul5	10111	9606	6903	6659	7293	8184
Cul7	1339	1369	1002	976	1088	1081
Cul9	4022	3707	2944	2704	3040	3118
Cuta	834	854	650	645	645	689
Cutal	227	274	220	265	250	268
Cutc	326	375	255	218	268	247
Cux1	3846	3825	3005	2479	2991	2982
Cux2	1779	1613	1275	1166	1302	1383
Cuzd1	1	5	0	0	1	3
Cwc15	3427	3283	2322	2342	2390	2770
Cwc22	1598	1461	1062	1061	1227	1352
Cwc25	1515	1661	1282	1131	1205	1212
Cwc27	920	926	661	594	661	719
Cwf19l1	889	785	680	615	712	719
Cwf19l2	2825	2553	1885	1989	2148	2439
Cwh43	4	4	3	3	3	3
Cx3cl1	1947	1914	1511	1264	1397	1502
Cx3cr1	226	221	140	104	129	162
Cxadr	3029	2779	2074	2004	2188	2431
Cxcl1	0	2	0	0	2	2
Cxcl10	12	8	7	1	2	3
Cxcl11	0	0	0	1	3	2
Cxcl12	977	834	630	566	652	749
Cxcl13	37	43	20	13	11	23
Cxcl14	1760	1600	1089	1259	1326	1528
Cxcl15	0	0	0	3	0	1
Cxcl16	530	521	352	539	577	696
Cxcl17	9	5	6	8	2	3
Cxcl2	0	0	0	0	0	0
Cxcl3	0	0	0	0	0	0
Cxcl5	3	0	0	0	0	0
Cxcl9	0	1	1	1	0	0
Cxcr1	0	0	0	0	0	0
Cxcr2	0	1	2	2	1	2
Cxcr3	0	0	0	0	0	0
Cxcr4	62	89	49	13	26	21
Cxcr5	15	10	12	11	7	6
Cxcr6	166	163	120	103	134	114
Cxx1a	2412	2225	1678	1648	1774	1935
Cxx1b	2463	2225	1630	1644	1711	1898
Cxx1c	449	490	323	335	343	402
Cxxc1	1905	1889	1531	1312	1407	1519
Cxxc4	3836	3594	2517	2707	2971	3115
Cxxc5	2336	2180	1541	1546	1601	1898
Cyb561	221	249	152	63	71	92
Cyb561a3	353	284	237	270	299	319
Cyb561d1	693	650	523	480	573	643
Cyb561d2	334	291	201	210	230	308
Cyb5a	803	803	568	528	638	653
Cyb5b	6073	5844	4073	3341	3562	4080
Cyb5d1	1112	1153	821	624	703	749
Cyb5d2	952	897	633	759	870	947
Cyb5r1	1538	1393	1130	1056	1173	1263
Cyb5r2	13	19	11	7	3	4
Cyb5r3	1204	1075	846	588	652	690
Cyb5r4	2301	2142	1578	1245	1401	1668
Cyb5rl	178	215	134	135	133	169
Cyba	136	132	85	75	67	82
Cybb	28	29	14	7	7	6
Cybrd1	118	130	84	82	121	104
Cyc1	2424	2317	1741	1608	1757	2086
Cycs	5582	5320	3893	3701	4051	4656
Cyct	0	1	0	0	1	0
Cyfip1	2452	2347	1721	1551	1758	1851
Cyfip2	10412	10037	7746	6474	7319	7656
Cygb	4654	3962	2883	2710	2772	3204
Cyhr1	3538	3407	2571	2411	2586	2764
Cylc1	0	0	0	0	0	0
Cylc2	0	0	0	0	0	0
Cyld	4481	4270	3157	2674	3094	3153
Cym	10	7	6	6	11	8
Cyp11a1	6	11	7	15	8	8
Cyp11b1	4	6	2	5	9	8
Cyp11b2	1	0	0	0	2	1
Cyp17a1	4	1	1	0	1	3
Cyp19a1	0	1	0	0	0	1
Cyp1a1	4	1	2	1	1	2
Cyp1a2	0	0	0	0	0	0
Cyp1b1	420	358	269	166	194	204
Cyp20a1	706	682	456	460	538	568
Cyp21a1	2	0	0	0	0	0
Cyp21a2-ps-001	3	3	1	3	2	1
Cyp24a1	0	0	1	0	0	0
Cyp26a1	96	119	71	9	17	9
Cyp26b1	70	73	70	24	24	37
Cyp26c1	22	13	23	6	3	4
Cyp27a1	229	213	173	138	164	172
Cyp27b1	16	21	18	12	8	19
Cyp2a12	0	0	1	0	0	0
Cyp2a21-ps-001	0	0	1	0	0	0
Cyp2a22	0	0	0	0	0	0
Cyp2a4	0	0	3	0	0	0
Cyp2a5	0	5	22	4	3	21
Cyp2ab1	0	2	0	1	1	2
Cyp2b10	0	0	1	0	0	1
Cyp2b13	0	0	0	0	0	2
Cyp2b19	0	2	1	2	2	5
Cyp2b23	0	0	0	0	0	0
Cyp2b26-ps-001	0	6	4	1	1	1
Cyp2b27-ps-001	11	13	16	8	3	3
Cyp2b9	0	0	0	0	0	0
Cyp2c29	0	0	0	0	0	0
Cyp2c37	0	0	0	0	0	0
Cyp2c38	0	0	0	0	0	0
Cyp2c39	2	0	0	1	0	0
Cyp2c40	0	0	0	0	0	0
Cyp2c44	0	1	0	0	0	0
Cyp2c50	0	0	0	0	0	0
Cyp2c53-ps	0	0	0	0	0	0
Cyp2c54	0	0	0	0	0	0
Cyp2c55	5	3	1	1	0	0
Cyp2c65	2	4	4	1	0	0
Cyp2c66	0	0	0	0	0	0
Cyp2c67	0	0	0	0	0	0
Cyp2c68	0	0	0	0	0	0
Cyp2c69	0	0	0	0	0	0
Cyp2c70	0	0	0	0	0	0
Cyp2d10	0	1	0	0	0	0
Cyp2d11	2	3	0	0	0	0
Cyp2d12	0	0	0	0	0	0
Cyp2d22	748	734	538	494	550	632
Cyp2d26	2	1	2	0	1	5
Cyp2d34	0	0	0	0	0	0
Cyp2d37-ps	0	1	0	0	0	0
Cyp2d40	0	0	0	0	0	0
Cyp2d41-ps-001	0	0	1	2	1	1
Cyp2d9	1	0	0	0	0	0
Cyp2e1	7	3	7	3	3	11
Cyp2f2	2	12	52	5	11	30
Cyp2g1	0	0	0	0	0	0
Cyp2j11	0	1	0	0	0	0
Cyp2j12	0	0	0	2	0	0
Cyp2j13	95	108	52	73	84	85
Cyp2j14-ps-001	0	0	0	0	0	0
Cyp2j15-ps-001	0	0	0	0	0	0
Cyp2j5	0	1	0	0	0	0
Cyp2j6	651	598	382	356	457	458
Cyp2j7	0	0	1	0	0	0
Cyp2j7-ps1-001	0	0	0	0	0	0
Cyp2j7-ps2-001	0	0	0	0	0	0
Cyp2j7-ps3-001	0	0	0	0	0	0
Cyp2j8	9	0	2	4	2	2
Cyp2j9	265	197	154	70	72	65
Cyp2r1	32	47	25	4	7	2
Cyp2s1	127	154	79	81	108	127
Cyp2t4	120	116	90	99	110	123
Cyp2u1	1340	1269	931	779	946	981
Cyp2w1	4	1	2	1	5	2
Cyp39a1	111	121	87	74	62	55
Cyp3a11	0	0	0	0	0	0
Cyp3a13	0	0	1	0	0	1
Cyp3a16	0	0	0	0	0	0
Cyp3a25	0	0	0	0	0	0
Cyp3a41a	0	0	0	0	0	0
Cyp3a41b	0	0	0	0	0	0
Cyp3a44	0	0	0	0	0	0
Cyp3a57	1	1	0	1	0	0
Cyp3a59	0	0	0	0	0	0
Cyp3a63-ps-001	0	0	0	0	0	0
Cyp46a1	402	367	281	252	274	308
Cyp4a10	0	5	0	0	0	0
Cyp4a12a	0	3	7	9	5	15
Cyp4a12b	1	3	11	12	14	27
Cyp4a14	1	5	3	0	1	0
Cyp4a28-ps-001	0	0	0	0	0	0
Cyp4a29	0	0	0	0	0	0
Cyp4a29-ps1-001	0	0	0	0	0	0
Cyp4a30-ps-001	0	0	0	0	0	0
Cyp4a30b	0	0	0	0	0	0
Cyp4a31	0	0	0	0	0	0
Cyp4a32	0	0	0	0	0	0
Cyp4b1	16	10	9	8	5	5
Cyp4b1-ps1-001	1	2	1	1	0	0
Cyp4b1-ps2-001	0	0	1	0	2	0
Cyp4f13	454	463	290	567	673	651
Cyp4f14	68	78	58	46	46	50
Cyp4f15	11	20	8	2	7	4
Cyp4f16	292	337	213	208	264	256
Cyp4f17	439	400	295	398	448	423
Cyp4f18	11	20	13	2	3	2
Cyp4f37	15	12	3	10	15	6
Cyp4f39	1	0	0	4	3	2
Cyp4f40	0	0	0	0	0	0
Cyp4f41-ps-001	176	146	140	150	217	210
Cyp4v3	1016	957	699	553	641	656
Cyp4x1	235	230	158	139	159	174
Cyp4x1os	21	16	15	9	10	17
Cyp51	3616	3578	2595	2359	2560	2666
Cyp7a1	0	0	0	0	0	0
Cyp7b1	193	201	144	158	137	189
Cyp8b1	0	0	0	0	1	0
Cypt1	0	0	0	0	0	0
Cypt12	0	0	0	0	0	0
Cypt14	0	0	0	0	0	0
Cypt15	0	0	0	0	0	0
Cypt2	0	0	0	0	1	0
Cypt3	0	0	0	0	0	0
Cypt4	0	0	0	0	0	0
Cyr61	128	143	102	54	64	54
Cys1	358	305	257	190	257	244
Cysltr1	10	7	4	4	5	3
Cysltr2	6	6	5	0	1	0
Cysrt1	29	31	23	18	22	28
Cystm1	778	745	536	564	657	652
Cyth1	2504	2406	1881	1650	1843	1886
Cyth2	3641	3376	2559	2349	2622	2799
Cyth3	1813	1768	1230	1202	1309	1440
Cyth4	26	18	30	16	17	14
Cytip	2	3	0	0	0	2
Cytl1	4	4	3	1	5	1
Cyyr1	138	126	64	49	65	70
D030025P21Rik	38	31	30	10	2	2
D030047H15Rik	1193	1215	896	908	1039	1018
D030055H07Rik	155	156	123	130	134	164
D030056L22Rik	1519	1433	1096	941	1079	1203
D030062O11Rik	1	0	0	0	0	0
D10Jhu81e	1715	1491	1146	1157	1214	1323
D10Wsu102e	3353	4005	3069	1758	2786	2417
D11Wsu47e	617	661	589	517	618	595
D130004A15Rik	16	21	8	7	24	16
D130007C19Rik-201	75	80	55	56	57	60
D130019J16Rik	450	419	402	307	443	378
D130040H23Rik	400	354	247	250	316	313
D130043K22Rik	157	132	105	72	96	96
D130052B06Rik	0	0	0	2	1	0
D13Ertd608e	0	1	1	5	10	4
D16Ertd472e	2688	2667	1849	1808	1872	2040
D17H6S53E	731	610	486	479	514	568
D17Wsu92e	4015	4003	2860	2838	3046	3371
D1Ertd622e	6928	6091	5056	4656	5454	5526
D1Pas1	0	0	1	1	0	2
D230025D16Rik	1236	1281	995	952	1038	1156
D2Wsu81e	1495	1465	995	1069	1191	1268
D2hgdh	807	701	610	510	591	640
D330020A13Rik	1	0	0	1	0	0
D330025C20Rik	8	11	1	6	6	5
D330045A20Rik	1	5	3	1	4	1
D3Ertd254e	1644	1559	1112	1140	1240	1302
D3Ertd751e	1408	1274	1025	659	783	800
D430013B06Rik	74	46	62	48	76	49
D430018E03Rik	43	49	32	30	40	52
D430019H16Rik	567	491	386	336	383	437
D430036J16Rik	159	154	115	110	121	130
D430041D05Rik	377	369	274	245	294	279
D430042O09Rik	9422	9019	7388	5948	6667	7051
D530018E20Rik	101	88	71	65	67	86
D530033B14Rik	33	40	25	37	37	34
D530037P16Rik	0	0	0	0	0	0
D5Ertd577e	0	0	0	0	0	0
D5Ertd579e	10260	9418	7434	7396	8380	9009
D630002J18Rik	7	7	3	3	5	5
D630003M21Rik	62	48	33	45	57	55
D630008O14Rik	110	119	86	47	66	61
D630011A20Rik	1	0	0	0	0	0
D630014O11Rik	8	10	10	2	4	0
D630023F18Rik	108	87	68	137	156	153
D630023O14Rik	0	0	1	0	1	1
D630030B08Rik	61	57	51	38	53	35
D630036H23Rik	124	109	106	83	108	111
D630039A03Rik	11	16	11	4	5	2
D630044L22Rik	417	414	296	272	338	371
D630045J12Rik	2233	2139	1774	1425	1785	1761
D6Ertd527e	5	4	1	1	2	1
D6Wsu163e	2246	2033	1558	1415	1501	1736
D730001G18Rik	0	2	0	0	0	0
D730048I06Rik	0	0	0	0	0	0
D7Bwg0826e	544	595	446	432	502	510
D7Ertd443e	7	5	3	5	4	11
D830013O20Rik	1	0	2	0	3	0
D830025C05Rik	155	160	131	136	145	152
D830025C05Rik-201	115	120	99	89	99	108
D830030K20Rik	83	67	33	59	44	70
D830039M14Rik	30	19	26	16	28	20
D830044I16Rik	17	17	16	13	20	21
D830050J10Rik	126	142	101	85	106	121
D8Ertd738e	1634	1643	1196	881	994	1065
D8Ertd82e	43	52	39	35	45	43
D930007J09Rik	128	151	123	109	120	125
D930015E06Rik	198	173	163	168	213	236
D930019O06Rik	26	36	26	16	23	21
D930020B18Rik	1	0	1	0	1	0
D930036K23Rik	137	147	95	105	135	118
D930048N14Rik	103	112	87	98	115	83
DHRSX	440	495	362	106	136	122
DXBay18	1	2	0	0	0	0
Daam1	4562	3988	3059	3064	3378	3622
Daam2	170	195	142	135	172	132
Dab1	729	840	534	440	543	597
Dab2	41	68	32	17	35	33
Dab2ip	4096	3712	2794	2786	3005	3311
Dach1	2521	2437	1655	1599	1809	1993
Dach2	338	334	168	160	193	214
Dact1	219	251	153	113	94	113
Dact2	243	173	130	163	168	232
Dact3	1059	986	705	693	789	913
Dad1	1695	1631	1148	998	1108	1284
Dag1	1816	2022	1350	1247	1317	1367
Dagla	338	342	255	262	269	301
Daglb	3017	2784	2131	1997	2132	2483
Dalrd3	5395	5149	4071	3495	3901	4121
Dand5	562	571	475	439	452	522
Dao	19	10	24	6	24	29
Dap	143	159	85	82	110	83
Dap3	2057	1815	1409	1234	1466	1575
Dapk1	1369	1280	993	1018	1088	1077
Dapk2	6	4	3	2	6	8
Dapk3	947	918	759	613	704	778
Dapl1	613	706	479	238	269	296
Dapp1	537	503	356	248	235	270
Dars	3138	2749	2032	1773	2016	2297
Dars2	1112	1034	838	794	961	883
Daw1	4	0	1	0	0	0
Daxx	1341	1318	909	1010	983	1107
Dazap1	2376	2197	1643	1582	1697	1822
Dazap2	4155	4005	2723	2647	2792	3325
Dazl	16	27	12	13	10	16
Dbf4	95	87	37	64	66	80
Dbh	3	4	5	2	8	4
Dbhos	180	226	197	143	205	160
Dbi	2446	2317	1627	1444	1498	1620
Dbil5	19	9	12	10	20	18
Dbn1	1557	1472	967	977	1090	1132
Dbndd1	590	529	408	453	490	497
Dbndd2	2171	2111	1654	1410	1598	1602
Dbnl	1724	1728	1262	1186	1399	1437
Dbp	4530	4445	3142	3239	3370	3901
Dbpht2	84	69	59	77	59	62
Dbr1	841	860	659	615	664	710
Dbt	686	630	451	466	540	521
Dbx1	0	0	0	0	0	0
Dbx2	0	0	0	0	1	2
Dcaf10	1838	1754	1254	1180	1323	1419
Dcaf11	4114	3967	3049	2990	3233	3588
Dcaf12	2077	2095	1554	1396	1622	1634
Dcaf12l1	849	746	505	525	560	689
Dcaf12l2	8	14	15	13	10	12
Dcaf13	1221	1249	969	830	968	939
Dcaf15	651	630	435	495	529	553
Dcaf17	1824	1870	1492	1275	1566	1601
Dcaf4	636	717	518	453	541	565
Dcaf5	1959	1912	1429	1371	1541	1763
Dcaf6	3212	3034	2364	2362	2501	2859
Dcaf7	10934	10255	7945	7734	8438	9078
Dcaf8	9989	9289	7070	6030	6563	7061
Dcakd	658	642	474	435	537	537
Dcbld1	323	299	223	201	278	276
Dcbld2	1987	1855	1433	1403	1462	1653
Dcc	819	851	554	395	487	542
Dcdc2a	281	224	205	137	184	179
Dcdc2b	268	232	228	147	189	180
Dcdc2c	2	0	4	0	3	3
Dcdc5-001	412	402	278	274	329	364
Dchs1	641	549	435	398	445	478
Dchs2	52	35	21	20	26	35
Dck	1179	1122	736	677	859	900
Dclk1	3795	3637	2658	2503	2949	2974
Dclk2	1437	1355	979	896	993	1057
Dclk3	81	84	62	42	42	47
Dclre1a	708	689	558	518	585	625
Dclre1b	315	320	248	227	241	256
Dclre1c	1087	1074	847	991	1091	1106
Dcn	39	160	35	107	12	10
Dcp1a	1593	1530	1238	1115	1276	1279
Dcp1b	499	481	369	368	465	421
Dcp2	4243	3910	2978	2143	2441	2651
Dcpp1	0	0	0	0	3	0
Dcpp2	0	0	0	0	0	0
Dcpp3	0	1	0	0	0	0
Dcps	1003	940	730	879	944	1116
Dcst1	111	121	81	60	101	104
Dcst2	19	22	22	12	19	18
Dcstamp	5	5	5	0	0	1
Dct	554	1126	256	755	210	112
Dctd	54	55	41	26	43	46
Dctn1	10802	10564	7865	7013	7889	8435
Dctn2	5752	5221	4057	4011	4191	4585
Dctn3	1929	1949	1377	853	861	907
Dctn4	4052	3729	2828	2607	2907	3330
Dctn5	2795	2869	2044	1910	2203	2460
Dctn6	1731	1657	1204	931	1119	1192
Dctpp1	344	341	287	241	260	293
Dcun1d1	2494	2523	1728	1595	1800	1963
Dcun1d2	2571	2449	1922	1799	1946	1990
Dcun1d3	2289	2341	1626	1592	1733	1779
Dcun1d4	1588	1627	1168	1164	1275	1369
Dcun1d5	1525	1495	1075	1077	1230	1305
Dcx	170	177	116	108	157	129
Dcxr	129	105	68	92	70	95
Dda1	1212	1150	868	781	925	1003
Ddah1	1991	1798	1398	1023	1144	1229
Ddah2	672	621	449	451	486	565
Ddb1	30338	27366	21589	20096	21686	23843
Ddb2	1441	1350	1064	933	1054	1104
Ddc	45	37	26	26	22	30
Ddhd1	6362	6025	4609	3764	4271	4300
Ddhd2	1816	1780	1255	1318	1488	1603
Ddi1	3	4	5	2	9	4
Ddi2	6262	5724	4647	4575	5040	5286
Ddias	105	119	80	66	59	77
Ddit3	2079	1778	1394	1325	1526	1622
Ddit4	3296	3587	2495	2285	2332	2626
Ddit4l	198	206	153	100	86	107
Ddn	81	86	71	52	65	54
Ddo	129	149	122	66	78	88
Ddost	1916	1819	1359	1203	1267	1496
Ddr1	2405	2321	1663	1299	1464	1624
Ddr2	179	195	107	75	46	59
Ddrgk1	4273	4085	3065	2955	3203	3591
Ddt	761	759	516	486	624	647
Ddx1	11044	10311	7593	7397	8241	9197
Ddx10	1612	1501	1098	1078	1167	1291
Ddx11	211	206	168	166	165	142
Ddx17	26027	25959	19321	17355	19754	20251
Ddx18	1125	1233	779	765	794	869
Ddx19a	1317	1257	930	861	992	1044
Ddx19b	2833	2697	1973	1923	2080	2155
Ddx20	1416	1398	1065	896	941	1116
Ddx21	2154	1960	1412	1249	1576	1507
Ddx23	5308	5356	3986	3782	4055	4439
Ddx24	5490	4994	3901	3500	4028	4401
Ddx25	1570	1456	1100	1098	1264	1395
Ddx26b	1930	1755	1373	1408	1518	1663
Ddx27	1421	1424	1049	991	1174	1296
Ddx28	818	660	501	484	494	570
Ddx31	614	584	425	389	444	466
Ddx39	1064	999	796	668	771	794
Ddx39b	4525	4562	3567	3430	3947	4077
Ddx3x	20230	18087	12883	13290	14891	16156
Ddx3y	6155	4985	4073	4008	4725	5098
Ddx4	49	50	38	22	11	20
Ddx41	1485	1366	1109	1074	1080	1158
Ddx42	6705	6229	4492	4310	4831	5262
Ddx43	14	19	9	15	27	24
Ddx46	4470	4460	3412	3027	3461	3558
Ddx47	1539	1534	1024	890	1016	1069
Ddx49	1642	1565	1231	1048	1110	1242
Ddx5	59286	58076	42752	44964	49992	53573
Ddx50	4745	4466	3145	2980	3389	3639
Ddx51	482	534	419	371	394	426
Ddx52	2781	2590	1903	1938	2191	2382
Ddx54	1592	1382	1015	923	985	1220
Ddx55	1098	1063	771	754	921	990
Ddx56	1580	1580	1095	1074	1178	1308
Ddx58	243	263	210	133	155	170
Ddx59	590	515	425	540	585	611
Ddx6	12400	11863	8918	7459	9004	9352
Ddx60	183	165	142	88	115	135
Deaf1	913	900	697	672	722	767
Deb1	1269	1143	876	894	957	1049
Decr1	765	741	638	502	580	638
Decr2	1758	1652	1175	1171	1366	1551
Dedd	1090	1084	783	748	862	968
Dedd2	869	767	611	580	598	660
Def6	30	36	25	36	22	30
Def8	1623	1623	1263	1164	1300	1428
Defa-ps1-001	0	0	0	0	0	0
Defa-ps10-001	0	0	0	0	0	0
Defa-ps11-001	0	0	0	0	0	0
Defa-ps12-001	0	0	0	0	0	0
Defa-ps14-001	0	0	0	0	0	0
Defa-ps15-001	0	0	0	0	0	0
Defa-ps16-001	0	0	0	0	0	0
Defa-ps17-001	0	0	0	0	0	0
Defa-ps18-001	0	0	0	0	0	0
Defa-ps3-001	0	0	0	0	0	0
Defa-ps4-001	0	0	0	0	0	0
Defa-ps5-001	0	0	0	0	0	0
Defa-ps6-001	0	0	0	3	0	0
Defa-ps7-001	0	0	0	0	0	0
Defa-ps8-001	0	0	0	0	0	0
Defa-ps9-001	0	0	0	0	0	0
Defa17	0	0	0	1	0	0
Defa2	0	0	0	0	0	0
Defa20	0	0	0	0	0	0
Defa21	0	0	0	0	0	0
Defa22	0	0	0	0	0	0
Defa23	0	0	0	0	0	0
Defa24	0	0	0	0	0	0
Defa25	0	0	0	0	0	0
Defa26	0	0	0	0	0	0
Defa27	0	0	0	0	0	0
Defa28	0	0	0	0	0	0
Defa29	0	0	0	0	0	0
Defa3	0	0	0	1	0	0
Defa30	0	0	0	0	0	0
Defa31	0	0	0	0	0	0
Defa32	0	0	0	0	0	0
Defa33	0	0	0	0	0	0
Defa34	0	0	0	0	0	0
Defa35	0	0	0	0	0	0
Defa36	0	0	0	0	0	0
Defa37	0	0	0	0	0	0
Defa5	0	0	0	0	0	0
Defb1	12	14	13	6	6	13
Defb10	5	1	2	3	3	0
Defb11	11	19	20	1	1	1
Defb12	2	3	2	4	2	1
Defb13	1	0	0	0	0	0
Defb14	1	0	0	2	1	0
Defb15	0	2	2	0	1	0
Defb18	0	0	0	0	0	0
Defb19	0	0	0	0	0	0
Defb2	5	3	2	3	1	0
Defb20	0	0	0	0	0	0
Defb21	0	0	0	0	0	0
Defb22	0	0	0	0	0	0
Defb23	0	0	0	0	0	0
Defb25	0	0	0	0	0	0
Defb26	0	0	0	0	0	0
Defb28	0	0	0	0	0	0
Defb29	0	1	0	0	0	0
Defb3	0	0	0	0	0	0
Defb30	0	0	0	0	0	0
Defb33	0	0	0	0	0	0
Defb34	0	0	0	0	0	0
Defb35	1	2	0	0	0	1
Defb36	0	0	0	0	0	0
Defb37	0	0	0	0	0	0
Defb38	0	0	0	0	0	0
Defb39	0	0	0	0	0	0
Defb4	0	0	0	0	0	0
Defb40	0	0	0	0	2	1
Defb41	0	0	0	0	0	0
Defb42	0	0	1	0	2	1
Defb43	1	0	0	0	0	0
Defb44-ps-001	0	0	0	0	0	0
Defb45	0	0	0	0	0	0
Defb46	0	0	0	0	0	0
Defb47	3	3	0	0	0	1
Defb48	0	0	0	0	0	0
Defb5	0	0	0	0	0	0
Defb50	0	0	1	0	0	0
Defb6	0	0	0	0	0	0
Defb7	0	0	0	0	0	0
Defb8	0	0	0	0	0	0
Defb9	37	21	21	12	7	3
Degs1	2330	2232	1498	1597	1706	1915
Degs2	1579	1548	1084	1108	1261	1349
Dek	4405	4378	3208	3193	3708	3978
Dennd1a	2035	2080	1657	1593	1727	1785
Dennd1b	2684	2595	1909	1385	1747	1863
Dennd1c	22	23	20	19	22	14
Dennd2a	841	838	613	689	716	809
Dennd2c	46	33	37	33	22	35
Dennd2d	230	179	148	145	177	189
Dennd3	81	64	55	38	44	47
Dennd4a	4914	4765	3663	3342	3663	3969
Dennd4b	1702	1731	1336	1236	1321	1397
Dennd4c	3074	2890	2261	1834	2043	2229
Dennd5a	9827	9086	6798	6467	7077	7879
Dennd5b	3597	3178	2296	2559	2988	3157
Dennd6a	2705	2530	2008	1853	2194	2204
Dennd6b	3304	3380	2521	2474	2702	2915
Denr	1314	1184	869	861	950	1110
Depdc1a	13	15	6	6	18	8
Depdc1b	2	2	1	1	1	0
Depdc5	2465	2279	1830	1702	1886	2005
Depdc7	8	26	15	30	26	29
Deptor	578	710	388	610	724	733
Dera	718	644	531	368	368	494
Derl1	2992	2877	2144	2097	2153	2466
Derl2	1593	1603	1067	1246	1278	1361
Derl3	48	57	68	52	56	55
Des	37	35	24	32	32	27
Desi1	2549	2649	1837	1914	2130	2410
Desi2	3488	3339	2575	2369	2607	2857
Det1	442	500	381	329	397	456
Dexi	550	501	387	394	480	518
Dffa	1118	1090	744	835	873	941
Dffb	265	222	172	184	238	218
Dfna5	1340	1380	912	838	962	923
Dfnb59	6	3	7	7	8	4
Dgat1	1141	1000	925	838	1074	941
Dgat2	665	585	418	374	330	421
Dgat2l6	1	0	2	0	2	0
Dgcr14	1109	1025	816	816	903	896
Dgcr2	3285	3264	2522	2262	2470	2699
Dgcr6	719	728	532	550	576	581
Dgcr8	2357	2211	1689	1629	1843	2026
Dgka	242	262	181	158	182	209
Dgkb	914	925	646	502	566	590
Dgkd	8401	7635	6100	5180	5525	5982
Dgke	16435	15198	11951	13620	15361	15739
Dgkeos	47	59	56	135	162	154
Dgkg	309	283	202	243	223	298
Dgkh	1270	1150	967	763	919	897
Dgki	2186	2099	1503	1398	1499	1711
Dgkk	9	4	2	2	7	3
Dgkq	1159	1091	819	891	999	1059
Dgkz	2386	2145	1783	1634	1871	1967
Dguok	473	488	340	361	376	428
Dhcr24	3987	3935	2765	2746	2947	3206
Dhcr7	706	653	473	606	636	676
Dhdds	2467	2227	1705	1574	1776	1789
Dhdh	1870	1834	1298	1480	1644	1774
Dhfr	461	435	371	313	358	377
Dhh	555	575	458	368	399	406
Dhodh	821	793	573	535	578	669
Dhps	1291	1249	931	1067	1099	1274
Dhrs1	1057	972	728	689	724	748
Dhrs11	41	47	31	34	45	36
Dhrs13	424	419	326	327	358	386
Dhrs13os	361	354	234	251	311	316
Dhrs2	0	1	1	0	0	0
Dhrs3	3109	2978	2310	2390	2536	2810
Dhrs4	335	338	227	241	261	278
Dhrs7	1521	1361	993	897	974	1183
Dhrs7b	986	899	702	647	773	822
Dhrs7c	2	3	0	1	1	3
Dhrs9	4	5	4	1	4	2
Dhtkd1	156	140	118	97	146	113
Dhx15	8299	7926	5789	5641	6063	6795
Dhx16	2679	2544	2056	1812	1953	2116
Dhx29	2324	2241	1660	1475	1669	1840
Dhx30	4564	4206	3337	3127	3677	3983
Dhx32	1294	1266	903	877	950	1054
Dhx33	1363	1235	940	921	1053	1081
Dhx34	706	718	521	610	752	746
Dhx35	1090	1041	822	855	953	1038
Dhx36	8778	7898	5846	5680	6448	7163
Dhx37	798	762	636	540	647	679
Dhx38	2715	2722	2074	2012	2143	2361
Dhx40	1540	1424	1111	1136	1174	1223
Dhx57	1175	1143	900	791	944	981
Dhx58	75	51	37	46	40	46
Dhx58os	20	10	12	12	12	13
Dhx8	2702	2548	1961	1603	1944	2011
Dhx9	3636	3438	2656	2285	2769	2638
Diablo	2126	2073	1619	1423	1676	1649
Diaph1	1663	1578	1199	1057	1201	1214
Diaph2	620	527	390	250	348	321
Diaph3	2895	2789	2101	905	899	981
Dicer1	4436	4236	3389	2955	3559	3618
Dido1	6420	6302	4842	4542	5201	5220
Diexf	846	852	642	668	708	716
Dimt1	1363	1304	969	950	1142	1154
Dio1	6	4	6	4	5	6
Dio2	1575	1588	1367	1059	912	1128
Dio3	73	86	97	46	26	23
Dip2a	1899	1757	1335	1215	1313	1363
Dip2b	2477	2281	1818	1655	1780	1938
Dip2c	3686	3533	2723	2428	2867	2930
Diras1	2980	2887	2062	1937	2103	2426
Diras2	8303	7951	5445	5739	6001	6946
Dirc2	1524	1381	1036	1031	1158	1203
Dis3	1335	1353	984	860	1015	1060
Dis3l	1042	1001	773	821	1005	1057
Dis3l2	1436	1276	1044	897	949	1107
Disc1	20	13	10	19	21	17
Disp1	175	224	173	115	146	190
Disp2	3844	3550	3009	2020	2608	2399
Dixdc1	6398	6221	4699	3749	4088	4310
Dkc1	1112	1091	790	835	932	951
Dkk1	0	0	0	1	2	0
Dkk2	20	30	9	24	11	15
Dkk3	22160	22358	14286	12137	13091	14972
Dkk4	8	5	3	2	1	4
Dkkl1	18	16	11	15	10	14
Dlat	4000	3669	2779	2545	2730	3041
Dlc1	2526	2606	1963	2196	2404	2563
Dld	5356	5437	3854	3424	4061	4487
Dlec1	80	85	65	76	78	66
Dleu7	305	268	201	111	131	161
Dlg1	6378	6164	4433	3634	4169	4405
Dlg2	7161	7041	5070	4939	5530	6073
Dlg3	1709	1735	1270	1167	1294	1343
Dlg4	12358	12534	9020	8538	9739	10261
Dlg5	1123	1160	839	782	957	908
Dlgap1	2803	2717	1897	1887	2149	2195
Dlgap2	93	92	57	47	79	81
Dlgap3	1517	1540	1129	918	870	997
Dlgap4	1622	1649	1182	894	1112	1173
Dlgap5	13	7	7	8	13	13
Dlk1	0	1	0	1	0	0
Dlk2	69	71	68	44	56	66
Dll1	850	826	626	292	290	316
Dll3	9	16	10	3	14	7
Dll4	38	41	38	20	26	32
Dlst	4123	3883	2917	2825	3088	3420
Dlx1	1	3	2	1	6	1
Dlx1as	37	50	38	22	52	44
Dlx2	1	0	0	0	1	1
Dlx3	7	6	4	6	9	4
Dlx4	1	0	0	2	0	2
Dlx4os	0	4	0	1	2	3
Dlx5	0	0	0	0	0	0
Dlx6	0	0	0	0	0	0
Dlx6os1	0	0	0	0	0	0
Dlx6os2	0	0	0	0	0	0
Dmap1	1201	1111	834	880	935	1038
Dmbt1	2	0	0	0	0	0
Dmbx1	28	30	19	10	7	9
Dmc1	41	33	31	20	23	19
Dmd	22173	21142	16583	13801	17132	17247
Dmgdh	20	12	5	3	5	3
Dmkn	1	1	0	0	1	1
Dmp1	0	1	0	1	1	0
Dmpk	267	300	252	309	366	336
Dmrt1	0	0	0	0	0	0
Dmrt1i	0	0	1	0	0	4
Dmrt2	0	0	0	0	0	0
Dmrt3	0	0	0	0	0	0
Dmrta1	11	13	3	9	11	13
Dmrta2	17	12	12	4	9	9
Dmrta2os	2	4	2	3	1	2
Dmrtb1	11	12	8	6	11	18
Dmrtc1a	30	19	27	15	20	20
Dmrtc1b	0	0	0	0	0	0
Dmrtc1c1	0	0	0	0	0	0
Dmrtc1c2	0	0	0	0	0	0
Dmrtc2	4	0	0	3	3	0
Dmtf1	3663	3586	2731	2698	3239	3458
Dmtn	1609	1506	1117	955	1049	1230
Dmwd	1875	1803	1381	1235	1266	1323
Dmxl1	9729	8859	7083	6172	7283	7665
Dmxl2	14280	12921	10663	9331	10983	11006
Dna2	166	176	135	119	129	150
Dnaaf1	172	179	161	121	142	136
Dnaaf2	702	772	564	499	563	575
Dnaaf3	15	22	11	20	12	7
Dnaaf5	477	450	371	354	381	383
Dnah1	178	186	142	129	137	170
Dnah10	45	39	31	21	31	42
Dnah11	318	262	211	185	232	221
Dnah12	11	6	6	3	4	4
Dnah14	22	13	5	13	27	18
Dnah17	396	396	312	274	321	319
Dnah2	41	54	21	26	27	22
Dnah2os	1	2	0	0	0	0
Dnah3	33	36	29	18	18	17
Dnah5	26	14	17	9	13	4
Dnah6	72	63	45	58	58	54
Dnah7a	247	202	146	89	108	129
Dnah7b	6147	5447	4031	2609	2889	3275
Dnah7c	691	543	468	207	215	242
Dnah8	15	24	19	42	51	62
Dnah9	2264	2504	1752	596	989	1142
Dnaic1	119	100	73	93	111	113
Dnaic2	214	213	197	218	245	267
Dnaja1	7875	7685	5482	4669	5180	5534
Dnaja2	7422	7253	5168	4805	5205	5718
Dnaja3	2741	2808	2012	1903	1984	2361
Dnaja4	1453	1400	1126	911	1056	1120
Dnajb1	2394	2495	1795	1454	1467	1721
Dnajb11	3500	3128	2405	2246	2480	2755
Dnajb12	1861	1814	1272	1323	1499	1628
Dnajb13	10	11	7	8	13	8
Dnajb14	6350	6035	4328	4030	4408	4860
Dnajb2	3483	3425	2471	2470	2792	3048
Dnajb3	79	70	34	49	59	94
Dnajb4	3385	3125	2258	2127	2313	2655
Dnajb5	891	885	604	526	552	589
Dnajb6	7421	6995	5174	4757	5046	5921
Dnajb7	29	42	37	22	20	25
Dnajb8	0	1	1	0	1	0
Dnajb9	1694	1620	1053	1194	1211	1447
Dnajc1	2441	2269	1820	1567	1672	1835
Dnajc10	4792	4458	3363	3808	4253	4744
Dnajc11	2994	2852	2160	2083	2248	2480
Dnajc12	2147	1907	1422	1519	1570	1726
Dnajc13	3758	3827	2898	2481	2781	2933
Dnajc14	3284	3309	2342	2256	2520	2704
Dnajc15	650	625	456	424	421	470
Dnajc16	1966	1836	1428	1576	1701	1809
Dnajc17	644	600	431	462	592	635
Dnajc18	7740	7229	5475	5388	5808	6597
Dnajc19	2074	1897	1432	1279	1497	1616
Dnajc2	1039	1085	812	673	738	845
Dnajc21	1069	988	758	715	861	851
Dnajc22	12	12	12	5	0	4
Dnajc24	620	580	438	497	524	534
Dnajc25	348	366	254	263	250	275
Dnajc27	5414	5030	3670	3534	3900	4231
Dnajc28	2121	1936	1507	1243	1369	1519
Dnajc3	2745	2614	1972	1704	1922	2154
Dnajc30	516	495	317	305	357	393
Dnajc4	755	694	553	546	564	648
Dnajc5	23557	20911	16277	14642	16008	18231
Dnajc5b	2	2	4	4	4	3
Dnajc5g	0	0	0	0	1	0
Dnajc6	10596	9390	7201	6718	7709	8369
Dnajc7	3771	3862	2762	2755	3186	3305
Dnajc8	4923	4742	3525	3290	3425	3907
Dnajc9	2212	2031	1549	1518	1619	1932
Dnal1	3327	3240	2242	2060	2428	2651
Dnal4	1538	1476	1077	1143	1190	1388
Dnali1	242	207	157	148	177	189
Dnase1	221	201	171	156	168	192
Dnase1l1	49	62	45	62	71	67
Dnase1l2	281	295	253	164	228	239
Dnase1l3	0	0	1	0	0	1
Dnase2a	164	178	114	162	190	176
Dnase2b	0	3	1	0	0	0
Dnd1	133	154	91	107	95	132
Dner	3696	3438	2486	2074	2214	2502
Dnhd1	470	429	376	324	382	371
Dnlz	1376	1244	1046	940	952	1115
Dnm1	10967	10666	8207	7237	8387	8601
Dnm1l	7644	7489	5341	5065	5706	5935
Dnm2	2190	1893	1559	1486	1723	1733
Dnm3	6147	6164	4752	3527	4062	4238
Dnm3os	147	248	158	78	117	111
Dnmbp	2197	2119	1775	880	959	1023
Dnmt1	3147	2806	2352	2006	2370	2510
Dnmt3a	8811	8174	6380	5944	6949	7157
Dnmt3aos	33	25	39	27	34	41
Dnmt3b	185	180	135	120	164	145
Dnmt3bos	10	6	3	3	7	10
Dnmt3c-ps-001	9	7	6	5	6	4
Dnmt3l	0	2	2	2	2	2
Dnpep	1943	1795	1402	1270	1343	1411
Dnph1	72	92	56	59	84	77
Dntt	1	1	0	2	3	1
Dnttip1	715	698	550	509	594	661
Dnttip2	2765	2856	2080	1718	1776	1923
Doc2a	829	708	598	546	537	700
Doc2b	3467	3535	2664	2778	3204	3137
Doc2g	373	354	265	283	327	318
Dock1	1306	1260	956	840	850	974
Dock10	329	256	234	182	177	204
Dock11	355	356	238	232	261	248
Dock2	35	36	27	19	23	27
Dock3	3446	3124	2357	1947	2276	2476
Dock4	569	556	461	319	395	378
Dock5	218	251	210	172	189	183
Dock6	198	203	158	118	141	122
Dock7	2173	2090	1629	1470	1801	1837
Dock8	449	407	353	91	142	153
Dock9	4106	3822	3115	2658	3194	3263
Dohh	3785	3596	2749	2646	2895	3271
Dok1	48	26	28	29	15	26
Dok2	17	9	11	5	5	5
Dok3	146	149	125	86	98	107
Dok4	851	869	611	747	800	893
Dok5	432	398	307	292	311	327
Dok6	186	143	141	102	126	127
Dok7	143	128	84	104	113	123
Dolk	1040	947	672	703	761	852
Dolpp1	574	559	412	471	499	554
Donson	1697	1598	1246	1178	1337	1371
Dopey1	9303	8484	6853	8342	9146	10557
Dopey2	821	749	617	525	527	589
Dot1l	1167	1181	918	912	1035	972
Doxl2	0	0	0	0	0	0
Dpagt1	320	313	213	222	254	273
Dpcr1	2	3	4	6	4	2
Dpep1	0	0	1	1	1	0
Dpep2	1	5	1	5	6	3
Dpep3	1	0	0	0	0	0
Dpf1	284	257	161	182	188	212
Dpf2	1898	1823	1512	1385	1576	1656
Dpf3	6001	6116	4732	4031	4468	4815
Dph1	1036	1021	738	827	911	899
Dph2	692	734	546	420	460	493
Dph3	1832	1826	1265	1269	1385	1559
Dph5	449	414	315	287	338	360
Dph6	1102	1083	797	728	849	926
Dph7	816	715	569	539	588	689
Dpm1	2476	2349	1797	1738	1906	2066
Dpm2	819	872	625	697	649	745
Dpm3	527	438	414	397	340	413
Dpp10	1068	968	759	767	863	935
Dpp3	1565	1539	1209	1086	1123	1363
Dpp4	135	178	112	60	72	73
Dpp6	3759	3599	2829	2470	2782	2995
Dpp7	1028	968	766	901	1034	1049
Dpp8	7025	6606	4761	4247	4694	5174
Dpp9	1002	956	806	652	716	756
Dppa1	0	0	0	0	0	0
Dppa2	0	0	0	0	0	1
Dppa3	0	0	0	0	0	0
Dppa4	0	0	0	0	0	0
Dppa5a	4	0	1	0	0	0
Dpt	0	2	0	2	4	3
Dpy19l1	2614	2494	1847	1880	2103	2309
Dpy19l2	3	2	1	0	0	0
Dpy19l3	838	816	533	538	559	615
Dpy19l4	3689	3331	2537	2326	2568	2868
Dpy30	1450	1374	1070	1007	1110	1205
Dpyd	162	198	91	119	141	140
Dpys	3	3	4	2	0	3
Dpysl2	26277	25713	17423	16264	18061	19793
Dpysl3	13195	12678	9567	14975	16949	17705
Dpysl4	3090	2717	2077	2097	2306	2430
Dpysl5	933	859	665	522	625	721
Dqx1	204	224	197	172	178	196
Dr1	2789	2661	1977	1879	2044	2243
Dram1	13	13	9	3	5	8
Dram2	1711	1711	1148	1141	1322	1396
Drap1	2953	2634	2134	1665	1743	1896
Draxin	41	37	36	59	63	80
Drc1	23	30	24	24	29	29
Drc7	0	0	1	0	1	1
Drd1	2697	2437	1699	1794	2006	2199
Drd2	389	331	241	246	298	315
Drd3	0	0	0	0	0	0
Drd4	2033	1941	1545	1555	1809	2064
Drd5	179	141	109	102	98	96
Drg1	2841	2620	1890	1830	1950	2308
Drg2	1671	1626	1108	1118	1252	1300
Drosha	2484	2403	1826	1799	2001	2109
Drp2	653	604	421	380	456	492
Dsc1	0	0	0	0	0	1
Dsc2	139	165	110	68	75	94
Dsc3	3	3	16	6	3	5
Dscam	1479	1644	1180	1063	1338	1250
Dscaml1	4066	4336	3657	2502	2962	3044
Dscc1	8	12	6	2	3	7
Dscr3	1259	1172	915	853	934	1010
Dse	160	186	139	128	87	101
Dsel	688	692	464	523	532	627
Dsg1a	63	46	39	6	7	5
Dsg1b	28	28	15	2	5	1
Dsg1c	8	2	6	0	0	2
Dsg2	40	34	33	9	9	11
Dsg3	3	2	5	1	1	4
Dsg4	0	0	0	0	0	0
Dsn1	61	59	53	59	77	98
Dsp	24	49	90	18	72	48
Dspp	0	0	0	2	0	0
Dst	13219	12182	10130	6803	8709	8038
Dstn	10842	10277	7243	6815	7131	8157
Dstyk	4256	4150	3155	2806	3269	3437
Dtd1	1326	1212	917	660	635	728
Dtd2	458	495	316	345	354	393
Dthd1	0	0	0	0	0	0
Dtl	8	7	7	1	5	1
Dtna	2015	1940	1438	1205	1415	1487
Dtnb	2017	2128	1530	1367	1514	1698
Dtnbos	72	58	52	60	68	63
Dtnbp1	988	1034	690	766	835	883
Dtwd1	383	363	256	361	372	418
Dtwd2	260	252	185	198	243	227
Dtx1	1135	1051	837	821	821	908
Dtx2	338	344	298	273	307	321
Dtx3	5530	5146	3859	4013	4599	4754
Dtx3l	185	206	136	71	139	105
Dtx4	1667	1709	1177	1210	1287	1411
Dtymk	1449	1443	943	914	1040	1175
Duox1	17	22	14	17	25	20
Duox2	0	1	5	0	0	3
Duoxa1	1	3	1	1	1	2
Duoxa2	0	0	2	0	0	1
Dupd1	0	0	2	4	1	1
Dus1l	1137	1148	851	884	857	968
Dus2	467	396	327	297	395	383
Dus3l	2101	2001	1632	1551	1695	1754
Dus4l	264	271	194	199	211	210
Dusp1	627	776	543	350	286	292
Dusp10	702	725	509	594	686	707
Dusp11	3454	3349	2572	2719	3503	3296
Dusp12	748	749	587	550	713	707
Dusp13	19	13	6	17	17	23
Dusp14	359	419	337	251	274	310
Dusp15	208	223	159	177	190	187
Dusp16	1289	1285	915	759	918	968
Dusp18	34	52	36	25	36	31
Dusp19	342	389	318	235	258	273
Dusp2	5	5	5	10	7	12
Dusp21	0	0	0	0	0	0
Dusp22	1148	1041	836	912	982	1079
Dusp23	110	85	62	70	72	84
Dusp26	2573	2314	1648	1044	1109	1295
Dusp27	38	40	27	5	2	2
Dusp28	586	635	466	436	465	570
Dusp3	4552	4348	3144	2495	2707	3122
Dusp4	2034	1911	1520	1445	1542	1695
Dusp5	875	861	641	633	617	696
Dusp6	812	898	617	406	380	397
Dusp7	2588	2726	2009	1637	1679	1816
Dusp8	4231	4224	2926	3223	3523	3730
Dusp9	0	0	1	1	3	1
Dut	1532	1577	1205	1119	1215	1341
Duxbl1	121	99	94	58	73	111
Duxbl2	132	120	104	52	65	105
Duxbl3	117	112	95	45	62	87
Duxf3	0	1	0	0	0	0
Dvl1	2973	2895	2224	2303	2448	2642
Dvl2	4019	3869	2950	2648	2890	3138
Dvl3	427	431	330	308	368	330
Dxo	613	600	470	453	420	491
Dydc1	2	1	1	0	0	0
Dydc2	4	2	4	1	3	4
Dym	1952	2012	1472	1316	1405	1595
Dynap	0	0	0	0	0	0
Dync1h1	29638	25036	22456	16092	20598	19846
Dync1i1	1891	1725	1214	1287	1334	1461
Dync1i2	5484	5118	3794	3694	4165	4637
Dync1li1	7477	6649	4974	5008	5483	6099
Dync1li2	7121	6785	4690	4803	5397	5539
Dync2h1	6674	6236	5100	4293	5307	5226
Dync2li1	452	433	328	392	457	503
Dynll1	3743	3613	2935	2282	2500	2771
Dynll2	2520	2852	1620	1462	1717	1773
Dynlrb1	2864	2745	2093	2061	2035	2422
Dynlrb2	19	27	13	25	18	26
Dynlt1a	836	742	572	964	1135	1227
Dynlt1b	1462	1295	1036	1692	2022	2035
Dynlt1c	1333	1270	956	1652	1947	1985
Dynlt1f	836	814	613	988	1143	1235
Dynlt3	3814	3524	2452	2433	2526	2941
Dyrk1a	6759	6189	4655	4475	4952	5499
Dyrk1b	980	1101	856	835	890	891
Dyrk2	2392	2343	1826	1762	2105	2137
Dyrk3	163	122	109	109	149	130
Dyrk4	0	0	0	1	2	2
Dysf	79	71	58	44	44	69
Dytn	24	13	11	18	8	15
Dyx1c1	191	223	126	161	179	172
Dzank1	3897	3652	2767	2070	2505	2688
Dzip1	1676	1715	1067	906	1040	1157
Dzip1l	325	322	273	263	290	324
Dzip3	4147	3982	2796	2732	3082	3429
E030013I19Rik	7	5	3	3	2	10
E030018B13Rik	10	13	9	11	14	18
E030025P04Rik	0	0	0	0	0	0
E030026E10Rik	13	14	11	15	15	4
E030030I06Rik	15	12	3	4	8	8
E030032P16Rik	0	0	0	0	1	0
E030037K01Rik	196	227	189	160	171	167
E130012A19Rik	124	131	91	39	76	74
E130111B04Rik	23	10	9	8	5	8
E130114P18Rik	682	679	496	322	387	382
E130116L18Rik	8	17	10	11	11	16
E130208F15Rik	739	552	424	322	316	385
E130218I03Rik	16837	15104	11730	8239	8637	9777
E130304I02Rik	170	157	127	108	123	107
E130308A19Rik	1603	1529	1181	1049	1289	1213
E130309D02Rik	335	334	271	250	265	309
E130311K13Rik	190	187	122	125	171	182
E230013L22Rik	15	17	9	7	10	13
E230015B07Rik	10	11	8	4	9	11
E230020A03Rik	3	6	2	2	2	8
E230020D15Rik	69	60	39	32	53	26
E230025N22Rik	23	18	24	19	20	15
E230032D23Rik	3	2	2	0	1	1
E2f1	27	17	16	28	31	32
E2f2	19	19	16	46	59	56
E2f3	1027	849	636	755	879	903
E2f4	823	786	613	585	660	718
E2f5	1062	1041	796	726	815	858
E2f6	795	787	607	507	519	557
E2f7	12	11	4	8	6	7
E2f8	1	0	0	0	1	2
E330009J07Rik	1782	1810	1281	1387	1457	1522
E330011M16Rik	88	60	50	34	35	39
E330014E10Rik	0	0	0	0	0	0
E330017A01Rik	0	0	0	0	0	0
E330021D16Rik	0	0	0	0	0	0
E330034G19Rik	0	0	0	0	1	0
E330034L11Rik	233	268	196	199	243	222
E330037G11Rik	57	53	31	35	48	45
E330040D14Rik	149	139	121	111	107	132
E430014B02Rik	20	10	17	10	17	15
E430018J23Rik	412	428	281	368	387	406
E430021H15Rik	388	362	353	302	335	302
E430024P14Rik	277	279	237	169	231	242
E430025E21Rik	1812	1767	1326	1249	1377	1588
E4f1	1362	1358	1100	1183	1308	1382
E530011L22Rik	460	448	319	369	430	466
Eaf1	1264	1146	881	872	887	901
Eaf2	39	38	37	26	38	23
Eapp	2124	2156	1629	1699	1890	2148
Ear-ps10-001	1	2	0	0	0	0
Ear-ps12-001	0	0	0	0	0	0
Ear-ps2-001	0	0	0	0	0	0
Ear-ps3-001	0	0	0	0	0	0
Ear-ps4-001	0	0	0	1	0	0
Ear-ps5-001	0	0	0	0	0	0
Ear-ps7-001	0	0	0	0	0	0
Ear-ps8-001	0	0	0	0	0	0
Ear-ps9-001	0	0	0	0	0	0
Ear1	0	0	0	0	0	0
Ear10	0	0	0	0	0	0
Ear14	0	0	0	0	0	0
Ear2	1	0	0	1	0	2
Ear6	0	0	0	0	0	2
Ears2	285	263	185	165	219	232
Ebag9	1090	1103	761	691	783	849
Ebf1	1499	1479	942	947	1148	1183
Ebf2	45	38	26	18	13	16
Ebf3	1224	1180	755	805	910	918
Ebf4	218	225	154	189	196	199
Ebi3	36	21	18	22	27	21
Ebna1bp2	3378	3305	2470	2510	2707	3106
Ebp	740	679	522	481	518	592
Ebpl	2990	2812	2295	2368	2522	2768
Ecd	1936	1716	1338	1292	1408	1590
Ece1	1309	1262	905	1217	1348	1477
Ece2	1622	1511	1172	1297	1473	1546
Ecel1	6	11	11	7	3	5
Ech1	1031	993	760	688	717	834
Echdc1	1802	1868	1302	1233	1436	1494
Echdc2	121	115	95	60	102	94
Echdc3	61	45	40	33	36	21
Echs1	1506	1487	1080	1129	1295	1368
Eci1	1033	972	744	470	539	573
Eci2	661	689	521	469	544	561
Eci3	10	9	12	10	10	11
Ecm1	66	75	72	68	82	57
Ecm2	42	43	22	31	32	41
Ecscr	31	13	18	16	8	20
Ecsit	1139	1078	894	768	886	918
Ect2	156	157	99	81	106	127
Ect2l	15	20	10	11	3	11
Eda	49	43	24	21	46	30
Eda2r	2	1	1	0	1	0
Edar	8	5	4	1	6	4
Edaradd	3	6	2	3	4	4
Edc3	1409	1384	1073	970	1068	1107
Edc4	3731	3522	2822	2514	2744	2985
Eddm3b	0	0	0	0	0	0
Edem1	938	900	713	1012	1204	1196
Edem2	1150	1128	805	669	841	819
Edem3	4277	4002	2987	2749	3121	3401
Edf1	2238	2050	1554	1142	1218	1343
Edil3	8022	7507	4891	4409	4697	5324
Edn1	94	97	58	53	73	96
Edn2	64	83	20	14	25	11
Edn3	69	105	39	44	35	28
Ednra	54	66	44	21	14	18
Ednrb	307	417	290	432	408	363
Edrf1	2440	2562	2033	1862	1982	2209
Eea1	3204	3270	2321	2188	2418	2500
Eed	1618	1602	1147	1093	1252	1430
Eef1a1	99865	91977	69556	68142	73531	84981
Eef1a2	8883	8212	6060	5413	5806	6628
Eef1akmt1	594	594	482	299	332	345
Eef1b2	3848	3587	2671	2622	2690	2991
Eef1d	2337	2231	1626	1617	1737	1966
Eef1e1	1756	1560	1099	1176	1234	1304
Eef1g	10412	9822	7257	7343	7850	9130
Eef2	42879	39031	30216	29495	32847	37249
Eef2k	403	373	322	267	282	285
Eef2kmt	1135	1116	847	843	1016	1027
Eefsec	508	543	422	394	396	450
Eepd1	1728	1438	1206	1148	1323	1562
Efcab1	80	61	46	31	42	40
Efcab10	2	3	6	0	1	1
Efcab11	18	11	6	4	5	7
Efcab12	184	172	125	185	173	179
Efcab14	1836	1809	1348	1208	1365	1456
Efcab2	631	651	462	410	469	486
Efcab3	1	0	0	1	3	0
Efcab5	53	65	43	33	46	39
Efcab6	0	3	6	1	1	4
Efcab7	221	247	164	190	245	267
Efcab8	3	4	3	11	12	14
Efcab9	16	9	6	3	4	7
Efcc1	7	13	7	4	4	7
Efemp1	2392	2307	1614	879	795	825
Efemp2	336	320	243	256	296	311
Efhb	5	3	0	2	1	2
Efhc1	34	28	20	24	46	39
Efhc2	90	79	59	47	35	50
Efhd1	468	443	290	210	216	292
Efhd1os	42	55	36	24	30	31
Efhd2	832	806	579	560	626	634
Efl1	809	778	629	553	541	647
Efna1	118	81	97	49	66	70
Efna2	100	99	64	45	82	74
Efna3	338	328	239	231	249	289
Efna4	25	27	8	14	4	20
Efna5	326	365	227	177	192	212
Efnb1	920	863	627	567	713	831
Efnb2	1182	1177	844	598	751	853
Efnb3	715	694	484	482	479	598
Efr3a	10207	9346	6836	6674	7096	7935
Efr3b	4054	3789	2702	2484	2815	2878
Efs	124	127	94	152	168	164
Eftud2	2254	2205	1591	1321	1506	1641
Egf	263	266	214	165	192	204
Egfem1	256	239	162	171	256	225
Egfl6	64	46	50	33	15	27
Egfl7	274	280	222	249	250	298
Egfl8	385	462	310	263	315	320
Egflam	7306	7553	5745	5058	5650	5874
Egfr	780	725	571	463	539	559
Egfros	15	26	9	12	14	8
Egln1	3665	3417	2181	1887	2216	2733
Egln2	1719	1660	1279	1297	1313	1489
Egln3	59	70	57	31	55	56
Egr1	781	957	620	210	163	102
Egr2	13	22	10	16	7	9
Egr3	7	11	4	2	2	3
Egr4	14	23	16	3	4	1
Ehbp1	4549	4217	3094	2987	3462	3566
Ehbp1l1	160	179	116	124	135	160
Ehd1	651	636	450	498	561	630
Ehd2	273	297	197	155	176	188
Ehd3	2608	2404	1752	1413	1470	1680
Ehd4	1372	1431	978	748	854	941
Ehf	101	90	65	50	60	75
Ehhadh	222	240	172	199	198	202
Ehmt1	3756	3604	2788	2515	2765	3016
Ehmt2	4795	4446	3585	3422	3702	3913
Ei24	3184	2972	2202	1907	2088	2292
Eid1	8953	8125	5757	5522	5841	6630
Eid2	1090	978	728	727	791	938
Eid2b	1273	1251	883	930	1046	1122
Eid3	19	26	19	13	18	21
Eif1	3490	3687	2697	2396	2625	2952
Eif1a	4058	3929	2886	2979	3005	3480
Eif1ad	1277	1209	917	719	796	873
Eif1ax	9325	8703	6131	5810	6312	6974
Eif1b	3315	3280	2420	2050	2111	2498
Eif2a	1716	1580	1153	1193	1276	1473
Eif2ak1	1085	1171	796	701	775	791
Eif2ak2	155	182	133	94	126	100
Eif2ak3	1937	1881	1412	1459	1611	1712
Eif2ak4	1127	1074	834	753	973	968
Eif2b1	1096	1098	809	753	876	908
Eif2b2	1052	1053	833	729	809	883
Eif2b3	967	930	705	752	915	897
Eif2b4	1439	1413	1039	1039	1004	1163
Eif2b5	2812	2628	1893	1755	1930	2249
Eif2d	991	1106	746	713	875	820
Eif2s1	2908	2660	1941	1843	1976	2169
Eif2s2	2889	2920	2008	1902	2197	2370
Eif2s3x	9805	9317	6762	6412	7011	8171
Eif2s3y	3272	3448	2585	2697	3213	3082
Eif3a	5276	5148	3841	3776	4249	4306
Eif3b	1966	1991	1442	1254	1371	1479
Eif3c	6898	6639	4847	4262	4731	5308
Eif3d	3446	3217	2529	2362	2462	2699
Eif3e	5565	5281	3783	3575	3921	4366
Eif3f	2898	2700	2254	1953	2237	2437
Eif3g	2524	2248	1760	1676	1762	1959
Eif3h	2795	2749	1862	1881	2052	2433
Eif3i	2132	2043	1559	1416	1563	1713
Eif3j1	2995	3017	2147	1408	1629	1760
Eif3j2	1058	1080	724	843	1036	1038
Eif3k	2158	1980	1613	1445	1532	1688
Eif3l	2394	2189	1712	1630	1762	2003
Eif3m	2918	2666	1994	2035	2163	2502
Eif4a1	9990	9324	6815	5382	6146	6714
Eif4a2	16326	16246	11039	11602	13046	14851
Eif4a3	4009	3476	2797	2266	2477	2909
Eif4b	15834	14552	10681	10768	11865	13535
Eif4e	6398	6068	4300	4151	4741	5144
Eif4e1b	0	0	0	0	0	2
Eif4e2	1708	1652	1256	1214	1360	1401
Eif4e3	472	536	332	289	342	371
Eif4ebp1	27	40	28	52	60	75
Eif4ebp2	257	296	194	178	226	240
Eif4ebp3	154	160	126	131	180	154
Eif4enif1	2036	1894	1422	1371	1585	1708
Eif4g1	6902	6746	5075	4547	5256	5240
Eif4g2	40115	39282	28563	25554	28908	30947
Eif4g3	6966	6494	5082	4123	4862	4912
Eif4h	13599	12841	9791	8615	9720	11113
Eif5	7972	7758	5143	5677	6577	7094
Eif5a	5636	5371	3746	3809	3887	4431
Eif5a2	2304	2151	1435	1037	1168	1275
Eif5b	2987	3024	2122	2045	2249	2490
Eif6	1559	1507	1215	1052	1085	1310
Elac1	2103	1953	1431	1314	1492	1605
Elac2	1117	1039	791	787	850	884
Elane	0	0	0	0	0	0
Elavl1	3375	3311	2354	2177	2609	2675
Elavl2	913	878	543	514	587	639
Elavl3	2789	2619	1884	1936	2066	2263
Elavl4	1492	1470	910	980	1057	1269
Elf1	462	429	310	311	356	358
Elf2	4697	4427	3017	3168	3390	4044
Elf3	24	58	55	13	46	46
Elf4	17	8	9	2	4	6
Elf5	21	14	13	6	7	10
Elfn1	2518	2222	1909	1885	1999	2206
Elfn2	1492	1332	1044	1069	1162	1231
Elk1	1169	1100	788	866	924	943
Elk3	220	247	149	93	107	126
Elk4	1699	1809	1250	829	1055	1077
Ell	846	847	667	593	715	749
Ell2	505	522	364	360	413	462
Ell3	64	67	43	20	22	20
Elmo1	1432	1354	966	1001	1062	1238
Elmo2	2962	2851	2095	2121	2369	2541
Elmo3	605	578	416	456	552	551
Elmod1	4946	4597	3479	3143	3489	4004
Elmod2	6854	6451	4841	4870	5397	5902
Elmod3	920	900	645	604	613	731
Elmsan1	749	699	511	559	612	625
Eln	246	240	200	202	214	226
Elof1	1116	1125	901	799	827	896
Elovl1	184	187	145	104	99	106
Elovl2	2189	2112	1480	1059	1113	1335
Elovl3	0	0	0	0	0	0
Elovl4	35734	33215	24713	23583	26262	29638
Elovl5	2007	1824	1203	1196	1241	1455
Elovl6	3970	3449	2645	2417	2814	2933
Elovl7	291	332	249	170	235	196
Elp2	2929	2928	2182	2111	2280	2399
Elp3	3863	3547	2595	2395	2675	3095
Elp4	1359	1391	939	774	844	954
Elp5	1203	1206	855	838	956	945
Elp6	386	327	274	270	317	311
Emb	1882	1761	1203	1006	1101	1166
Emc1	5643	5355	4093	3491	3788	4114
Emc10	1602	1584	1242	1167	1201	1376
Emc2	2958	2576	1972	1270	1357	1517
Emc3	1636	1674	1274	1154	1151	1278
Emc4	2442	2395	1708	1597	1789	1933
Emc6	1029	1008	732	751	821	864
Emc7	6076	5913	4224	3932	4433	4920
Emc8	3204	3145	2391	2311	2586	2867
Emc9	437	457	305	304	365	414
Emcn	61	68	56	42	50	55
Emd	827	840	631	505	622	683
Eme1	488	500	361	302	323	413
Eme2	3866	3661	2851	2170	2510	2575
Emg1	1922	1834	1469	1319	1462	1658
Emid1	69	65	39	34	34	48
Emilin1	121	124	72	64	54	50
Emilin2	24	31	19	15	8	10
Emilin3	0	4	2	5	7	3
Eml1	5417	5292	4053	3514	3732	4175
Eml2	1347	1306	943	951	1059	1170
Eml3	9567	8575	7038	6375	7121	7527
Eml4	2541	2272	1693	1421	1563	1597
Eml5	12079	11723	9382	8375	9914	9994
Eml6	2233	2266	1845	1628	1943	2036
Emp1	144	242	281	124	206	238
Emp2	245	250	134	127	148	204
Emp3	38	48	26	38	32	25
Emsy	3016	2877	2437	2021	2384	2394
Emx1	0	0	3	0	0	1
Emx2	0	4	0	0	2	0
Emx2os	0	2	1	0	1	0
En1	1	0	0	0	0	0
En2	30	26	23	19	17	15
Enah	4859	4784	3464	3088	3627	3766
Enam	57	65	47	31	47	46
Enc1	458	484	328	227	261	277
Endod1	2325	2217	1540	1516	1595	1842
Endog	493	522	344	352	398	447
Endou	43	47	28	7	7	2
Endov	1331	1291	980	902	1082	1187
Eng	141	138	91	88	95	115
Engase	778	822	612	529	619	671
Enho	584	557	371	485	531	546
Enkd1	663	629	558	480	545	584
Enkur	61	72	56	63	83	67
Eno1	60668	59003	42384	32536	35977	43089
Eno1b	13382	13112	9170	13704	15126	17894
Eno2	22405	20575	14393	20608	22321	25978
Eno3	680	612	488	344	392	382
Eno4	116	112	77	71	77	59
Enoph1	1942	1874	1304	1366	1545	1642
Enox1	2780	2867	2074	602	668	733
Enox2	578	579	417	347	364	418
Enpep	111	88	59	56	53	54
Enpp1	56	63	53	49	45	54
Enpp2	2600	2587	2060	1237	1492	1396
Enpp3	24	24	19	21	24	36
Enpp4	1995	1932	1468	1237	1407	1510
Enpp5	9556	8809	6610	5987	6767	7677
Enpp6	9	8	5	5	10	3
Enpp7	0	0	0	0	0	0
Ensa	9665	9140	6739	6507	7217	7824
Enthd1	0	0	1	2	0	1
Enthd2	563	529	412	354	378	407
Entpd1	158	144	108	87	85	98
Entpd2	116	102	71	44	50	55
Entpd3	255	234	137	132	214	188
Entpd4	8881	8319	6188	2880	3175	3534
Entpd5	1800	1718	1270	1376	1445	1496
Entpd6	591	530	393	411	454	495
Entpd7	498	494	362	370	447	425
Entpd8	1	0	0	2	0	1
Eny2	3046	2870	2003	2071	2325	2553
Eogt	802	782	601	532	554	592
Eomes	293	289	184	215	229	268
Ep300	3890	4019	3295	2655	3217	3270
Ep400	5949	5658	4617	3504	4490	4496
Epas1	4189	4309	3403	2336	2763	2932
Epb41	27977	28167	21143	19123	22191	23141
Epb41l1	4375	4053	3132	2405	2691	2924
Epb41l2	55107	52329	39986	38354	43389	47009
Epb41l3	6997	6488	4583	4469	4915	5398
Epb41l4a	568	628	402	519	559	632
Epb41l4b	510	550	415	315	369	352
Epb41l5	5563	5104	4268	4004	4616	4797
Epb42	27	34	25	14	35	22
Epc1	4628	4738	3756	3741	4004	4439
Epc2	3452	3431	2367	2303	2724	2977
Epcam	2	5	1	1	1	4
Epdr1	909	888	650	510	548	611
Epg5	2602	2375	1995	1710	1957	2085
Epgn	1	0	0	0	0	0
Epha1	87	87	66	49	59	69
Epha10	1127	1063	811	781	775	823
Epha2	117	119	97	67	58	67
Epha3	798	729	553	430	501	502
Epha4	3012	2618	2096	2280	2555	2675
Epha5	2681	2640	1879	1786	2030	2188
Epha6	413	442	366	267	380	337
Epha7	1826	1833	1247	1360	1643	1694
Epha8	1414	1331	1058	928	994	1142
Ephb1	900	864	590	464	500	566
Ephb2	1267	1218	871	842	906	899
Ephb3	385	372	255	225	252	285
Ephb4	194	210	144	124	110	129
Ephb6	967	923	685	535	546	605
Ephx1	385	416	317	135	120	107
Ephx2	1245	1292	894	890	1011	1149
Ephx3	8	13	11	9	11	5
Ephx4	218	194	126	180	166	242
Epm2a	3963	3645	2612	2663	2909	3276
Epm2aip1	11198	10145	7811	6843	7485	8153
Epn1	4786	4461	3341	3073	3321	3668
Epn2	2946	2560	2054	2073	2299	2617
Epn3	175	133	119	103	144	119
Epo	81	69	67	64	53	54
Epor	40	55	31	42	38	49
Eppin	0	0	0	1	0	0
Eprs	8147	7497	5613	5158	5818	6198
Eps15	4670	4264	3131	2593	2974	3257
Eps15l1	2685	2618	1967	1871	2133	2198
Eps8	3593	3288	2575	3216	3442	3816
Eps8l1	1425	128	1044	22	31	32
Eps8l2	95	134	107	49	78	80
Eps8l3	499	452	285	369	420	486
Epsti1	3	3	9	2	3	9
Ept1	1934	2059	1564	1591	1679	1875
Epx	2	3	3	3	1	4
Epyc	0	0	0	0	2	0
Eqtn	26	18	17	1	1	0
Eral1	1035	997	709	696	810	869
Erap1	1379	1276	956	591	689	714
Eras	10	9	12	11	6	16
Erbb2	215	180	141	138	101	147
Erbb3	44	37	38	54	38	43
Erbb4	805	720	552	546	606	629
Erbin	7037	6529	4876	5277	5875	6197
Erc1	1110	1123	766	687	657	786
Erc2	2347	2315	1702	1579	1924	1967
Ercc1	678	651	522	487	508	541
Ercc2	5351	5044	3978	3884	4155	4268
Ercc3	1107	1076	864	772	822	918
Ercc4	523	518	409	390	461	430
Ercc5	1721	1793	1251	1048	1272	1315
Ercc6	1441	1555	1167	1070	1270	1287
Ercc6l	34	36	28	29	21	28
Ercc6l2	1823	1649	1233	1250	1526	1566
Ercc8	864	739	618	588	686	752
Erdr1	1934	1622	1107	2362	3525	2481
Ereg	0	0	1	2	2	3
Erf	442	456	315	303	353	369
Erg	60	63	53	37	45	42
Ergic1	1817	1898	1261	1228	1330	1519
Ergic2	3230	3031	2201	2091	2445	2713
Ergic3	3681	3583	2777	2603	2773	3171
Erh	1067	1128	796	705	742	829
Eri1	1222	1227	929	745	797	898
Eri2	712	743	532	330	432	407
Eri3	2128	2015	1526	1607	1780	2108
Erich1	498	495	333	319	343	388
Erich2	3	4	2	0	1	1
Erich2os	1	3	1	1	1	3
Erich3	460	442	326	358	410	440
Erich4	0	1	0	0	2	0
Erich5	678	576	468	421	484	500
Erich6	110	111	73	36	54	61
Erich6b	5	4	3	1	5	5
Erlec1	1794	1649	1344	1538	1669	1807
Erlin1	454	569	367	353	347	413
Erlin2	4741	4552	3302	2813	3049	3401
Ermap	18	18	24	47	102	41
Ermard	6258	5841	4537	9779	11754	12101
Ermn	98	165	145	79	146	63
Ermp1	1226	1308	993	863	1005	1036
Ern1	1460	1353	1085	1117	1190	1220
Ern2	0	3	1	3	2	1
Ero1l	2801	2497	1761	1532	1892	2199
Ero1lb	999	931	715	673	780	853
Erp27	1	4	1	2	3	2
Erp29	2016	2061	1517	1442	1463	1781
Erp44	1663	1495	1098	1094	1241	1318
Errfi1	1642	1521	1080	992	1088	1217
Erv3	0	1	2	0	0	0
Esam	544	540	370	383	441	443
Esco1	6420	6269	4709	4607	5141	5622
Esco2	3	4	6	2	2	2
Esd	2475	2408	1753	2003	2209	2483
Esf1	1814	1798	1147	1132	1345	1323
Esm1	0	4	1	22	9	0
Esp1	0	0	0	0	0	0
Esp15	0	0	0	0	0	0
Esp16	0	0	0	0	0	0
Esp18	0	0	0	0	0	0
Esp23	0	0	0	0	0	0
Esp24	0	0	0	0	0	0
Esp3	0	0	0	0	0	0
Esp31	0	0	0	0	0	0
Esp34	0	0	0	0	0	0
Esp36	0	0	0	0	0	0
Esp38	0	0	0	0	0	0
Esp4	0	0	0	0	0	0
Esp6	0	0	5	0	0	1
Esp8	0	0	0	0	0	0
Espl1	62	51	60	23	29	25
Espn	890	926	637	714	841	868
Espnl	14	15	9	17	11	13
Esr1	139	121	90	67	82	91
Esr2	0	4	2	2	3	2
Esrp1	107	84	68	101	108	134
Esrp2	180	177	146	120	151	154
Esrra	1910	1748	1268	1313	1406	1563
Esrrb	12164	12017	8900	8214	9043	9618
Esrrg	4539	4517	3182	2683	3067	3229
Esx1	0	0	0	0	0	0
Esyt1	840	759	583	547	578	579
Esyt2	3663	3515	2591	2455	2784	2928
Esyt3	29	37	32	29	35	42
Etaa1	721	779	514	674	713	799
Etaa1os	75	72	45	35	29	48
Etd	1	1	1	0	0	0
Etf1	4472	4390	3113	2743	2974	3229
Etfa	513	528	383	307	373	404
Etfb	1081	1034	771	632	693	767
Etfdh	1223	1239	1001	890	985	1085
Ethe1	152	145	131	140	102	144
Etl4	489	479	360	285	351	331
Etnk1	13309	12968	9842	8654	9572	10372
Etnk2	73	64	61	28	27	24
Etnppl	897	658	564	144	178	168
Ets1	289	250	191	121	160	160
Ets2	612	584	404	330	426	411
Etv1	313	331	196	177	204	221
Etv2	0	0	0	0	0	0
Etv3	1693	1782	1286	1200	1296	1366
Etv3l-001	7	7	9	3	4	4
Etv4	138	169	109	140	135	168
Etv5	1514	1249	979	672	694	854
Etv6	792	756	584	516	582	584
Eva1a	103	99	75	80	89	108
Eva1b	29	31	15	20	16	14
Eva1c	125	111	88	45	60	57
Evc	349	347	234	277	288	286
Evc2	235	228	165	161	175	228
Evi2a	54	55	45	40	41	38
Evi2b	40	39	29	22	34	33
Evi5	4592	4141	3102	2524	2980	3289
Evi5l	2976	2907	2166	2129	2270	2476
Evl	2965	2848	2069	2155	2343	2500
Evpl	151	178	151	126	129	144
Evx1	0	0	0	0	0	0
Evx1os	0	0	0	0	0	0
Evx2	0	0	0	0	0	0
Ewsr1	8390	8141	6151	5838	6623	6853
Exd1	42	40	33	36	51	38
Exd2	2681	2785	1934	1977	2264	2448
Exo1	11	12	7	11	13	15
Exo5	416	388	292	267	364	331
Exoc1	2766	2700	2130	2013	2246	2319
Exoc2	2980	2703	2084	1865	2072	2259
Exoc3	4928	4619	3514	3094	3518	4022
Exoc3l	280	264	209	252	286	337
Exoc3l2	9	6	9	13	14	15
Exoc3l4	30	30	25	72	51	68
Exoc4	3320	3224	2578	1959	2251	2486
Exoc5	4296	4128	2951	2495	2890	3254
Exoc6	1500	1432	1071	1020	1164	1309
Exoc6b	2047	1934	1417	1384	1544	1690
Exoc7	2826	2630	2100	2103	2214	2458
Exoc8	1544	1544	1178	1108	1161	1225
Exog	462	480	366	326	341	342
Exosc1	441	443	348	314	361	370
Exosc10	2473	2390	1891	1709	1923	2016
Exosc2	1562	1423	1075	1041	1137	1280
Exosc3	752	687	511	476	631	604
Exosc4	893	778	657	608	674	705
Exosc5	426	461	342	344	361	386
Exosc6	216	236	175	151	129	142
Exosc7	672	673	514	464	533	563
Exosc8	818	793	632	607	642	699
Exosc9	1608	1559	1155	838	902	1017
Exph5	33	35	27	25	33	36
Ext1	2723	2617	1952	1151	1350	1548
Ext2	1231	1263	936	874	932	1112
Extl1	199	204	144	40	51	34
Extl2	4892	4385	3163	2923	3203	3492
Extl3	3932	3790	2940	2857	3053	3414
Eya1	118	135	106	100	102	93
Eya2	103	106	78	92	87	119
Eya3	1150	1104	880	675	801	810
Eya4	25	22	22	13	25	24
Ezh1	2722	2822	2066	1848	2132	2360
Ezh2	1829	1805	1331	2187	2406	2690
Ezr	453	465	396	424	537	473
F10	2	8	8	4	3	2
F11	66	70	36	28	32	28
F11r	140	137	120	188	185	242
F12	4	2	5	4	3	3
F13a1	21	31	18	10	8	2
F13b	0	0	0	0	0	2
F2	19	11	11	19	27	27
F2r	783	671	529	222	236	276
F2rl1	48	54	24	7	10	7
F2rl2	8	7	9	2	9	4
F2rl3	24	34	21	30	28	25
F3	237	291	196	259	375	375
F5	336	303	300	64	57	39
F630028O10Rik	3	6	6	0	0	0
F7	12	10	13	7	8	2
F8	1002	901	735	576	661	659
F830016B08Rik	0	2	0	0	1	0
F830045P16Rik	3	0	1	0	3	1
F830112A20Rik	77	63	60	43	62	45
F830115B05Rik	7	8	5	2	8	5
F830212C03Rik	8	10	8	2	6	1
F8a	504	450	369	338	367	433
F9	1	1	0	0	0	4
F930015N05Rik	4	4	4	5	7	0
F930017D23Rik	0	0	1	1	0	0
Fa2h	8	5	2	4	4	6
Faah	1267	1207	914	1909	2109	2171
Faap100	1853	1840	1527	1130	1263	1371
Faap20	357	337	225	172	171	195
Faap24	274	271	170	194	206	206
Fabp1	0	0	0	0	0	0
Fabp12	7618	7095	5619	4830	5429	5813
Fabp2	0	0	0	0	0	2
Fabp3	713	683	552	472	531	587
Fabp3-ps1	105	129	75	97	90	110
Fabp4	229	177	122	74	88	90
Fabp5	1031	1043	740	603	644	756
Fabp6	4	9	4	0	2	4
Fabp7	66	61	70	100	109	107
Fabp9	60	56	30	15	25	22
Fadd	308	293	222	215	262	253
Faddos	85	64	42	49	56	64
Fads1	2950	2995	2183	2432	2690	2950
Fads2	1131	1117	785	806	859	963
Fads3	449	512	348	259	336	326
Fads6	1430	1324	952	1049	1076	1247
Faf1	3316	3205	2426	2147	2525	2772
Faf2	2725	2540	1897	1868	2079	2227
Fah	224	222	172	205	282	250
Fahd1	717	687	492	516	615	686
Fahd2a	737	685	527	548	586	639
Faim	5789	5654	4372	3521	3892	4052
Faim2	5447	5196	3807	4100	4456	4916
Faiml	10	5	6	1	5	5
Fam101a	64	71	70	25	31	27
Fam101b	129	163	116	115	132	143
Fam102a	2256	2251	1685	1541	1690	1900
Fam102b	1202	1168	768	751	929	1011
Fam103a1	3176	3025	2102	1769	1888	2122
Fam104a	1731	1769	1266	1230	1368	1454
Fam105a	212	229	164	146	189	181
Fam107a	626	645	497	292	344	375
Fam107b	3343	3214	2420	2416	2565	2990
Fam109a	310	333	243	214	264	287
Fam109b	57	41	23	38	31	35
Fam110a	417	402	299	275	343	371
Fam110b	485	442	334	327	357	402
Fam110c	57	34	35	17	21	28
Fam111a	38	56	29	33	35	47
Fam114a1	149	139	90	91	76	101
Fam114a2	3767	3469	2676	2328	2531	2728
Fam117a	200	230	173	132	151	161
Fam117b	3664	3759	2614	2634	2819	3219
Fam118a	603	660	520	610	678	758
Fam118b	871	827	641	597	623	817
Fam120a	9363	8873	6865	6181	6870	7338
Fam120b	2699	2515	1954	1747	2055	2270
Fam120c	2865	2686	2083	1747	2074	2186
Fam122a	146	168	104	149	154	146
Fam122b	229	202	144	125	154	143
Fam122c	0	0	0	0	0	0
Fam124a	208	192	163	147	149	175
Fam124b	0	2	3	3	0	1
Fam126a	1397	1407	1002	1032	1163	1248
Fam126b	11341	9908	7766	6150	6950	7487
Fam129a	917	969	591	288	230	203
Fam129b	1320	1389	926	876	902	1051
Fam129c	89	95	79	102	125	127
Fam131a	735	722	537	484	518	530
Fam131b	1460	1284	934	1021	1096	1262
Fam131c	13	28	12	12	16	11
Fam132a	565	585	434	286	328	307
Fam132b	105	88	76	65	88	58
Fam133b	1620	1589	1091	1108	1239	1273
Fam134a	5625	5274	4013	4020	4250	4705
Fam134b	1202	1041	696	753	895	976
Fam134c	3750	3467	2816	2690	2930	3227
Fam135a	3595	3291	2490	2936	3282	3493
Fam135b	1638	1338	1057	987	1201	1257
Fam136a	1382	1136	859	924	1034	1088
Fam136b-ps	5	5	0	1	3	3
Fam13a	678	752	485	417	531	565
Fam13b	3245	3087	2238	2452	2818	3037
Fam13c	969	1045	678	633	735	743
Fam149a	5120	4989	4006	3450	3828	4087
Fam149b	1538	1431	1100	1023	1202	1248
Fam150a	0	0	0	1	0	0
Fam150b	46	53	33	37	36	41
Fam151a	198	190	184	95	100	116
Fam151b	336	312	275	210	260	312
Fam155a	2136	2109	1444	1512	1603	1849
Fam159a	2	0	0	2	0	2
Fam159b	177	177	111	50	47	56
Fam160a1	4651	4125	3291	2955	3403	3765
Fam160a2	2549	2441	1973	1807	2065	2056
Fam160b1	1700	1646	1194	1092	1305	1320
Fam160b2	328	347	288	228	310	268
Fam161a	12455	11569	9355	8839	10342	10335
Fam161b	845	821	707	666	638	750
Fam162a	1207	1101	777	665	782	934
Fam162b	0	0	0	0	0	0
Fam163a	766	689	506	454	508	564
Fam163b	47	75	62	45	66	66
Fam166a	1190	1146	813	780	818	976
Fam166b	166	186	85	89	102	111
Fam167a	32	31	16	11	13	9
Fam167b	4	1	4	0	2	4
Fam168a	6066	5586	4317	3533	3933	4223
Fam168b	12360	11616	8864	8717	9501	10554
Fam169a	54675	49617	35377	33005	36504	41728
Fam169b	1	2	1	1	0	4
Fam170a	0	0	0	0	0	0
Fam170b	0	2	0	0	0	0
Fam171a1	513	487	372	328	374	411
Fam171a2	438	415	292	380	425	450
Fam171b	11560	11345	8091	9066	10264	11081
Fam172a	1494	1432	968	938	1060	1174
Fam173a	1492	1332	906	1038	1205	1298
Fam173b	531	499	353	382	450	460
Fam174a	1472	1384	1025	749	873	879
Fam174b	408	404	271	239	256	298
Fam175a	1203	1132	858	642	813	813
Fam175b	1185	1183	922	894	912	989
Fam177a	4166	3920	2353	1671	1806	1963
Fam178a	7774	7442	5473	5860	6875	7114
Fam178b	7	3	3	10	12	10
Fam179a	11	11	8	12	6	11
Fam179b	4638	4699	3555	3157	3533	3740
Fam180a	1	0	0	0	0	0
Fam181a	29	27	19	22	34	42
Fam181b	43	49	41	91	112	116
Fam183b	11	10	10	3	8	5
Fam184a	3534	3370	2424	2480	2851	3034
Fam184b	700	741	522	453	528	526
Fam185a	580	563	414	371	456	480
Fam186a	31	25	29	7	31	44
Fam186b	17	24	16	15	15	18
Fam187a	10	7	10	7	8	5
Fam187b	8	15	8	8	4	12
Fam188a	1420	1441	980	898	1053	1158
Fam188b	672	666	555	513	556	570
Fam188b2-ps	53	44	30	18	26	16
Fam189a1	227	210	177	105	104	96
Fam189a2	574	447	364	506	540	527
Fam189b	186	209	158	171	147	177
Fam192a	2312	2447	1748	1548	1663	1874
Fam193a	10202	10073	7969	6378	7005	7672
Fam193b	2899	2794	2225	2038	2442	2458
Fam195a	103	90	74	85	85	95
Fam195b	998	976	684	723	697	892
Fam196a	597	545	423	414	465	561
Fam196b	382	363	267	372	431	484
Fam198a	184	191	118	158	154	236
Fam198b	21	31	25	101	117	125
Fam199x	3567	3341	2476	2356	2784	2855
Fam19a1	269	209	168	173	158	201
Fam19a2	698	644	478	460	470	531
Fam19a3	3890	3676	2695	2932	3261	3259
Fam19a4	268	289	182	174	205	213
Fam19a5	853	854	618	753	804	878
Fam204a	1761	1697	1274	1365	1578	1624
Fam205a1	69	57	35	7	11	9
Fam205a2	185	179	141	39	40	52
Fam205a3	93	89	67	21	20	26
Fam205a4	99	101	78	23	20	27
Fam205c	138	111	119	4	6	4
Fam206a	556	587	427	406	498	476
Fam207a	1144	1199	907	883	864	954
Fam208a	9173	8739	6414	5996	7207	7463
Fam208b	4724	4408	3350	2997	3428	3600
Fam209	11	6	9	8	14	10
Fam20a	36	31	22	14	24	32
Fam20b	3157	3015	2083	2165	2258	2552
Fam20c	411	382	295	290	277	328
Fam21	4205	3747	2883	2934	3278	3527
Fam210a	2397	2415	1744	1559	1856	1897
Fam210b	848	823	564	661	727	711
Fam212a	19	27	17	13	20	26
Fam212b	3332	3231	2285	2040	2258	2533
Fam213a	3117	3060	2282	2755	2914	3466
Fam213b	1510	1346	974	1041	1128	1231
Fam214a	2318	1832	1485	1552	1810	1858
Fam214b	435	414	336	383	442	432
Fam216a	1888	1937	1435	1393	1438	1658
Fam216b	0	0	0	0	0	0
Fam217a	20	7	16	8	9	15
Fam217b	1236	1173	813	842	909	1028
Fam219a	1515	1473	982	894	1038	1198
Fam219aos	370	383	216	217	259	277
Fam219b	1289	1268	928	883	909	1089
Fam220a	868	933	589	577	619	701
Fam221a	49	63	32	64	82	82
Fam221b	22	29	20	17	9	20
Fam222a	840	938	649	729	742	763
Fam222b	531	581	407	377	412	451
Fam227a	876	849	743	711	816	807
Fam227b	134	122	84	95	97	128
Fam228a	244	215	140	144	175	171
Fam228b	285	248	216	174	205	205
Fam229a	0	3	3	3	6	4
Fam229b	449	405	324	312	320	350
Fam234a	869	780	606	532	644	666
Fam234b	3596	3606	2638	2035	2318	2637
Fam24a	16	13	8	8	12	15
Fam25c	0	1	3	0	1	0
Fam26d	1	0	0	0	0	0
Fam26e	48	52	47	46	49	44
Fam26f	2	5	3	2	3	1
Fam32a	2842	2709	1988	1435	1555	1720
Fam35a	1092	1070	678	721	762	903
Fam3a	1150	1153	777	796	866	990
Fam3b	1	0	0	1	1	1
Fam3c	16209	15633	11118	9474	10727	11574
Fam43a	897	798	632	606	715	751
Fam43b	177	189	137	141	135	156
Fam45a	4376	4140	2952	2908	3292	3838
Fam46a	304	339	247	202	212	205
Fam46b	44	67	46	55	77	60
Fam46c	151	164	114	87	69	52
Fam46d	4	3	4	3	2	7
Fam47c	0	0	0	0	0	0
Fam47e	9	4	3	2	3	3
Fam49a	1187	1125	805	906	1013	1042
Fam49b	3068	2653	2007	1913	2177	2458
Fam50a	1094	1028	756	652	800	868
Fam50b	0	2	0	2	0	1
Fam53a	679	646	538	517	593	588
Fam53b	5508	5089	4059	3554	3931	4178
Fam53c	2680	2738	2033	1999	2131	2250
Fam57a	309	298	228	177	202	190
Fam57b	16197	15809	12333	9891	11010	11758
Fam58b	1316	1276	968	971	1114	1165
Fam60a	371	310	265	167	155	171
Fam63a	1094	1017	797	775	858	898
Fam63b	8658	7990	6191	5452	6110	6692
Fam64a	71	49	44	43	59	55
Fam65a	256	308	209	183	232	204
Fam65b	1275	1152	881	815	868	946
Fam65c	8	16	14	11	12	14
Fam69a	1730	1571	1094	1037	1197	1211
Fam69b	607	555	387	386	431	443
Fam69c	479	465	292	333	364	416
Fam71a	0	0	0	0	0	1
Fam71b	2	3	2	1	1	0
Fam71d	19	36	21	20	18	25
Fam71e1	474	484	383	558	618	693
Fam71e2	1	3	4	3	2	4
Fam71f1	0	0	0	0	1	0
Fam71f2	19	16	15	19	22	24
Fam72a	56	67	48	41	49	52
Fam73a	2436	2315	1631	1580	1866	1992
Fam73b	1825	1679	1405	1243	1462	1492
Fam76a	2162	2121	1504	1421	1499	1629
Fam76b	1559	1585	1115	1217	1388	1426
Fam78a	537	561	419	402	441	495
Fam78b	980	928	698	613	742	787
Fam81a	215	205	135	171	162	170
Fam81b	7	7	2	0	3	2
Fam83a	4	3	5	1	2	2
Fam83b	0	1	2	0	0	3
Fam83c	80	66	53	51	68	80
Fam83d	5	2	3	1	1	1
Fam83e	14	20	10	9	16	20
Fam83f	78	78	69	60	94	88
Fam83g	15	8	10	21	30	29
Fam83h	348	343	226	279	278	264
Fam84a	243	220	157	135	170	188
Fam84b	2132	2155	1613	1525	1696	1783
Fam89a	343	264	214	217	209	232
Fam89b	429	417	329	350	337	384
Fam8a1	1008	1036	712	754	827	777
Fam90a1a	0	0	0	0	0	0
Fam90a1b	17	16	5	13	13	18
Fam91a1	3827	3513	2678	2420	2588	3035
Fam92a	1151	1154	833	875	987	1016
Fam92b	31	34	29	12	20	27
Fam96a	1585	1418	990	1154	1121	1213
Fam96b	627	513	438	400	468	461
Fam98a	689	704	474	401	518	460
Fam98b	404	354	302	271	317	289
Fam98c	546	486	384	425	439	526
Fan1	368	352	280	231	281	254
Fanca	303	310	266	250	271	269
Fancb	110	108	85	77	85	102
Fancc	631	658	484	208	227	246
Fancd2	58	43	36	34	23	25
Fancd2os	7	4	4	1	3	2
Fance	2048	1898	1418	1590	1694	1796
Fancf	366	352	236	246	269	316
Fancg	604	546	497	421	495	508
Fanci	371	424	288	326	341	421
Fancl	495	493	343	308	350	364
Fancm	1449	1378	1126	947	1165	1229
Fank1	63	54	58	31	56	46
Fap	19	51	33	14	62	22
Far1	5099	4834	3540	2613	3073	3101
Far1os	302	319	250	163	190	182
Far2	1303	1161	804	968	1168	1249
Far2os1	0	1	0	0	1	1
Far2os2	0	2	3	5	5	2
Farp1	616	623	486	375	381	399
Farp2	1231	1223	919	793	917	953
Fars2	720	738	588	512	560	660
Farsa	2686	2403	1857	1956	2214	2459
Farsb	2342	2321	1736	1518	1814	1912
Fas	28	30	21	12	10	15
Fasl	1	2	2	3	1	1
Fasn	6989	5957	4874	4696	5368	5572
Fastk	2263	2282	1816	1739	1936	2017
Fastkd1	580	562	412	365	411	450
Fastkd2	895	976	795	647	698	772
Fastkd3	471	516	377	356	357	341
Fastkd5	744	743	527	481	481	565
Fat1	740	823	629	530	613	568
Fat2	10	4	11	2	5	2
Fat3	11678	10717	8001	6940	8065	8634
Fat4	2064	1924	1466	1248	1598	1493
Fate1	1	1	2	0	0	0
Fau	5979	5664	4367	4610	4766	5463
Faxc	1261	1170	882	770	905	889
Fbf1	2263	2067	1590	1413	1657	1719
Fbl	416	476	298	295	285	346
Fblim1	37	32	25	12	19	14
Fbll1	384	374	259	243	235	264
Fbln1	1509	1469	1116	243	126	82
Fbln2	25	29	50	28	21	34
Fbln5	99	101	91	31	41	35
Fbln7	56	63	36	20	23	20
Fbn1	2210	2008	1582	628	627	500
Fbn2	167	132	119	72	62	56
Fbp1	0	2	0	1	2	0
Fbp2	1	2	1	0	0	4
Fbrs	1012	971	843	727	905	813
Fbrsl1	1165	1100	954	883	981	951
Fbxl12	1299	1154	944	895	977	1104
Fbxl12os	248	239	214	165	248	226
Fbxl13	11	8	9	3	5	5
Fbxl14	1653	1695	1161	1235	1261	1342
Fbxl15	372	367	336	287	294	392
Fbxl16	2657	2485	1837	1753	1919	2165
Fbxl17	1590	1640	1097	1065	1279	1342
Fbxl18	1103	1063	874	859	969	1070
Fbxl19	1890	1922	1562	1529	1778	1690
Fbxl2	1595	1603	1198	1089	1245	1340
Fbxl20	4078	3845	2897	3441	3873	3950
Fbxl21	173	159	119	101	114	124
Fbxl22	459	419	395	311	352	363
Fbxl3	6823	6427	4555	4584	5152	5600
Fbxl4	1425	1412	971	847	1026	1082
Fbxl5	22466	20205	15083	17003	19192	20854
Fbxl6	631	574	433	415	458	453
Fbxl7	2	3	2	1	0	4
Fbxl8	42	52	43	37	40	49
Fbxo10	1052	973	716	754	876	886
Fbxo11	4055	3863	2969	2599	2990	3161
Fbxo15	11	19	16	10	14	12
Fbxo16	112	79	63	82	78	94
Fbxo17	146	149	93	141	156	166
Fbxo18	2798	2666	2059	1916	2101	2246
Fbxo2	974	874	634	570	581	704
Fbxo21	4698	4336	3346	2736	2928	3388
Fbxo22	2242	2266	1594	1535	1607	1813
Fbxo24	116	79	67	59	45	58
Fbxo25	1764	1714	1187	1230	1321	1494
Fbxo27	993	1026	863	709	796	816
Fbxo28	2335	2379	1719	1740	1913	2081
Fbxo3	5288	5140	3749	3050	3497	3795
Fbxo30	2302	2160	1658	1551	1749	1771
Fbxo31	1842	1783	1319	1274	1343	1473
Fbxo32	1156	1205	921	838	1077	1181
Fbxo33	2566	2544	1752	1716	1725	2037
Fbxo34	1017	1012	792	806	886	967
Fbxo36	158	151	119	130	119	142
Fbxo38	3209	2968	2393	2318	2554	2755
Fbxo39	0	1	1	0	0	0
Fbxo4	261	266	219	154	168	161
Fbxo40	26	27	22	19	12	20
Fbxo41	787	713	535	569	590	704
Fbxo42	1288	1226	1000	947	1018	1151
Fbxo43	84	73	52	45	48	48
Fbxo44	1368	1198	960	621	683	756
Fbxo45	2477	2456	1766	1649	1728	1878
Fbxo46	683	732	543	579	589	699
Fbxo47	95	94	50	63	68	74
Fbxo48	62	93	50	43	59	55
Fbxo5	133	125	84	98	112	134
Fbxo6	533	465	365	386	464	480
Fbxo7	993	970	710	561	743	768
Fbxo8	1805	1804	1234	1192	1346	1497
Fbxo9	5933	5277	3920	3848	3840	4589
Fbxw10	19	9	4	6	10	8
Fbxw11	4667	4170	3080	3050	3197	3680
Fbxw13	2	0	0	1	0	0
Fbxw14	0	1	0	0	0	0
Fbxw15	1	0	1	0	2	0
Fbxw16	1	0	0	0	0	0
Fbxw17	185	164	122	113	119	138
Fbxw18	0	1	0	0	1	0
Fbxw19	1	0	0	0	0	0
Fbxw2	1990	1973	1491	1291	1344	1569
Fbxw20	0	0	0	0	0	0
Fbxw21	55	53	40	10	10	15
Fbxw22	0	0	0	0	0	0
Fbxw23	0	0	0	0	0	0
Fbxw24	0	3	0	0	0	2
Fbxw25	0	0	0	0	0	0
Fbxw26	0	1	0	0	0	0
Fbxw27	1	1	0	0	1	0
Fbxw28	0	0	0	0	0	0
Fbxw4	1069	1050	833	719	856	947
Fbxw5	899	923	648	545	635	644
Fbxw7	4967	4480	3371	3363	3647	3983
Fbxw8	2008	1775	1487	1460	1539	1693
Fbxw9	792	798	639	615	680	780
Fcamr	34	33	26	12	17	21
Fcer1a	0	0	0	0	0	0
Fcer1g	42	43	35	20	10	18
Fcer2a	52	60	42	54	56	47
Fcf1	639	658	475	499	470	515
Fcgbp	125	145	128	93	85	117
Fcgr1	31	28	15	13	10	13
Fcgr2b	19	27	13	9	4	5
Fcgr3	66	47	32	29	21	23
Fcgr4	3	2	4	0	0	2
Fcgrt	264	257	187	114	98	116
Fcho1	1169	1157	830	635	708	754
Fcho2	1600	1569	1181	1096	1360	1266
Fchsd1	870	857	604	617	669	682
Fchsd2	1878	1929	1273	1317	1444	1497
Fcmr	1	0	0	0	0	0
Fcna	3	1	2	3	4	0
Fcnaos	17	21	9	17	23	15
Fcnb	0	0	0	0	0	0
Fcor	56	50	55	52	57	76
Fcrl1	2	3	0	0	0	0
Fcrl5	0	0	0	13	11	22
Fcrl6	3	0	1	2	1	0
Fcrla	0	0	0	1	0	0
Fcrlb	9	6	3	7	4	5
Fcrls	35	38	29	5	5	3
Fdft1	3733	3434	2431	2440	2490	2862
Fdps	2801	2574	1908	1984	2112	2326
Fdx1	396	370	297	277	330	358
Fdx1l	368	315	252	201	269	265
Fdxacb1	564	530	434	406	479	516
Fdxr	378	374	293	300	326	330
Fech	1064	1026	763	720	809	857
Fem1a	2208	2119	1599	1531	1711	1783
Fem1b	8861	8148	6224	5720	6321	6956
Fem1c	3610	3506	2637	2184	2457	2658
Fen1	1197	1109	845	761	863	960
Fer	2411	2299	1703	1486	1708	1840
Fer1l4	9	8	6	3	7	7
Fer1l5	324	297	265	221	255	258
Fer1l6	25	26	17	20	19	16
Ferd3l	0	0	0	0	0	0
Fermt1	5	3	7	0	0	2
Fermt2	1148	1242	861	954	1069	1066
Fermt3	199	182	116	156	182	173
Fes	62	71	51	51	42	48
Fetub	2	0	2	0	1	0
Fev	5	2	0	1	1	2
Fez1	2668	2324	1785	1682	1845	2046
Fez2	1414	1366	988	760	846	939
Fezf1	53	29	24	20	21	34
Fezf2	165	195	123	95	116	135
Ffar1	6	6	3	0	1	1
Ffar2	1	2	0	0	0	1
Ffar3	0	0	0	0	0	0
Ffar4	7	4	5	7	10	12
Fga	0	0	0	0	0	0
Fgb	0	0	0	0	0	0
Fgd1	1516	1516	1096	1098	1252	1343
Fgd2	26	19	24	7	9	7
Fgd3	77	67	58	41	54	51
Fgd4	9721	8472	6507	6082	6790	7377
Fgd5	148	154	90	92	97	105
Fgd6	730	731	598	658	799	763
Fgf1	2163	2010	1242	1767	1756	2039
Fgf10	75	93	74	53	63	63
Fgf11	1699	1679	1136	997	1105	1194
Fgf12	4133	3923	2618	2184	2401	2735
Fgf13	1312	1217	892	870	912	988
Fgf14	1146	1047	737	780	860	977
Fgf15	7	1	2	4	6	6
Fgf16	0	0	0	0	0	0
Fgf17	5	5	2	5	10	3
Fgf18	22	25	23	11	28	16
Fgf2	1512	1410	887	563	568	620
Fgf20	44	35	29	29	27	21
Fgf21	0	0	0	0	0	0
Fgf22	29	23	19	21	18	30
Fgf23	8	9	3	2	4	3
Fgf2os	145	102	89	82	131	105
Fgf3	59	49	37	12	14	15
Fgf4	0	0	0	0	0	1
Fgf5	16	19	17	25	23	34
Fgf6	0	0	0	0	0	0
Fgf7	31	27	16	2	7	4
Fgf8	5	9	4	2	1	5
Fgf9	1815	1673	1134	1262	1361	1485
Fgfbp1	7	5	16	3	2	1
Fgfbp3	728	787	481	208	242	258
Fgfr1	691	625	498	332	345	375
Fgfr1op	1828	1780	1352	1307	1469	1602
Fgfr1op2	2779	2748	1997	1851	2097	2218
Fgfr2	621	595	464	365	372	358
Fgfr3	25	38	33	29	31	32
Fgfr4	23	28	28	52	38	48
Fgfrl1	193	168	120	143	157	157
Fgg	6	3	4	11	3	12
Fggy	185	175	143	3	1	2
Fgl1	3	2	1	0	0	0
Fgl2	14	28	11	38	27	13
Fgr	7	9	5	2	6	4
Fh1	2312	2231	1666	1569	1701	1952
Fhad1	142	115	94	62	92	103
Fhad1os1	1	0	3	0	1	0
Fhad1os2	0	1	2	0	2	1
Fhdc1	353	369	266	196	166	163
Fhit	80	89	60	113	124	121
Fhitos	0	2	0	1	4	5
Fhl1	2829	2641	1978	1763	2019	2125
Fhl2	28	22	17	10	19	17
Fhl3	25	23	14	18	24	20
Fhl4	56	50	41	41	32	43
Fhl5	14	10	14	2	13	4
Fhod1	559	634	501	531	592	529
Fhod3	7806	7480	6218	4939	5342	5884
Fibcd1	354	303	266	338	403	418
Fibin	36	37	30	41	40	44
Fibp	924	893	663	658	701	781
Ficd	748	716	581	518	571	680
Fig4	1803	1541	1208	1064	1257	1405
Figla	1	1	3	0	0	3
Fign	135	171	100	93	95	105
Fignl1	122	121	100	83	88	108
Fignl2	298	287	228	275	296	281
Filip1	202	244	155	128	140	141
Filip1l	1485	1400	979	696	812	973
Fip1l1	5649	5417	4001	4105	4562	5222
Fis1	3633	3361	2517	2723	2763	3173
Fitm1	7	5	6	4	2	5
Fitm2	1758	1729	1259	1224	1296	1502
Fiz1	921	895	673	642	699	745
Fjx1	63	56	44	37	24	38
Fkbp10	196	166	137	102	82	121
Fkbp11	41	44	28	61	65	61
Fkbp14	852	794	568	557	616	689
Fkbp15	2581	2317	1910	1710	1996	2098
Fkbp1a	1315	1257	910	839	810	999
Fkbp1b	145	119	84	86	91	113
Fkbp2	485	477	351	330	332	365
Fkbp3	4257	3997	2898	2943	3194	3520
Fkbp4	8552	8307	6312	5854	6462	7272
Fkbp5	926	852	677	557	671	764
Fkbp6	0	0	0	3	0	0
Fkbp7	114	100	94	82	108	82
Fkbp8	7065	6598	5119	4444	4616	5211
Fkbp9	848	772	571	347	399	426
Fkbpl	408	368	276	266	244	261
Fkrp	1547	1481	1036	1034	1096	1235
Fktn	2522	2548	1818	1664	1878	2064
Flad1	1534	1480	1156	1220	1283	1284
Flcn	5612	5183	4058	3966	4218	4779
Flg	1	3	0	0	24	1
Flg2	0	0	0	0	2	3
Fli1	110	114	77	66	73	72
Flii	3369	2988	2353	2332	2498	2653
Flna	3184	3213	2478	2029	2231	2081
Flnb	2026	1939	1568	1270	1646	1491
Flnc	82	76	42	30	34	19
Flot1	1333	1228	903	746	879	949
Flot2	1170	1046	825	723	744	915
Flrt1	607	588	497	405	408	403
Flrt2	1622	1542	1039	1075	1151	1332
Flrt3	1249	1177	844	603	629	711
Flt1	3782	3380	2530	2017	2275	2529
Flt3	96	103	60	47	35	61
Flt3l	19056	17826	13518	10999	11621	13773
Flt4	203	197	149	97	114	91
Flywch1	4794	4478	3285	2994	3199	3706
Flywch2	337	292	206	255	257	298
Fmc1	724	670	473	498	529	593
Fmn1	7053	6376	4901	3779	4541	4819
Fmn2	834	844	661	490	564	550
Fmnl1	181	192	139	120	153	130
Fmnl2	813	871	622	553	607	743
Fmnl3	390	327	291	290	300	281
Fmo1	31	71	36	840	1910	1416
Fmo2	26	14	15	117	159	137
Fmo3	2	0	2	1	4	1
Fmo4	0	0	1	0	0	0
Fmo5	41	47	30	20	19	30
Fmo6	0	0	0	0	0	0
Fmo9	0	0	0	1	4	1
Fmod	434	459	326	116	76	59
Fmr1	3785	3728	2737	2358	2983	3096
Fmr1nb	2	1	3	4	4	3
Fn1	789	872	697	604	765	744
Fn3k	1184	1102	845	877	958	1011
Fn3krp	2828	2571	1990	1746	1810	2270
Fnbp1	1236	1246	846	870	937	991
Fnbp1l	583	565	408	383	470	503
Fnbp4	3757	3639	2690	2742	3063	3012
Fnd3c2	3	1	2	0	3	1
Fndc1	453	462	353	626	777	759
Fndc10	597	585	436	459	500	486
Fndc3a	3713	3448	2641	2547	2745	2939
Fndc3b	727	675	579	476	508	509
Fndc3c1	0	3	0	1	0	2
Fndc4	2044	2040	1477	1382	1595	1567
Fndc5	1568	1281	947	1007	1033	1262
Fndc7	4	0	4	5	2	2
Fndc8	73	95	68	55	72	67
Fndc9	75	104	86	65	72	71
Fnip1	7657	6836	4991	5144	5719	6181
Fnip2	4834	4194	3401	3247	3674	3943
Fnta	2972	2738	2126	1674	1825	1893
Fntb	1606	1505	1095	1126	1165	1359
Focad	1061	964	771	472	634	692
Folh1	726	677	497	723	768	840
Folr1	456	449	298	196	168	203
Folr2	16	15	16	13	20	34
Fopnl	1658	1568	1132	1030	1083	1325
Fos	1526	1796	1256	448	425	368
Fosb	70	54	54	26	43	45
Fosl1	214	234	206	126	147	146
Fosl2	396	379	340	187	197	212
Foxa1	0	0	0	0	0	0
Foxa2	0	0	0	0	0	0
Foxa3	1	1	0	1	2	2
Foxb1	0	0	0	0	0	0
Foxb2	0	0	0	0	0	0
Foxc1	70	86	57	40	42	39
Foxc2	0	1	1	0	2	1
Foxd1	14	23	14	11	15	14
Foxd2	11	10	5	3	3	9
Foxd3	1	1	0	0	0	0
Foxd4	0	1	0	0	0	0
Foxe1	0	0	0	0	0	0
Foxe3	0	0	0	0	0	0
Foxf1	11	14	6	6	9	5
Foxf2	39	21	32	16	17	19
Foxg1	39	28	12	27	14	23
Foxh1	7	7	11	13	5	4
Foxi1	0	0	0	0	0	0
Foxi2	2	10	2	3	4	3
Foxi3	38	37	26	15	16	16
Foxj1	157	161	142	56	73	67
Foxj2	1511	1555	1076	1073	1246	1217
Foxj3	2568	2330	1864	1811	2031	2179
Foxk1	2718	2515	1953	1855	2151	2227
Foxk2	2259	2338	1744	1602	1734	1918
Foxl1	0	0	0	1	1	0
Foxl2	1	2	0	0	0	1
Foxm1	27	14	11	18	29	21
Foxn1	1	4	3	1	3	6
Foxn2	1733	1589	1154	1173	1279	1381
Foxn3	685	661	440	439	490	530
Foxn4	1	1	2	0	1	0
Foxo1	535	614	480	450	542	533
Foxo3	5557	5133	4032	3750	4301	4743
Foxo4	536	586	345	385	385	417
Foxo6	47	46	30	46	30	42
Foxo6os	10	6	7	2	1	4
Foxp1	1108	1056	795	690	693	809
Foxp2	210	207	156	115	139	170
Foxp3	513	570	458	463	493	503
Foxp4	398	380	274	296	322	340
Foxq1	82	43	37	26	46	45
Foxr1	0	0	1	0	0	0
Foxr2	15	14	11	13	7	9
Foxred1	1365	1280	1038	874	994	1058
Foxred2	961	947	663	693	759	840
Foxs1	4	5	8	6	5	9
Fpgs	243	213	192	170	196	199
Fpgt	1716	1487	1088	1042	1215	1384
Fpr-rs3	0	0	0	0	0	0
Fpr-rs4	0	0	0	0	0	0
Fpr-rs6	0	0	0	0	0	0
Fpr-rs7	0	0	0	0	0	0
Fpr1	0	2	1	0	0	1
Fpr2	2	2	0	6	6	10
Fpr3	1	1	0	0	0	0
Fra10ac1	609	699	453	304	392	340
Fras1	567	646	437	263	364	308
Frat1	1160	1116	808	884	1002	1045
Frat2	489	550	403	381	366	388
Frem1	1472	1344	1019	986	1051	1093
Frem2	287	251	183	86	126	103
Frem3	146	110	92	68	66	53
Frg1	1603	1461	1096	1158	1200	1409
Frk	51	86	47	59	70	83
Frmd3	1946	1782	1237	707	753	907
Frmd4a	1269	1177	908	758	900	892
Frmd4b	8634	8533	6701	4630	5461	5825
Frmd5	4452	4257	3152	3079	3479	3811
Frmd6	623	596	473	393	465	476
Frmd7	72	81	58	53	67	52
Frmd8	345	291	271	222	264	255
Frmd8os	44	56	45	43	44	34
Frmpd1	8244	7524	5791	5273	5863	6222
Frmpd1os	14	21	13	9	21	23
Frmpd3	192	182	136	105	138	128
Frmpd4	916	829	624	484	518	513
Frrs1	64	51	42	93	137	90
Frrs1l	3991	3650	2600	2416	2638	3039
Frs2	1216	1138	931	790	960	1019
Frs3	562	557	454	455	502	514
Frs3os	149	136	100	100	126	119
Fry	3612	3503	2843	2110	2674	2518
Fryl	19968	18069	15480	11945	13554	13614
Frzb	1134	1050	765	906	949	1130
Fsbp	1458	1245	956	962	1127	1174
Fscb	0	0	0	0	0	0
Fscn1	1865	1710	1243	1137	1329	1427
Fscn2	5971	5721	4398	2647	2882	3243
Fscn3	6	6	1	2	3	5
Fsd1	261	281	224	173	204	244
Fsd1l	10757	9797	7448	4797	5476	5816
Fsd2	48	20	27	15	30	18
Fshb	0	0	0	0	0	0
Fshr	0	0	0	0	0	0
Fsip1	11	6	6	2	8	6
Fsip2	0	0	0	1	2	1
Fst	24	33	12	11	17	22
Fstl1	1846	1797	1161	873	909	1001
Fstl3	122	123	98	81	83	98
Fstl4	106	128	102	96	117	98
Fstl5	5030	4850	3437	3051	3323	3846
Ftcd	2	2	2	1	4	4
Fth1	6146	6470	4522	3883	4129	4578
Fthl17-ps1-001	1	0	0	2	0	1
Fthl17-ps2-001	1	0	1	1	1	1
Fthl17-ps3-001	0	1	0	0	1	0
Fthl17a	0	0	0	0	1	0
Fthl17b	2	0	0	0	1	0
Fthl17c	4	1	0	1	2	1
Fthl17d	4	1	0	2	2	1
Fthl17e	3	1	0	3	1	2
Fthl17f	26	12	6	18	12	24
Ftl1	2308	2459	1786	1828	1973	2113
Ftl1-ps1	464	534	333	415	437	452
Ftmt	0	0	0	0	0	0
Fto	2929	2901	2163	1703	1888	2007
Ftsj1	725	683	506	614	574	683
Ftsj3	1656	1598	1172	988	1195	1222
Fubp1	8757	8639	6400	5777	6660	6804
Fubp3	951	975	716	688	757	721
Fuca1	946	940	688	578	598	700
Fuca2	2029	1930	1308	1781	1962	2244
Fuk	1091	976	810	774	839	893
Fundc1	2382	2262	1562	1511	1738	2027
Fundc2	3217	2911	2016	1941	2176	2474
Fuom	707	685	497	575	620	673
Furin	1264	1330	979	952	988	1081
Fus	699	776	700	686	787	638
Fut1	2	0	0	0	1	0
Fut10	976	984	759	558	580	655
Fut11	534	516	406	495	576	622
Fut2	70	63	57	69	89	71
Fut4	55	49	46	31	30	28
Fut7	2	3	2	5	3	2
Fut8	1079	1024	710	653	765	857
Fut9	1292	1195	912	903	1033	1096
Fuz	1428	1388	989	948	1109	1095
Fv1	247	265	199	191	235	256
Fxn	319	311	238	294	281	341
Fxr1	5132	4876	3721	3392	3994	4353
Fxr2	6559	5930	4488	4194	4354	5009
Fxyd1	634	631	415	419	437	506
Fxyd2	9	13	9	5	5	9
Fxyd3	237	221	190	248	271	266
Fxyd4	27	13	32	17	17	22
Fxyd5	54	46	55	54	62	72
Fxyd6	1996	1930	1554	1063	1128	1264
Fxyd7	131	142	123	99	112	123
Fyb	10	13	4	8	7	11
Fyco1	8412	8901	6938	5360	6312	5994
Fyn	1726	1740	1107	1094	1090	1295
Fyttd1	5665	5101	3574	3493	3639	4249
Fzd1	388	436	300	206	225	259
Fzd10	668	596	487	183	264	258
Fzd2	51	40	39	18	28	27
Fzd3	1420	1277	959	1182	1335	1490
Fzd4	818	833	587	614	693	704
Fzd5	3510	3309	2304	2976	3384	3614
Fzd6	378	336	218	208	238	222
Fzd7	320	308	239	234	204	209
Fzd8	227	227	190	124	131	174
Fzd9	61	77	55	65	57	76
Fzr1	1059	961	798	702	743	881
G0s2	74	57	43	35	44	50
G2e3	1149	1098	846	765	954	991
G3bp1	2872	2672	2007	1708	2005	2094
G3bp2	10956	10104	7259	6997	7780	8603
G430049J08Rik	4	4	2	4	4	7
G430095P16Rik	69	59	34	56	76	75
G530012D18Rik	4	6	2	6	2	3
G630022F23Rik	1	1	3	3	2	2
G630030J09Rik	48	46	31	22	20	30
G6b	1	1	0	3	2	2
G6pc	0	0	0	0	0	0
G6pc2	1	1	0	2	0	1
G6pc3	1084	982	749	772	793	922
G6pd2	8	5	4	8	5	6
G6pdx	2800	2603	2047	1881	1970	2305
G730003C15Rik	4655	4398	3326	3471	3922	4155
Gaa	4061	3818	2896	2207	2350	2688
Gab1	787	722	528	571	648	670
Gab2	685	657	500	485	528	614
Gab3	42	41	29	24	30	41
Gabarap	2766	2553	1876	1925	1949	2360
Gabarapl1	11959	11868	8064	7190	7707	8686
Gabarapl2	7060	6706	4904	4876	5351	5952
Gabbr1	7550	7065	5191	4996	5379	6008
Gabbr2	2384	2180	1718	1677	1768	1938
Gabpa	2544	2347	1766	1742	2025	2154
Gabpb1	1489	1419	1012	902	1007	1101
Gabpb2	3076	3154	2398	2335	2801	2820
Gabra1	7843	7330	4914	4886	5437	6117
Gabra2	741	817	523	1711	1838	2037
Gabra3	644	592	437	338	385	391
Gabra4	389	324	251	281	341	412
Gabra5	77	70	54	39	66	47
Gabra6	2	0	0	0	0	1
Gabrb1	775	694	583	433	609	611
Gabrb2	1819	1661	1197	1195	1263	1489
Gabrb3	6691	6287	4366	4271	4787	5288
Gabrd	599	532	400	395	413	492
Gabre	6	6	2	5	9	3
Gabrg1	638	635	460	381	486	465
Gabrg2	6881	6524	4764	4076	4613	5114
Gabrg3	739	668	551	451	571	609
Gabrp	0	1	1	0	0	2
Gabrq	77	64	51	39	42	29
Gabrr1	3645	3429	2484	2332	2417	2796
Gabrr2	1905	1828	1470	1082	1278	1383
Gabrr3	863	753	591	301	360	374
Gad1	10624	9707	7350	7338	7730	8774
Gad1-ps	11	11	9	8	11	11
Gad1os	3	6	5	0	3	7
Gad2	2313	2224	1554	2246	2294	2401
Gadd45a	1161	1016	785	858	1008	1085
Gadd45b	274	243	154	148	173	192
Gadd45g	186	227	131	149	126	211
Gadd45gip1	1719	1759	1251	1302	1411	1600
Gadl1	260	233	160	150	197	194
Gak	4060	3901	2947	2739	2958	3198
Gal	16	16	5	4	7	10
Gal3st1	16	9	13	14	15	16
Gal3st2	0	0	0	3	0	2
Gal3st3	236	204	203	171	202	187
Gal3st4	305	279	208	191	248	235
Galc	549	576	377	458	493	510
Gale	547	482	366	285	338	356
Galk1	457	405	287	304	364	414
Galk2	971	886	668	672	740	845
Galm	217	217	140	129	165	152
Galns	174	192	157	119	159	187
Galnt1	3311	3115	2155	2475	2815	3098
Galnt10	2857	2818	2165	2130	2435	2711
Galnt11	1492	1310	879	1379	1425	1611
Galnt12	34	34	20	18	10	12
Galnt13	4489	4386	3049	3285	3676	4171
Galnt14	598	518	374	250	282	312
Galnt15	610	612	433	481	559	627
Galnt16	561	515	422	296	338	380
Galnt18	556	565	408	352	407	471
Galnt2	1676	1660	1251	1158	1208	1437
Galnt3	22	26	31	25	36	26
Galnt4	4132	3889	2999	3011	3245	3399
Galnt5	9	9	12	3	14	4
Galnt6	6	9	3	2	4	3
Galnt6os	1	2	0	0	2	0
Galnt7	4085	3721	2988	2519	3045	3230
Galnt9	265	232	203	209	211	226
Galntl5	1	0	0	1	0	0
Galntl6	791	786	522	328	398	433
Galp	1	1	2	0	0	0
Galr1	7	3	7	2	6	1
Galr2	26	42	27	55	56	64
Galt	1021	917	698	789	816	883
Gamt	157	150	148	137	149	136
Gan	1380	1469	1144	1096	1283	1249
Ganab	8096	7704	5828	5296	5984	6374
Ganc	794	784	580	522	650	704
Gap43	1382	1304	843	895	919	1025
Gapdh	76958	71349	56020	47364	50723	58547
Gapdhs	317	312	265	254	295	339
Gapt	0	1	0	4	1	1
Gapvd1	6144	5514	4374	3764	4244	4625
Gar1	90	91	79	74	78	92
Garem	1129	986	750	933	1088	1084
Gareml	68	73	48	65	70	78
Garnl3	227	180	131	124	128	136
Gars	4807	4423	3375	2717	3010	3336
Gart	2246	2138	1629	1475	1627	1696
Gas1	1063	859	607	598	661	724
Gas2	695	646	447	439	538	582
Gas2l1	375	376	269	231	246	286
Gas2l2	39	33	28	27	43	34
Gas2l3	217	181	129	115	130	161
Gas6	7460	7107	5476	5596	6306	6961
Gas7	7791	7457	6175	6254	7730	8066
Gas8	1344	1439	1029	1046	1154	1103
Gast	0	0	0	0	0	0
Gata1	1	3	0	1	2	1
Gata2	25	30	19	10	10	17
Gata3	0	0	0	0	0	0
Gata4	3	4	5	4	5	4
Gata5	0	0	0	0	1	0
Gata5os	0	0	0	0	0	0
Gata6	0	1	1	2	1	0
Gatad1	2885	2645	1904	1915	2083	2301
Gatad2a	2788	2763	2043	1795	2051	2128
Gatad2b	3184	3224	2300	2153	2562	2419
Gatb	923	924	679	636	725	788
Gatc	1351	1352	1068	960	1110	1182
Gatm	90	75	57	97	95	120
Gatsl2	2540	2449	1820	1690	2012	2123
Gatsl3	77	72	49	36	39	55
Gba	948	985	780	687	729	771
Gba2	1839	1788	1280	1350	1511	1675
Gbas	3451	3144	2214	2404	2653	2888
Gbe1	2990	2719	1944	2074	2179	2689
Gbf1	4036	3832	3135	2809	3262	3230
Gbgt1	26	23	14	13	16	19
Gbp10	106	116	89	41	47	66
Gbp11	4	5	2	9	6	5
Gbp2	195	193	134	81	100	108
Gbp2-ps-001	1	0	0	0	0	0
Gbp2b	0	0	0	3	1	1
Gbp3	176	152	127	59	69	96
Gbp4	71	58	43	48	38	48
Gbp5	42	33	26	15	16	27
Gbp6	373	330	231	136	157	187
Gbp7	377	410	249	206	223	236
Gbp8	16	16	14	10	11	9
Gbp9	203	200	160	37	50	32
Gbx1	36	26	34	14	24	32
Gbx2	41	40	21	32	24	30
Gc	0	0	0	0	0	0
Gca	649	664	450	358	407	415
Gcat	313	317	233	231	299	323
Gcc1	1416	1353	1016	874	986	1055
Gcc2	3726	3322	2620	2349	2703	2833
Gcdh	849	709	594	454	536	521
Gcfc2	769	707	528	579	693	690
Gcg	1	2	1	0	0	0
Gcgr	10	9	5	3	11	3
Gch1	24	28	27	15	38	26
Gchfr	100	93	74	29	37	42
Gck	223	220	152	168	174	213
Gckr	1598	1770	1197	1154	1399	1293
Gclc	2172	1988	1412	1406	1539	1766
Gclm	1861	1726	1158	1007	1192	1285
Gcm1	0	0	0	0	2	0
Gcm2	0	0	0	0	0	1
Gcn1l1	2502	2260	1869	2021	2294	2218
Gcnt1	76	55	34	37	52	48
Gcnt2	357	315	246	233	267	280
Gcnt3	2	1	2	2	2	1
Gcnt4	429	428	281	297	298	323
Gcnt7	84	91	74	83	86	65
Gcom1	1471	1357	985	1032	1115	1242
Gcsam	1	1	0	1	1	0
Gcsh	1911	1798	1276	1291	1300	1483
Gda	28	50	44	21	40	52
Gdap1	3372	3103	2134	2306	2696	2860
Gdap1l1	883	891	681	657	714	837
Gdap2	1150	1156	870	891	1028	1076
Gde1	3526	3298	2513	2352	2517	2743
Gdf1	488	451	334	319	314	365
Gdf10	57	48	29	35	33	32
Gdf11	1112	1053	742	702	768	803
Gdf15	15	17	21	6	15	17
Gdf2	17	19	6	10	17	8
Gdf3	17	16	10	10	11	14
Gdf5	34	20	13	5	11	10
Gdf6	62	68	36	34	22	28
Gdf7	2	1	2	0	0	1
Gdf9	22	25	15	18	9	14
Gdi1	11200	10476	7765	7347	7816	8871
Gdi2	12696	11444	8248	7197	7896	9250
Gdnf	20	11	4	13	11	18
Gdpd1	1927	1842	1318	1201	1358	1625
Gdpd2	83	88	68	34	34	40
Gdpd3	93	83	72	81	88	83
Gdpd4	1	2	0	0	0	0
Gdpd5	3296	3146	2596	2193	2406	2453
Gdpgp1	448	383	288	246	313	327
Gem	1462	1488	997	1007	1069	1145
Gemin2	568	508	403	399	465	479
Gemin4	692	590	472	380	420	462
Gemin5	1105	982	773	802	1001	990
Gemin6	176	163	127	107	122	148
Gemin7	582	549	421	370	387	476
Gemin8	262	222	193	194	247	216
Gen1	30	31	17	18	35	20
Get4	2370	2302	1684	1780	1934	2182
Gfap	954	881	505	949	987	559
Gfer	601	574	454	291	359	402
Gfi1	4	2	1	5	4	9
Gfi1b	0	0	0	0	0	0
Gfm1	2546	2399	1755	1781	2007	2176
Gfm2	2052	1942	1550	1265	1456	1505
Gfod1	1186	1080	794	798	831	892
Gfod2	458	477	352	349	375	420
Gfpt1	5955	5878	4199	3804	4395	4809
Gfpt2	64	74	47	34	25	22
Gfra1	1776	1652	1281	1106	1116	1324
Gfra2	1076	991	718	840	867	999
Gfra3	8	10	3	7	6	9
Gfra4	301	289	198	228	250	257
Gfral	1	1	0	1	2	0
Gfy	58	55	65	46	42	52
Gga1	1151	1143	866	817	970	981
Gga2	515	501	350	340	413	460
Gga3	1647	1608	1291	1460	1484	1623
Ggact	883	812	629	556	615	594
Ggct	483	488	413	200	222	269
Ggcx	1042	998	713	682	799	811
Ggh	840	767	553	586	638	692
Ggn	67	55	44	32	60	41
Ggnbp1	1553	1513	1142	1034	1081	1226
Ggnbp2	2648	2683	1925	1701	1970	2089
Ggps1	4098	3822	2706	2491	2688	2889
Ggt1	64	56	43	14	14	22
Ggt5	34	30	26	20	12	15
Ggt6	4	2	2	0	5	2
Ggt7	2551	2311	1788	1660	1759	1999
Ggta1	34	51	23	26	29	27
Gh	0	0	0	0	0	0
Ghdc	250	238	180	183	214	228
Ghitm	16588	15709	11150	10468	11182	12978
Ghr	361	328	214	215	200	223
Ghrh	14	9	5	2	2	4
Ghrhr	0	0	0	0	0	0
Ghrl	129	109	100	91	115	98
Ghsr	16	26	12	32	32	31
Gid4	2967	2788	2016	2116	2262	2458
Gid8	1461	1358	1028	999	1110	1221
Gif	8	8	11	7	3	3
Gigyf1	2304	2365	1737	1882	2139	2080
Gigyf2	9756	9336	6847	6262	7099	7834
Gimap1	12	20	8	9	13	12
Gimap3	0	0	2	0	1	0
Gimap4	7	3	5	1	3	6
Gimap5	2	9	5	3	3	4
Gimap6	23	46	29	10	19	26
Gimap7	0	0	0	0	0	0
Gimap8	20	26	31	16	35	34
Gimap9	10	8	4	5	8	6
Gimd1	1	1	0	2	1	0
Gin1	429	446	316	318	353	391
Ginm1	816	726	534	568	642	665
Gins1	40	73	35	30	42	48
Gins2	1497	1386	1038	1065	1220	1167
Gins3	150	144	146	86	97	83
Gins4	808	764	620	549	582	609
Gip	5	6	2	0	3	1
Gipc1	987	870	624	796	828	944
Gipc2	51	50	23	33	35	41
Gipc3	2	1	1	0	2	0
Gipr	48	62	28	46	29	47
Git1	1549	1548	1242	948	1147	1164
Git2	967	960	797	714	807	723
Gja1	636	777	461	196	137	79
Gja10	113	123	88	42	71	58
Gja3	0	2	0	0	0	0
Gja4	28	8	16	12	16	12
Gja5	79	118	65	43	55	64
Gja6	9	11	15	15	12	10
Gja8	8	11	7	1	4	3
Gjb1	10	9	7	9	16	12
Gjb2	2	17	10	6	6	7
Gjb3	1	2	0	0	2	1
Gjb4	0	1	0	0	0	0
Gjb5	0	0	0	1	0	0
Gjb6	1	7	0	3	2	3
Gjc1	332	310	206	265	262	302
Gjc2	55	25	34	27	37	32
Gjc3	1	1	0	8	1	1
Gjd2	7046	6753	4877	4592	4777	5444
Gjd3	1	4	1	7	4	8
Gjd4	1	1	0	0	0	1
Gje1	23	17	21	97	126	118
Gk	1535	1469	1003	1186	1267	1349
Gk2	2	1	1	0	2	2
Gk5	181	144	135	142	189	173
Gkap1	2021	1975	1484	1567	1818	2070
Gkn1	0	0	0	0	0	0
Gkn2	0	0	0	0	0	0
Gkn3	10	20	19	10	10	16
Gla	1258	1251	864	971	994	1061
Glb1	358	312	219	149	190	214
Glb1l	543	587	412	401	456	436
Glb1l2	11037	10137	7799	7275	7809	8680
Glb1l3	935	1012	772	270	355	403
Glcci1	7018	6729	5208	4577	5137	5371
Glce	2135	2065	1458	1503	1672	1785
Gldc	1121	1175	865	546	587	639
Gldn	77	60	52	47	63	59
Gldnos	0	1	0	0	1	1
Gle1	2641	2662	2052	1720	1897	2116
Glg1	7083	6646	5227	4357	4984	5037
Gli1	4	4	6	3	1	1
Gli2	54	63	52	40	43	46
Gli3	195	209	178	88	135	111
Glipr1	755	718	516	478	566	573
Glipr1l1	0	0	0	0	0	0
Glipr1l2	0	0	0	0	0	0
Glipr2	60	40	37	34	29	25
Glis1	38	23	32	36	25	30
Glis2	540	532	403	397	459	482
Glis3	96	97	75	29	34	34
Glmn	6779	6544	4715	4267	4865	5005
Glmp	800	848	668	607	594	624
Glo1	9345	8523	6098	11960	12746	14246
Glod4	3557	3234	2444	2227	2412	2732
Glod5	1	5	1	1	4	5
Glp1r	5	2	1	35	29	32
Glp2r	5247	4695	3556	1710	2078	2158
Glra1	517	494	325	289	373	324
Glra2	1186	1076	807	796	943	1017
Glra3	1779	1609	1133	1401	1481	1638
Glra4	136	122	101	89	119	108
Glrb	3502	3307	2205	1934	2231	2538
Glrp1	2	0	0	0	0	0
Glrx	477	460	339	499	501	549
Glrx2	1998	1961	1275	1359	1556	1617
Glrx3	2627	2442	1938	1774	1931	2160
Glrx5	648	624	407	379	390	491
Gls	22922	21672	16283	14873	16796	18076
Gls2	371	339	257	244	316	351
Glt1d1	517	506	315	306	359	351
Glt28d2	1410	1125	790	824	1108	1264
Glt6d1	0	0	0	0	0	0
Glt8d1	1604	1674	1278	1263	1437	1472
Glt8d2	66	74	46	45	52	51
Gltp	257	264	210	120	137	131
Gltpd2	25	27	23	13	18	27
Gltscr1	133	159	98	113	137	103
Gltscr1l	2555	2455	1834	1903	2034	2205
Gltscr2	7142	6815	5100	5446	6009	6890
Glud1	3971	3690	2789	2551	2878	3214
Glul	148305	135034	97096	86262	93048	109819
Glyat	0	0	2	0	0	0
Glyatl3	4	1	0	0	1	2
Glycam1	7	8	4	4	3	3
Glyctk	184	179	136	115	129	153
Glyr1	6762	6415	4707	4556	4879	5529
Gm1000	0	0	0	0	0	0
Gm10013-001	1	0	0	0	0	0
Gm10020	1406	1291	1034	1410	1506	1757
Gm10024	0	0	0	0	0	0
Gm10025-201	4	6	6	2	3	5
Gm10031	2665	2460	1829	1825	1995	2176
Gm10032	0	0	0	1	0	0
Gm10036	352	360	283	261	283	349
Gm10037	75	77	52	4	4	4
Gm10038-201	2	4	2	1	3	0
Gm10040-201	14	12	8	9	22	16
Gm10042-201	0	0	0	0	0	0
Gm10046	12	20	19	7	21	8
Gm10048	54	88	42	24	55	37
Gm10048-201	4	7	6	0	4	2
Gm10053	2330	2326	1618	1526	1643	1975
Gm10057	0	0	0	0	0	0
Gm10058	0	0	0	0	0	0
Gm10061	0	0	0	0	0	0
Gm10065	120	114	99	58	57	71
Gm10067-201	0	0	0	1	0	0
Gm10069	166	178	127	108	113	149
Gm10073	616	590	420	440	445	538
Gm10076	1445	1333	1058	954	1046	1098
Gm10080-201	171	107	94	79	90	71
Gm10081	0	0	0	0	0	0
Gm10092-001	0	0	0	0	0	0
Gm10093	105	100	76	289	276	334
Gm10096	0	0	0	0	0	0
Gm10097	875	796	623	564	750	738
Gm10100	0	0	0	0	0	0
Gm10109	2	2	0	1	3	2
Gm10110	162	168	135	135	116	144
Gm10112	0	0	0	0	0	0
Gm10113	0	0	1	0	0	0
Gm10115	13	7	7	5	11	7
Gm10118	48	48	31	29	38	30
Gm10126	1	2	3	0	2	0
Gm10128	5	14	4	10	13	24
Gm10129	0	1	4	0	2	0
Gm10130	62	62	49	50	55	62
Gm10131	449	442	294	278	296	331
Gm10134	12	10	4	8	6	6
Gm10135	69	58	56	49	51	50
Gm10138	392	372	327	276	336	336
Gm10138-201	228	208	192	145	170	160
Gm10139	0	0	0	0	0	0
Gm10142	0	0	0	0	0	0
Gm10146	385	337	241	245	277	296
Gm10147	0	0	0	0	0	0
Gm10152	0	0	0	0	0	1
Gm10153	0	0	0	0	0	0
Gm10160	3	2	0	3	0	0
Gm10172-201	0	0	0	0	0	0
Gm10176	492	491	377	246	248	279
Gm10181	0	0	0	0	0	0
Gm10184	5211	4878	3571	4881	5166	5899
Gm10188	1	0	1	0	0	0
Gm10190	3	5	7	3	6	3
Gm10192	0	0	0	0	0	0
Gm10197	547	482	357	320	365	378
Gm10198	0	0	0	0	0	0
Gm10203	0	0	0	0	0	0
Gm10205-201	0	0	0	0	0	0
Gm10209	38	41	35	36	51	37
Gm10212-001	0	0	0	0	0	0
Gm10217	0	1	0	0	0	0
Gm10220	1	0	2	10	1	1
Gm10222-001	4207	4292	2833	2347	2334	2580
Gm10226	108	76	64	71	62	71
Gm10228	0	0	0	0	0	0
Gm10229	0	0	0	0	0	0
Gm10230	0	0	0	0	0	0
Gm10234	0	0	0	0	0	0
Gm10238-001	0	3	1	1	1	1
Gm10244	132	166	95	89	118	92
Gm10248	1	3	1	1	0	1
Gm10250	187	157	124	135	136	153
Gm10251	4	2	2	0	2	2
Gm10253	3	4	3	5	7	4
Gm10256	0	1	0	0	0	0
Gm10258	0	0	0	0	0	0
Gm10260	121	103	83	1552	1686	1921
Gm10263	110	94	71	58	72	80
Gm10264	0	0	0	0	0	0
Gm10267	1	0	0	0	0	0
Gm10269	193	160	129	120	117	124
Gm10271	1	5	1	1	3	10
Gm10272	0	0	0	0	0	0
Gm10273	1209	1168	850	808	873	1048
Gm10277	40	44	35	30	55	34
Gm10282	1579	1511	1108	2151	2276	2611
Gm10283	0	0	0	0	0	0
Gm10286	0	0	1	0	0	1
Gm10286-201	0	0	1	0	0	1
Gm10295	0	0	0	0	0	0
Gm10300	247	304	231	198	223	207
Gm10302-001	3	5	0	2	3	6
Gm10305	39	47	42	32	30	37
Gm10306	30	35	22	22	31	19
Gm10308	303	290	251	165	214	217
Gm10309	36	40	32	26	27	38
Gm10310	0	0	0	0	0	0
Gm10318-001	0	0	0	0	0	0
Gm10319	0	0	0	0	0	0
Gm10320	10	7	4	3	3	5
Gm10322	17	14	13	8	15	7
Gm10323	0	0	0	0	0	0
Gm10324	0	1	0	0	0	0
Gm10330	7	4	10	5	10	11
Gm10334	0	0	0	0	0	0
Gm10337	164	135	98	92	99	127
Gm10338	1	0	0	0	0	0
Gm10339	5	1	1	0	3	3
Gm10340	12	22	13	17	24	29
Gm10344	23	23	19	9	14	13
Gm10351	0	0	0	1	0	0
Gm10352	0	1	0	0	0	0
Gm10354	2	3	0	0	0	0
Gm10360	0	0	0	0	0	0
Gm10369	10	9	6	1	5	7
Gm10371	0	1	2	1	0	4
Gm10375	3	2	0	1	0	0
Gm10376	2	2	0	1	0	0
Gm10377	2	2	0	1	0	0
Gm10378	0	0	0	0	0	0
Gm10382	352	393	261	238	217	259
Gm10384	0	2	1	0	0	2
Gm10388	0	1	3	0	0	2
Gm10390	283	255	204	232	220	240
Gm10392	7	13	10	5	8	4
Gm10399	1	7	3	4	8	9
Gm10400	46	60	36	25	39	31
Gm10401	585	578	329	432	474	499
Gm10406	32	23	23	26	35	29
Gm10408	42	33	12	18	19	23
Gm10409	64	68	36	86	84	111
Gm10410-001	0	0	0	0	0	0
Gm10413	2	1	1	0	0	0
Gm10416	19	16	12	25	40	36
Gm10417	0	1	0	0	0	0
Gm10418-201	5	7	9	6	11	4
Gm10424	0	0	0	0	0	0
Gm10428	2	2	1	0	1	0
Gm1043	93	106	93	66	77	62
Gm10434-201	111	122	99	88	116	97
Gm10435	1	7	1	9	8	26
Gm10436	0	0	0	0	0	0
Gm10439	0	0	0	0	0	0
Gm10441	0	0	1	0	0	0
Gm10444-001	1	0	0	0	0	0
Gm10447	2	1	0	0	2	4
Gm1045	3	5	1	8	13	14
Gm10451	9	4	4	11	7	8
Gm10459	119	128	84	65	79	115
Gm10461	272	236	186	177	216	256
Gm10463	0	3	3	1	1	3
Gm10471	9	5	3	7	6	6
Gm10472	19	31	12	12	10	12
Gm10475	329	311	270	157	201	172
Gm10476-001	3	2	0	65	91	103
Gm10477	0	0	0	0	0	0
Gm10478-201	8	6	8	0	0	0
Gm10479	38	22	32	54	86	76
Gm10484	23	32	15	18	15	12
Gm10486	0	0	0	0	0	0
Gm10487	0	0	0	0	0	0
Gm10488	0	0	0	0	0	0
Gm10490	6	7	1	4	4	6
Gm10491	28	25	24	32	23	30
Gm10493-201	25	40	21	15	18	16
Gm10499	1	0	0	138	178	167
Gm10501	446	419	303	282	343	322
Gm10509	136	130	87	76	97	115
Gm10513	36	27	24	25	31	21
Gm10516	305	284	226	104	83	135
Gm10517	15	11	4	11	13	12
Gm10518	135	130	113	84	101	83
Gm10521	0	2	0	0	0	3
Gm10524	964	895	682	651	736	772
Gm10531	0	0	1	0	0	0
Gm10535	0	0	0	0	0	0
Gm10537	0	0	0	0	0	0
Gm10538	150	176	159	87	123	126
Gm10542	0	0	0	0	0	0
Gm10545	241	241	244	166	175	193
Gm10549	30	30	30	26	31	26
Gm10550	261	230	179	213	196	235
Gm10552	0	2	2	2	0	1
Gm10553	0	0	0	0	1	0
Gm10555	0	1	1	0	0	2
Gm10557-201	2606	2523	1803	3824	4396	4894
Gm10558	286	307	246	248	324	329
Gm10561	40	37	26	28	18	36
Gm10563	12	13	17	17	22	12
Gm10564	14	8	5	9	14	16
Gm10568	2	4	2	0	0	0
Gm10570	7	10	5	9	10	12
Gm10571-201	41	59	47	44	44	57
Gm10576	0	2	0	0	0	0
Gm10577	0	0	0	0	0	0
Gm10580-201	6	2	2	12	3	16
Gm10581-201	5	5	4	9	3	9
Gm10582-201	5	1	1	0	0	2
Gm10583-201	0	1	0	0	0	3
Gm10584	14	15	17	6	7	13
Gm10591	58	38	29	0	0	1
Gm10593	60	54	57	1	3	3
Gm10600	162	141	111	9	7	6
Gm10601-001	0	3	1	0	0	2
Gm10602	189	182	127	207	224	236
Gm10602-201	93	85	69	104	88	103
Gm10603	194	170	155	101	149	150
Gm10604	24	19	24	10	23	12
Gm10608	0	0	1	0	1	1
Gm10612	6	5	3	2	3	4
Gm10614	16	12	10	11	14	10
Gm10616	14	19	10	8	6	16
Gm10617-201	13	10	13	10	10	12
Gm10620-201	0	0	0	0	0	0
Gm10623	5	1	1	0	0	0
Gm10631	9	10	3	3	3	9
Gm10634	145	130	118	68	84	89
Gm10638	76	87	60	64	68	66
Gm10639	1	0	7	1	1	1
Gm10640	2	0	1	1	0	2
Gm10642	329	318	288	233	228	232
Gm10643	84	80	52	36	42	64
Gm10644	1539	1429	1169	1106	1294	1270
Gm10645	128	140	126	106	101	119
Gm10647	9	8	5	5	12	9
Gm10649	107	100	72	69	91	103
Gm10650	1	0	2	0	0	0
Gm10652	17	11	13	26	39	27
Gm10654	64	50	52	0	2	0
Gm10657	113	104	77	80	72	79
Gm10662	0	0	0	0	0	0
Gm10663	0	1	0	0	2	1
Gm10665	0	0	0	0	0	0
Gm10666	0	0	0	0	0	0
Gm10668	0	0	0	0	0	0
Gm10670	0	0	0	0	0	0
Gm10676	158	162	125	124	147	146
Gm10680	0	0	0	0	0	0
Gm10681	0	3	1	0	2	0
Gm10684	4	7	0	2	1	2
Gm10693	1	0	0	0	0	0
Gm10696	0	0	0	0	0	0
Gm10697	0	0	0	0	0	0
Gm10699	378	341	270	276	290	340
Gm10701	3	10	5	5	3	5
Gm10702-201	49	64	36	43	47	50
Gm10706	0	0	4	1	1	0
Gm10709	420	375	294	401	434	453
Gm10714	4	2	1	6	1	0
Gm10715	0	0	0	0	3	0
Gm10717	0	17	1	32	19	4
Gm10718	13	26	5	14	31	24
Gm10719	5	17	10	23	19	19
Gm10720	1	5	3	5	6	9
Gm10721	3	11	8	17	8	9
Gm10722	0	15	8	12	21	43
Gm10723	6	17	16	9	9	4
Gm10727	3	3	2	0	1	0
Gm10728	5	7	7	5	7	6
Gm10728-201	5	7	7	5	7	6
Gm10729	2	9	4	3	5	5
Gm10730	0	0	0	0	0	0
Gm10735	11	23	16	11	12	9
Gm10748	19	22	7	5	15	14
Gm10750	0	0	0	0	0	0
Gm10754	0	0	0	0	0	0
Gm10762	157	187	124	157	138	175
Gm10764	0	1	0	0	0	0
Gm10766	36	36	18	64	64	80
Gm10767	307	275	244	154	178	222
Gm10770	0	0	0	0	0	0
Gm10772	0	0	0	0	0	0
Gm10775	12	15	13	1	11	6
Gm10778	1208	966	790	747	873	972
Gm10780-201	3	2	2	0	1	3
Gm10782	0	0	0	0	0	0
Gm10784	1	0	0	0	0	1
Gm10787	1	1	3	1	5	0
Gm10794-201	0	0	0	0	0	0
Gm10797	1	1	1	3	1	0
Gm10799	2	0	1	0	1	0
Gm10800	12	57	29	30	52	42
Gm10801	2	13	8	3	8	3
Gm10803	23	25	17	18	21	17
Gm10805-201	2	4	2	6	2	3
Gm10807-001	0	1	0	0	0	0
Gm10812-201	1	1	1	0	1	1
Gm10813-201	0	0	0	0	0	0
Gm10829	105	87	82	31	51	60
Gm10830	1	1	1	1	5	0
Gm10837	0	4	0	2	1	1
Gm10840	4	2	2	1	3	1
Gm10842	0	0	0	0	0	0
Gm10845	0	0	0	0	0	1
Gm10848	8	12	11	11	8	5
Gm10849-201	4	1	2	2	0	1
Gm10851	1	2	1	0	0	0
Gm10855	8	12	16	5	7	9
Gm10862	48	51	44	26	46	39
Gm10863	5	9	6	9	8	13
Gm10912	14	7	10	5	8	15
Gm10921	0	0	0	0	0	0
Gm10922	0	0	0	0	0	0
Gm10925-001	72967	70899	50764	37511	38297	43189
Gm10931	8	10	6	0	1	0
Gm10936	0	0	0	0	0	0
Gm10941	40	37	30	24	17	30
Gm10944	0	0	0	1	0	0
Gm10945	0	0	0	0	0	0
Gm10959	0	0	0	0	1	0
Gm10961	4	0	4	1	1	2
Gm10964	8	6	4	9	8	2
Gm10972	0	0	1	0	0	1
Gm10974	0	0	0	0	0	0
Gm10985	0	0	0	0	0	0
Gm10999	0	0	0	0	0	0
Gm11007	2555	2385	1854	1567	1865	1888
Gm11009	32	31	26	41	24	37
Gm11011	0	0	0	0	0	0
Gm11020	0	0	0	0	0	0
Gm11027	8	61	65	65	79	25
Gm11032	20	13	7	14	4	9
Gm11034	0	0	0	0	0	0
Gm11037	0	1	0	1	1	0
Gm11042	0	0	1	0	1	1
Gm11060	0	0	0	0	0	0
Gm11065-201	0	0	0	0	0	0
Gm11077	0	0	0	0	1	0
Gm11084	18	12	14	19	13	22
Gm11096	90	71	64	48	64	69
Gm11099	0	0	0	0	1	0
Gm1110	42	41	24	23	24	34
Gm11100	1078	1045	758	806	917	1033
Gm11109-001	7	1	0	3	0	1
Gm11110	47	48	21	47	45	59
Gm11111	0	1	0	0	1	0
Gm11114	0	0	0	0	0	0
Gm11115	0	0	0	0	0	0
Gm11116	0	0	0	0	0	0
Gm11127	20	24	4	64	68	70
Gm1113	5	6	9	7	5	6
Gm11131	28	24	36	94	97	110
Gm11146	8	7	10	3	9	2
Gm11149	1655	1551	1238	954	1157	1200
Gm11168	18	28	17	17	59	38
Gm11172	0	0	0	0	0	0
Gm11175	771	685	591	570	615	685
Gm11186	1	3	1	3	3	4
Gm11192	173	160	118	108	127	147
Gm11201	75	72	65	49	74	69
Gm11209	5	2	4	1	1	3
Gm11212-001	9	5	6	9	7	15
Gm11213	1	0	1	0	0	1
Gm11214	0	0	2	0	0	2
Gm1123	20	16	6	9	13	18
Gm11232	0	0	0	0	0	0
Gm11236	0	0	0	0	0	0
Gm11237	0	0	0	0	0	0
Gm11238	0	0	0	0	0	0
Gm11239	0	0	0	0	0	0
Gm11250	15	21	11	14	16	8
Gm11266	159	148	115	61	75	73
Gm11267	7	3	1	4	10	1
Gm11269	5	3	0	2	1	7
Gm11273	306	381	241	557	578	690
Gm11274	5	7	3	1	2	1
Gm11280	6	6	2	4	14	6
Gm11285-001	1	0	0	0	1	1
Gm11290	0	0	0	0	0	0
Gm11300	0	0	0	0	0	0
Gm11309	0	0	0	0	0	0
Gm11314	0	0	0	0	0	0
Gm11318-001	0	0	0	0	0	0
Gm11320-001	0	0	0	0	0	0
Gm11321-001	0	0	0	0	0	0
Gm11322-001	0	0	0	0	0	0
Gm11331-001	2	0	1	1	1	0
Gm11336-001	105	101	74	46	62	82
Gm11337	50	48	36	22	31	26
Gm11338-001	2	1	0	0	6	2
Gm11339	43	45	41	20	28	26
Gm11358-001	0	0	0	0	0	0
Gm11359-001	0	0	0	0	0	0
Gm11360	0	0	0	0	0	0
Gm11364	0	0	0	0	0	0
Gm11365	10	7	9	6	10	8
Gm11379	0	0	0	0	2	0
Gm11382-001	0	0	0	0	0	0
Gm11384-001	0	0	0	0	0	0
Gm11385-001	0	0	0	0	0	0
Gm11387-001	0	0	0	0	0	0
Gm11388-001	0	0	0	0	0	0
Gm11389-001	0	0	0	0	0	0
Gm11392-001	0	0	0	0	0	0
Gm11393-001	0	0	0	0	0	0
Gm11394-001	0	0	0	0	0	0
Gm11395-001	0	0	0	0	0	0
Gm11397	0	0	0	0	0	0
Gm11398	448	372	320	219	265	310
Gm11399	114	90	70	463	573	609
Gm1140	3	1	0	2	0	0
Gm1141	8	15	12	7	7	11
Gm11413	15	6	2	0	1	1
Gm11417	5	3	6	4	11	6
Gm11418	30	43	33	17	32	22
Gm11423	78	75	50	51	44	71
Gm11427-001	0	3	1	0	0	1
Gm11429-001	0	0	0	0	0	0
Gm11430-001	0	0	0	0	0	0
Gm11432-001	0	0	0	0	0	0
Gm11433-001	0	0	0	0	0	0
Gm11437	4	9	6	5	7	3
Gm11444	0	1	1	0	1	1
Gm11455	5	7	9	1	7	1
Gm11457	260	254	197	182	232	218
Gm11465	30	32	20	15	29	15
Gm11486-001	0	0	0	0	0	0
Gm11487	0	0	0	0	0	0
Gm11491	443	433	298	282	361	397
Gm11492	0	1	1	1	2	1
Gm11505	0	0	0	0	0	0
Gm11508	903	891	665	686	755	732
Gm11513	19	31	21	21	28	26
Gm11520	8	13	5	11	16	10
Gm11521	6	3	6	2	5	4
Gm11525	19	16	9	10	11	15
Gm11534	9	3	5	4	1	8
Gm11536	0	0	0	0	0	0
Gm11537	282	286	187	204	211	222
Gm11540-001	0	0	0	0	0	0
Gm11541	1	0	0	1	0	0
Gm11543-001	0	0	0	0	0	0
Gm11544-001	0	0	0	0	0	0
Gm11545-001	0	0	0	0	0	0
Gm11546-001	0	1	0	0	0	0
Gm11551	1	0	0	0	1	0
Gm11553-001	0	0	0	0	0	0
Gm11554	0	0	0	0	4	0
Gm11555	0	0	0	0	0	0
Gm11559	0	0	0	0	0	0
Gm11561-001	0	0	0	0	0	0
Gm11562	0	0	0	0	0	0
Gm11563	0	0	0	0	0	0
Gm11564	0	0	0	0	0	0
Gm11565	0	0	0	0	0	0
Gm11566-001	0	0	0	0	1	0
Gm11567	0	0	0	0	0	0
Gm11568	0	0	0	0	0	0
Gm11569	0	0	0	0	2	0
Gm11571	0	0	0	0	0	0
Gm11583	891	904	610	626	638	810
Gm11586	0	0	1	0	0	0
Gm11592	112	125	85	87	88	89
Gm11595	0	0	0	0	0	0
Gm11596	0	0	0	0	0	0
Gm11597-001	0	0	1	0	0	0
Gm11611	25	39	23	17	16	15
Gm11614	20	17	11	8	20	11
Gm11615	28	23	15	22	16	21
Gm11618-001	0	0	0	0	0	0
Gm11626	32	42	34	23	31	25
Gm11627	2	2	0	0	1	0
Gm11634	0	1	1	0	1	3
Gm11639	6	4	3	5	9	9
Gm11640	0	0	0	1	1	0
Gm11646	391	383	312	298	283	339
Gm11651	31	25	19	22	21	31
Gm11655	143	160	158	98	148	128
Gm11656	0	0	0	0	0	0
Gm11657	27	16	28	16	18	16
Gm11659	4	5	7	1	4	4
Gm11665	0	0	0	0	0	0
Gm11670	88	108	61	87	88	94
Gm11672	29	18	32	16	24	24
Gm11683	0	0	0	0	0	0
Gm11684	0	0	0	0	0	0
Gm11695	0	1	0	0	2	0
Gm11696	518	500	396	214	218	226
Gm11697	143	146	121	91	118	130
Gm11706	44	56	34	45	44	38
Gm11712	5	6	8	1	6	7
Gm11713	10	14	13	2	9	5
Gm11715	427	419	251	302	333	345
Gm11716	4	6	5	3	3	5
Gm11722	24	26	10	19	19	25
Gm11723	1	0	0	2	0	0
Gm11724	0	0	1	0	0	1
Gm11725	27	37	22	22	30	33
Gm11730	3	2	0	1	1	1
Gm11733	1	4	3	1	1	1
Gm11735-001	7	6	6	3	11	2
Gm11738	14	14	12	5	4	5
Gm11739	168	169	114	176	156	151
Gm11744	11385	10489	8469	7658	8287	9280
Gm11747	7	11	6	1	9	5
Gm11749	0	3	0	0	1	1
Gm11753	1	1	1	3	3	1
Gm11756	0	1	0	0	0	0
Gm11757	0	0	0	0	0	0
Gm11758	0	0	0	0	0	0
Gm11767	14	23	14	14	14	23
Gm11770	6	3	0	5	3	5
Gm11771-001	2	0	0	0	1	0
Gm11772	24	17	13	22	28	31
Gm11773	1	3	2	4	3	3
Gm11775	0	0	0	0	0	0
Gm11784-001	0	0	0	0	0	0
Gm11787-001	14	12	7	5	4	5
Gm11788	78	69	45	54	64	54
Gm11789	0	0	0	0	0	0
Gm11802	63	88	48	53	59	56
Gm11808	1837	1714	1356	1455	1695	1718
Gm11816	8	12	10	5	6	6
Gm11817	3	4	3	3	0	3
Gm11831	18	15	15	15	12	12
Gm11832	50	51	25	18	31	33
Gm11837	349	324	236	226	259	252
Gm11842	96	81	73	57	62	97
Gm11844	0	2	0	0	2	0
Gm11872	2	8	1	3	0	1
Gm11899	23	36	27	35	32	31
Gm11915	18	10	9	10	11	16
Gm11937	0	0	0	0	0	0
Gm11938	0	0	0	0	0	0
Gm11939	0	0	0	0	0	0
Gm11940	89	84	70	75	88	89
Gm11948	56	38	44	32	43	41
Gm11961	941	932	705	724	815	727
Gm11963	5	4	7	3	5	7
Gm11967	1	0	0	3	0	3
Gm11973	234	214	184	157	185	179
Gm11983	1	0	0	0	0	0
Gm11985	19	22	20	17	24	18
Gm11987-001	0	0	0	0	0	0
Gm11992	39	66	37	52	68	79
Gm11998	0	0	0	0	0	0
Gm12000	0	1	0	0	0	1
Gm12002	14	12	13	10	7	8
Gm12061	46	50	21	29	28	38
Gm12064	4	4	3	2	2	4
Gm12081	0	0	1	0	0	0
Gm12089	3	2	2	6	9	12
Gm12106-001	0	0	0	1	1	0
Gm12117	3	2	0	0	0	4
Gm12119	3	3	4	0	3	3
Gm12120	0	2	0	0	4	3
Gm12122	0	0	0	0	0	0
Gm12126	0	1	1	0	3	1
Gm12127	0	1	1	4	2	1
Gm12144	1	0	0	0	0	2
Gm12146	7	4	2	0	3	4
Gm12147	8	8	0	1	4	2
Gm12150	8	7	15	4	6	2
Gm12158	4	6	6	2	4	6
Gm12166	128	120	89	109	149	135
Gm12167	0	0	0	0	0	2
Gm12169	0	0	0	0	0	0
Gm12170-001	0	0	0	0	0	0
Gm12173-001	0	0	0	0	0	0
Gm12184	630	614	431	429	486	564
Gm12185	14	7	9	4	5	11
Gm12187-001	1	0	0	0	0	0
Gm12195	22	23	10	16	18	21
Gm12199	0	1	1	0	0	0
Gm12200	0	0	0	2	0	0
Gm12202-001	2	5	3	2	3	6
Gm12204	4	10	1	5	4	7
Gm12205	40	37	27	35	37	31
Gm12207	51	52	27	45	38	32
Gm12212	4	4	2	3	5	6
Gm12214	0	0	1	0	0	0
Gm12216	15	11	9	8	12	3
Gm12220-001	0	0	0	0	0	0
Gm12223	15	8	12	3	4	4
Gm12224	2025	1893	1387	1451	1498	1675
Gm12227	12	9	13	5	12	8
Gm12236	87	92	58	58	65	41
Gm12238	4	8	9	9	7	12
Gm12239	38	43	37	11	26	26
Gm12246	11	10	6	27	24	23
Gm12248-001	18	23	9	38	52	43
Gm12253	0	0	0	0	0	0
Gm12256	128	128	71	92	113	120
Gm12257	1	0	0	1	3	1
Gm12258	1849	1897	1482	1618	1818	1861
Gm12260-001	21	25	38	35	33	36
Gm12264	626	561	458	417	436	510
Gm12265	259	252	184	148	177	204
Gm12272	22	17	19	14	19	9
Gm12278	1	2	2	0	3	0
Gm12279	56	74	50	70	91	66
Gm12280	0	0	0	0	0	0
Gm12289	30	15	15	13	17	24
Gm12298	0	0	0	0	0	0
Gm12300	0	0	0	0	0	0
Gm12301	2	0	0	0	0	0
Gm12305	0	0	0	0	0	0
Gm12316	177	231	169	165	235	187
Gm12327-001	0	0	0	0	0	0
Gm12333	108	105	90	75	115	100
Gm12340-001	4	3	0	3	0	1
Gm12343	0	0	0	0	0	0
Gm12352	605	610	417	473	500	566
Gm12353	232	206	161	165	194	219
Gm12355	1131	1020	791	720	796	831
Gm12359	622	557	416	415	417	458
Gm12364	0	2	0	0	0	1
Gm12394	116	110	78	2	0	2
Gm12395	3	4	6	3	0	1
Gm12399-001	0	0	0	0	0	0
Gm12400-001	0	0	0	0	2	0
Gm12405	20	25	21	18	13	21
Gm12406	41	38	28	15	24	17
Gm12407-001	5	5	0	4	2	2
Gm12426	2	1	0	1	3	1
Gm12427-001	0	0	0	0	0	0
Gm12431-001	0	0	0	0	0	0
Gm12446	5	1	5	1	1	3
Gm12451-001	5	2	0	3	3	1
Gm12454	5	6	2	0	2	2
Gm12462	20	21	5	4	14	14
Gm12472	10	12	9	13	15	9
Gm12473	112	100	59	70	78	105
Gm12493	3	2	2	2	5	2
Gm12494-001	1	1	0	1	0	2
Gm12499-001	1	0	0	0	0	0
Gm12500	59	68	38	48	36	55
Gm12523	25	32	25	8	16	11
Gm12530	1	0	0	0	1	0
Gm12531	154	154	115	70	67	88
Gm12534	1	2	0	0	0	0
Gm12542	7	9	14	5	9	3
Gm12551-001	0	0	0	0	0	0
Gm12569	0	0	0	0	0	0
Gm12586-001	0	0	0	0	0	0
Gm12591-001	0	0	0	0	0	0
Gm12594	0	0	0	0	0	0
Gm12601-001	0	0	0	0	0	0
Gm12613-001	0	0	1	4	1	0
Gm12614-001	0	0	0	4	0	0
Gm12615-001	0	0	1	4	1	0
Gm12616-001	0	0	1	4	1	0
Gm12619-001	0	0	1	1	1	0
Gm12621-001	0	0	0	2	0	0
Gm12624-001	0	0	1	2	1	0
Gm12625-001	0	0	1	4	1	0
Gm12627-001	0	0	1	4	1	0
Gm12628-001	0	0	1	0	1	0
Gm12631	12	20	19	15	20	19
Gm12660	204	200	148	123	145	181
Gm12666	30	33	27	14	17	19
Gm12679	7	1	4	2	6	3
Gm12682	0	0	0	0	1	0
Gm12689	42	64	37	9	22	20
Gm12694	2	5	3	5	2	5
Gm12695	0	0	2	1	0	0
Gm12701	3	6	1	0	1	1
Gm12705	18	19	14	13	18	15
Gm12709	647	623	510	222	384	475
Gm12728	8	2	4	4	2	3
Gm12735	11	10	5	77	105	118
Gm12737	101	80	66	52	81	72
Gm12744	870	872	622	614	660	739
Gm12755-001	1	0	0	0	1	0
Gm12758	2005	1897	1412	1391	1671	1753
Gm12764	55	69	54	51	80	60
Gm12765-001	0	0	0	0	0	0
Gm12781	14	30	20	24	24	22
Gm12783-001	3	6	1	1	5	0
Gm12786	19	28	25	24	29	28
Gm12789	0	0	0	0	0	0
Gm12790	5	7	0	9	2	3
Gm12794	0	0	0	0	0	0
Gm12797-001	0	0	0	0	0	0
Gm128	20	23	20	14	28	17
Gm12800	0	0	0	0	0	0
Gm12802	84	65	51	25	31	22
Gm12813-001	0	0	0	0	0	0
Gm12814-001	0	0	0	0	0	0
Gm12817-001	0	0	0	0	0	0
Gm12819-001	0	0	0	0	0	0
Gm12823	0	1	0	1	1	1
Gm12825-001	0	0	0	0	0	0
Gm12828	1	0	2	1	1	2
Gm12830	1	1	0	0	0	0
Gm12841	1654	1545	1222	1273	1310	1458
Gm12843	18	21	21	23	26	24
Gm12845	0	0	0	0	0	0
Gm12853	7	13	8	0	1	4
Gm12863	0	0	0	0	0	0
Gm12867	28	28	32	26	32	29
Gm12868	725	652	481	487	523	588
Gm12869	8	8	5	2	10	6
Gm12872-001	0	0	0	0	0	0
Gm12873-001	0	0	0	0	0	1
Gm12875-001	0	0	0	0	0	0
Gm12876-001	0	0	0	0	0	0
Gm12877-001	0	0	0	0	0	0
Gm12880-001	0	0	0	0	0	0
Gm12883-001	0	0	0	0	0	0
Gm12886	0	0	0	0	0	0
Gm12887	0	0	0	0	0	0
Gm12888	0	0	1	0	0	0
Gm12893-001	0	0	0	0	0	0
Gm12897-001	0	0	0	0	0	0
Gm12905	73	67	44	45	51	56
Gm12909	0	0	0	0	0	0
Gm12910	0	0	0	0	0	0
Gm12923	0	0	0	0	0	0
Gm12925	44	34	25	25	39	30
Gm12927	15	11	6	3	1	0
Gm12930	8	4	3	3	3	6
Gm12932	59	34	42	41	43	34
Gm12946	2	1	3	3	2	2
Gm12949	0	1	2	0	2	0
Gm12953	139	164	115	104	122	136
Gm12963	7	9	7	5	3	2
Gm12970	24	26	17	10	38	29
Gm12971	19	27	11	11	21	21
Gm12977	9	17	11	4	9	7
Gm12979	0	1	0	2	2	0
Gm12981	17	19	13	11	8	11
Gm12984	0	0	0	0	0	0
Gm12996	208	195	134	186	210	221
Gm12999	468	449	325	308	313	341
Gm13008	366	389	276	304	349	370
Gm13010	0	0	0	0	0	0
Gm13012	4	2	4	3	1	1
Gm13019-001	0	1	0	0	0	0
Gm13023	0	0	0	0	0	0
Gm13027	342	321	266	226	271	349
Gm13029	129	102	111	109	170	153
Gm13030	0	0	0	0	0	0
Gm13031	105	96	71	38	30	35
Gm13040	0	0	0	0	0	0
Gm13041-001	0	0	0	0	0	0
Gm13043	0	0	0	0	0	0
Gm13045-001	0	0	0	0	0	0
Gm13046-001	0	0	0	0	0	0
Gm1305	122	112	61	75	90	94
Gm13053	0	1	1	0	1	0
Gm13054	13	17	15	18	15	27
Gm13055	0	0	3	0	2	0
Gm13057	0	0	0	0	0	0
Gm13058-001	0	0	0	0	0	0
Gm13062	0	1	3	0	0	2
Gm13066	690	596	499	372	435	502
Gm13068	1335	1279	1027	1038	1135	1239
Gm13070	1	2	0	2	6	3
Gm13075	2	0	1	1	1	2
Gm13078	0	0	0	0	0	0
Gm13083	0	0	0	0	0	0
Gm13084	0	0	0	0	0	0
Gm13088	0	0	0	0	0	0
Gm13089	0	0	0	0	0	0
Gm13090	51	54	46	20	30	38
Gm13091	22	28	18	15	13	21
Gm13096	1	1	9	0	1	1
Gm13097	3	5	4	1	5	8
Gm13100-001	0	0	0	0	0	0
Gm13101	0	0	0	0	0	0
Gm13102	0	0	1	0	0	0
Gm13103	0	0	0	0	0	0
Gm13106-001	0	0	0	0	0	0
Gm13108-001	0	0	0	0	0	0
Gm13111	10	7	7	3	23	4
Gm13112	25	38	30	58	80	72
Gm13119	0	0	0	0	0	0
Gm13122-001	0	0	0	0	0	0
Gm13124	0	0	0	0	0	0
Gm13125	0	0	0	0	0	0
Gm13128	0	0	0	0	0	0
Gm13130-001	0	0	0	0	0	0
Gm13133	0	0	0	0	0	0
Gm13134	1	0	2	0	0	1
Gm13147	19	14	12	17	16	10
Gm13165	0	0	0	0	2	4
Gm13175	3	2	2	3	2	5
Gm13177	0	0	0	0	0	0
Gm13178	1	0	1	102	127	171
Gm13179	73	39	41	31	35	41
Gm13184	95	93	60	91	84	81
Gm13185	24	15	22	11	13	12
Gm13199	178	177	133	142	177	208
Gm13201	10	11	10	9	5	4
Gm13205	227	221	185	178	227	220
Gm13209	3	6	0	4	8	1
Gm13212	222	158	92	94	91	112
Gm13217-001	245	239	180	154	210	203
Gm13230	0	4	7	3	16	11
Gm13256	0	0	0	0	0	0
Gm13257	2	0	2	3	0	1
Gm13262	31	33	18	18	26	29
Gm13267	5	13	4	2	4	4
Gm13269	1245	1386	1083	880	976	1040
Gm13271	3	2	2	0	1	15
Gm13272	10	25	2	2	7	5
Gm13273-001	0	1	0	0	0	0
Gm13274	0	0	3	0	0	0
Gm13275	3	5	1	6	2	4
Gm13276	9	3	4	2	5	10
Gm13277	10	3	5	2	0	3
Gm13278	19	1	3	5	1	5
Gm13279	10	0	1	3	1	2
Gm13281-001	0	0	0	0	0	0
Gm13282-001	0	2	3	0	3	1
Gm13283	22	8	9	7	5	9
Gm13284-001	7	3	1	6	0	4
Gm13285	3	6	4	5	2	5
Gm13286-001	1	1	0	2	0	1
Gm13287	0	2	0	4	2	2
Gm13288	2	2	4	6	2	7
Gm13289	14	4	7	4	2	10
Gm13290	12	12	16	18	15	33
Gm13299	9	8	3	1	0	4
Gm1330	0	0	0	0	0	1
Gm13301	472	429	368	17	24	5
Gm13302-001	40	39	31	7	4	1
Gm13303-001	2	11	3	0	1	0
Gm13304	88	65	59	0	0	2
Gm13305	119	121	84	90	75	96
Gm13306	129	127	104	78	93	93
Gm13307	82	68	62	23	22	20
Gm13320	33	13	22	21	17	20
Gm13324	2	7	2	1	4	2
Gm13327	134	146	126	76	105	94
Gm13330	203	178	144	83	103	115
Gm13335	7	5	3	9	8	10
Gm13339-001	131	108	88	60	49	44
Gm13340-001	3714	3339	2752	2041	2064	2356
Gm13341-001	2666	2436	1901	1549	1562	1639
Gm13344	4	4	3	2	1	0
Gm13348	0	0	0	0	0	0
Gm13362	30	34	13	19	10	12
Gm13375	159	161	100	131	123	180
Gm13377-001	1	2	0	0	2	2
Gm13380	7	6	7	2	3	3
Gm13381	13	19	10	16	12	11
Gm13388	29	24	17	16	21	15
Gm13389	6	22	11	9	14	7
Gm13398	1	1	1	2	3	4
Gm13402	149	162	125	111	127	127
Gm13405	35	36	32	31	31	31
Gm13409-001	0	0	0	0	0	0
Gm13420	4	13	7	5	3	5
Gm13425	0	0	0	0	0	0
Gm13427	177	170	151	141	160	159
Gm13441	8	10	7	5	8	8
Gm13442	62	58	45	48	56	57
Gm13449	0	0	0	0	0	1
Gm13474-001	0	0	0	0	0	1
Gm13496	0	3	2	0	0	1
Gm13506-001	0	0	0	0	0	0
Gm13522	2	0	2	0	0	1
Gm13523	12	13	7	3	8	4
Gm13524	85	92	91	86	80	72
Gm13528	7	7	3	2	2	5
Gm13536	1	6	4	2	6	4
Gm13539	0	0	0	0	0	0
Gm13544	1	1	2	0	0	0
Gm13546	0	0	0	0	0	0
Gm13547	31	27	15	21	26	24
Gm13554	202	202	159	164	181	157
Gm13556	31	49	44	22	37	28
Gm13558	10	12	6	6	8	4
Gm13561	3	3	1	0	0	0
Gm13563	1140	1074	844	812	922	991
Gm13569	3	7	2	3	2	4
Gm13571	38	28	18	7	8	10
Gm13580	10	5	11	6	11	10
Gm13583	1293	1301	1105	845	900	972
Gm13584	10	9	9	5	3	8
Gm13594	0	1	4	0	2	0
Gm13595	3	0	8	1	0	2
Gm13596	5	2	2	1	4	7
Gm13599	0	0	0	0	0	0
Gm136	0	0	2	1	1	1
Gm13601	22	21	11	1	7	2
Gm13609	70	72	59	42	62	39
Gm13610	1028	1005	728	695	811	869
Gm13613	33	27	20	28	25	36
Gm13617	7	12	3	10	16	8
Gm13618	14	14	17	13	15	19
Gm13619	67	55	62	32	36	25
Gm13629	121	116	87	66	67	73
Gm13686	0	0	0	0	0	0
Gm13691	44	48	25	17	26	36
Gm13693	74	84	47	35	49	76
Gm13694	74	84	47	35	50	74
Gm13695	74	82	47	35	49	71
Gm13696	74	84	47	35	50	74
Gm13697	59	66	36	26	38	55
Gm13698	74	83	47	35	49	75
Gm13703	52	54	19	28	28	38
Gm13707	9	10	8	5	10	13
Gm13709	63	75	41	56	49	52
Gm13711-001	0	0	0	0	0	0
Gm13712-001	3	1	1	0	0	3
Gm13713	21	19	12	7	13	15
Gm13716	36	40	28	41	51	52
Gm13741	0	0	0	0	0	0
Gm13748	39	25	20	19	25	26
Gm13752	0	1	0	0	0	0
Gm13754-001	0	0	0	0	1	0
Gm13757	0	0	0	0	0	0
Gm13762	0	0	0	0	0	0
Gm13763	0	0	0	0	0	0
Gm13767-001	35	43	33	29	39	48
Gm13768-001	27	31	24	20	29	38
Gm13769	0	0	0	0	0	1
Gm13781	0	0	0	0	0	0
Gm13782	1	1	1	2	5	3
Gm13807	8	26	7	5	4	8
Gm13822	0	0	0	0	0	0
Gm13837	0	0	0	0	0	0
Gm13840	12	12	5	3	5	13
Gm13856	194	173	132	150	133	147
Gm13858-001	0	1	1	0	0	0
Gm13859-001	0	0	0	0	0	0
Gm13867-001	1	1	0	0	0	0
Gm13871	0	0	0	0	0	0
Gm13872	1179	1063	967	763	926	932
Gm13883	7	12	10	6	4	7
Gm13889	558	575	367	333	373	393
Gm13903-001	0	0	0	0	0	0
Gm13919	51	41	25	43	61	61
Gm13920	4	6	3	5	7	2
Gm13925-001	0	0	0	0	0	0
Gm13936	2	3	0	1	0	0
Gm13938	4	6	4	1	0	4
Gm13941	0	1	0	0	0	0
Gm13944	8	28	19	17	18	13
Gm13954	2	7	6	3	9	3
Gm13962	0	0	0	1	0	0
Gm13963	47	51	39	42	57	50
Gm13964	17	18	9	4	10	10
Gm13966	75	99	65	71	80	84
Gm13977	1	1	0	1	0	0
Gm13990	0	0	0	0	0	0
Gm13999	213	206	193	190	208	228
Gm14002	21	19	13	10	14	12
Gm14011	0	0	1	4	4	1
Gm14018-001	133	137	120	66	92	110
Gm14019	2	4	0	1	4	4
Gm14024	2	3	2	5	1	3
Gm14025	95	93	46	49	60	54
Gm14029	5	4	4	28	33	30
Gm14040	1	0	1	0	1	0
Gm14041	0	0	0	0	0	0
Gm14051	4	1	1	1	5	4
Gm14065-001	0	0	0	0	0	0
Gm14069-001	0	0	0	0	0	1
Gm14085	0	0	0	0	2	0
Gm14086-001	0	1	0	0	0	0
Gm14089	0	0	0	0	0	0
Gm14091	630	486	401	69	93	82
Gm14092	11	6	6	5	5	2
Gm14093	6	19	5	7	15	5
Gm14097	28	25	19	9	16	11
Gm14104	5	2	3	5	4	6
Gm14124	3	9	8	8	8	5
Gm14129-001	0	0	0	0	0	0
Gm14137	184	177	134	206	240	211
Gm14139	2	5	2	0	0	3
Gm14146	0	0	0	0	0	0
Gm14147	0	0	0	0	0	0
Gm14151	0	0	0	0	0	0
Gm14154	2	3	0	4	1	2
Gm14161	0	0	0	3	0	0
Gm14167	36	34	21	21	25	32
Gm14170	3	0	1	4	4	0
Gm14175-001	0	0	0	0	0	0
Gm14180	0	0	0	0	0	0
Gm14182-001	0	0	0	0	0	0
Gm14186-001	0	0	0	0	0	0
Gm14190	0	0	0	0	0	0
Gm14198	34	27	27	19	19	30
Gm14199	3	2	2	2	2	0
Gm14205	397	422	301	234	283	314
Gm14206	6	4	3	4	6	5
Gm14209	17	23	26	16	29	23
Gm14214	0	0	0	0	0	0
Gm14218	5	11	5	3	10	1
Gm14222	0	0	0	0	0	0
Gm14226	35	19	17	23	37	17
Gm14232	84	82	85	55	75	89
Gm14236	0	0	0	1	0	2
Gm14244	0	0	0	0	0	0
Gm14252	144	152	108	129	144	161
Gm14257	18	21	10	14	15	13
Gm14271	0	0	0	0	0	0
Gm14273	2	1	0	0	0	0
Gm14278-001	52	52	40	55	62	80
Gm14280	9	9	5	10	8	6
Gm14285	21	29	16	19	24	32
Gm14286	8	7	2	5	9	6
Gm14288	2036	2116	1758	1213	1333	1314
Gm14291	34	38	26	28	43	34
Gm14295	2295	2641	2012	1456	1971	1891
Gm14296	1742	1727	1373	1072	1539	1379
Gm14297-001	8	14	10	7	7	10
Gm14298-001	9	12	8	6	6	5
Gm14301-001	3	4	5	2	4	2
Gm14302	40	36	23	19	28	31
Gm14305	3763	3600	2698	2347	2778	2788
Gm14306	1663	1648	1316	1039	1233	1222
Gm14307-001	10	14	10	8	7	10
Gm14308	5481	5159	3967	3314	3946	4112
Gm14320	15	15	14	6	5	4
Gm14322	392	460	362	245	312	327
Gm14324-001	11	4	5	2	12	3
Gm14325	2641	2650	1951	1704	1983	2181
Gm14326	2649	2526	1921	1686	2042	1993
Gm14327	693	739	601	383	460	456
Gm14330	1	4	1	1	4	2
Gm14341	24	27	17	22	27	32
Gm14345	0	0	0	0	0	0
Gm14346	0	0	0	0	0	0
Gm14347	0	0	0	0	0	0
Gm14351	0	0	0	0	0	0
Gm14367-001	0	0	0	0	0	0
Gm14371-001	0	2	3	2	4	3
Gm14372	45	37	28	19	19	23
Gm14374	0	0	0	0	0	0
Gm14376	5	6	4	3	6	4
Gm14377	0	1	2	3	0	0
Gm14387-001	355	403	292	234	271	217
Gm14390-001	7	11	8	2	5	6
Gm14391	2088	2092	1671	1350	1688	1588
Gm14393	74	55	48	45	61	31
Gm14397	2	5	5	6	7	2
Gm14399	1669	1753	1330	1094	1439	1394
Gm14400-001	51	45	48	27	30	31
Gm14401	8	5	9	6	5	2
Gm14402-001	37	42	28	26	25	27
Gm14403	334	385	282	19	26	27
Gm14404-001	7	9	9	1	3	6
Gm14405-001	187	192	166	136	150	129
Gm14406	26	33	20	18	15	20
Gm14408	54	61	33	37	37	40
Gm14409	24	24	11	15	14	6
Gm14410	2501	2414	1748	1560	1868	1887
Gm14411-001	46	56	44	30	45	43
Gm14412	133	164	115	66	71	100
Gm14413-001	115	108	87	107	86	130
Gm14415-001	35	53	38	33	43	64
Gm14416-001	364	359	255	200	214	217
Gm14417-001	15	6	10	2	2	5
Gm14418	591	725	533	241	310	353
Gm14419	1299	1466	1085	742	1017	993
Gm14421-001	426	451	382	286	305	270
Gm14428-001	3	9	4	3	2	1
Gm14429-001	35	22	22	20	18	19
Gm14434	4678	4424	3347	2835	3420	3447
Gm14435	1440	1425	1153	816	963	967
Gm14437	0	0	0	0	0	0
Gm14440	2410	2531	2001	1411	1585	1587
Gm14442-001	12	13	11	5	13	6
Gm14443	413	444	368	290	421	295
Gm14444	20	28	20	22	17	21
Gm14445-001	20	33	17	10	19	26
Gm14453	17	12	14	15	10	15
Gm14459	0	0	0	0	0	0
Gm14474	0	0	0	0	0	0
Gm14475	0	0	0	0	0	0
Gm14476	0	0	0	0	0	0
Gm14477	0	0	0	0	0	0
Gm14478	0	0	0	0	0	0
Gm14479	0	0	0	0	0	0
Gm14482	0	0	0	0	0	0
Gm14483	0	0	0	0	0	0
Gm14484	0	0	0	0	0	0
Gm14493	663	586	453	396	425	504
Gm14496	1	0	0	0	0	0
Gm14500-001	0	0	0	0	0	0
Gm14501	2	0	0	0	0	0
Gm14502-001	6	4	2	3	5	2
Gm14507	0	0	0	0	0	0
Gm14508	1182	1115	963	587	680	726
Gm14525	0	0	0	0	0	0
Gm14527-001	0	0	0	0	0	0
Gm14533-001	0	0	0	0	0	0
Gm14536-001	224	197	160	140	171	145
Gm14540	97	93	62	67	75	68
Gm14546	0	0	1	0	1	0
Gm14547	1	2	3	2	2	2
Gm14548	4	0	1	1	1	3
Gm14549	23	22	22	21	18	17
Gm14554-001	0	1	0	0	0	0
Gm14569	1	0	0	0	0	1
Gm14573	308	317	223	254	218	319
Gm14582	0	2	1	0	1	0
Gm14590-001	0	0	0	0	0	0
Gm14594-001	0	0	0	0	0	0
Gm14595-001	0	0	0	0	0	0
Gm14596-001	0	0	0	0	0	0
Gm14597	150	164	108	93	112	137
Gm14598-001	0	0	0	0	0	0
Gm14599-001	1	2	2	3	2	2
Gm14622-001	0	0	0	0	0	0
Gm14623-001	0	0	0	0	0	0
Gm14624-001	0	0	0	0	0	0
Gm14625-001	0	0	0	0	0	0
Gm14626-001	0	0	0	0	0	0
Gm14629-001	0	0	0	0	0	0
Gm14632	0	0	0	0	0	0
Gm14637	0	0	0	0	0	0
Gm14638-001	0	0	0	0	0	0
Gm14661	0	0	0	0	0	0
Gm14662	1	1	1	1	1	1
Gm14685	1	2	0	0	0	0
Gm14692	3	1	0	2	0	0
Gm14694-001	0	0	0	0	0	0
Gm14695-001	0	0	0	0	0	0
Gm14697	0	1	2	0	0	0
Gm14698	3930	3620	2661	2452	2723	3097
Gm14703	14344	13524	9608	9609	9871	11160
Gm14705	4	4	2	0	2	1
Gm14707	0	0	0	0	0	0
Gm14710-001	0	0	0	0	0	0
Gm14711-001	0	0	0	0	0	0
Gm14717	0	0	0	0	0	0
Gm14718	0	0	0	0	0	0
Gm14725-001	0	0	1	0	0	0
Gm14726-001	0	0	0	0	0	0
Gm14743	0	0	0	0	0	0
Gm14744	0	0	0	0	0	0
Gm14748-001	0	0	0	0	0	0
Gm14750-001	0	0	0	0	0	0
Gm14758-001	0	1	0	0	0	0
Gm14764	2	4	2	1	3	2
Gm14781	0	0	0	0	0	0
Gm14798	1166	1013	750	640	665	887
Gm14808	2	3	1	3	0	5
Gm14818	0	0	0	0	0	0
Gm14819	0	0	0	0	0	0
Gm14820	596	578	412	454	466	509
Gm14839-001	0	0	0	0	0	0
Gm14851	0	0	0	0	0	0
Gm14852-001	0	0	1	0	0	1
Gm14862	10	15	7	5	6	8
Gm14876-001	0	0	0	0	0	0
Gm14920	0	0	0	0	0	0
Gm14957-001	3	5	3	3	5	4
Gm14964	155	165	128	124	151	144
Gm14966	250	251	167	185	226	225
Gm14967	0	0	1	0	0	1
Gm14978	6	3	7	5	5	5
Gm14991-001	0	0	0	0	0	0
Gm15008	3	3	0	3	1	1
Gm15013	6	7	9	8	7	9
Gm15019-001	0	0	0	0	0	0
Gm15023	3	2	2	3	2	4
Gm15027-001	445	394	323	275	341	284
Gm15050	0	0	0	0	0	0
Gm15056	0	0	0	0	0	0
Gm15063	558	551	372	412	419	465
Gm15080	0	0	1	0	0	1
Gm15082	7	8	9	4	1	9
Gm15083	1	1	3	1	4	1
Gm15084-001	0	0	0	0	0	0
Gm15085	0	0	0	0	0	1
Gm15086	0	0	0	0	0	0
Gm15087-001	0	0	0	0	0	0
Gm15088-001	0	0	0	0	0	0
Gm15089-001	0	0	0	0	0	0
Gm15090-001	0	0	0	0	0	0
Gm15091	0	0	0	0	0	0
Gm15092	0	0	0	0	0	0
Gm15093	0	0	0	0	0	1
Gm15094-001	0	0	0	0	0	0
Gm15095-001	0	0	0	0	0	0
Gm15097	0	0	0	0	0	0
Gm15098-001	0	0	0	0	0	0
Gm15099	0	0	0	0	0	0
Gm15100	0	0	0	0	0	0
Gm15101-001	0	0	0	0	0	0
Gm15102-001	0	0	0	0	0	0
Gm15103-001	0	0	0	0	0	0
Gm15106-001	0	0	0	0	0	0
Gm15107	0	0	0	0	0	0
Gm15108-001	0	0	0	0	0	0
Gm15109-001	0	0	0	0	0	1
Gm15110-001	0	0	0	0	0	0
Gm15111-001	0	0	0	0	0	0
Gm15112-001	0	0	0	0	0	0
Gm15113-001	0	0	0	0	0	0
Gm15114	0	0	0	0	0	1
Gm15121-001	0	0	0	0	0	0
Gm15122	66	70	62	46	68	49
Gm15123	0	0	0	0	0	0
Gm15124	0	0	1	0	0	0
Gm15125-001	0	0	0	0	0	0
Gm15126-001	0	0	0	0	0	0
Gm15127	0	0	0	0	0	0
Gm15128	0	0	1	0	0	0
Gm15130	0	0	0	1	0	0
Gm15133	0	5	0	0	0	0
Gm15136-001	0	0	0	0	0	0
Gm15140	0	0	0	0	0	0
Gm15141-001	0	0	0	0	0	0
Gm15142-001	0	1	0	0	0	0
Gm15143-001	0	0	0	0	0	0
Gm15147-001	0	0	0	0	0	0
Gm15155	3	5	6	2	3	0
Gm15156	15	13	7	8	6	12
Gm15167-001	0	0	0	0	1	0
Gm15169	185	185	186	0	0	1
Gm15178	5	4	6	2	6	3
Gm15179	12	7	8	7	15	5
Gm15181-001	0	0	0	2	5	4
Gm15188-001	0	0	0	0	0	0
Gm15192-001	0	0	0	0	0	0
Gm15199	0	0	0	0	0	0
Gm15200	170	144	117	122	125	144
Gm15202	15	7	5	11	8	8
Gm15217	8	6	8	2	3	0
Gm15222	1	5	3	2	1	0
Gm15239	1	0	0	0	0	0
Gm15241	6	2	1	1	2	2
Gm15243	136	120	105	58	87	73
Gm15247	73	73	65	55	71	213
Gm15261	4	8	7	14	7	4
Gm15262	0	0	1	0	0	1
Gm15264-001	45	33	42	83	120	113
Gm15265	679	682	482	475	527	554
Gm15266-001	1	0	0	0	0	0
Gm1527	0	0	1	0	0	0
Gm15275-001	0	0	0	0	0	0
Gm15276-001	0	0	0	0	0	0
Gm15280-001	2	1	1	0	0	1
Gm15287	6	5	4	3	3	2
Gm15288	0	0	0	0	1	0
Gm15292	0	0	0	0	0	0
Gm15293	0	0	0	0	0	0
Gm15294	2	4	3	1	0	5
Gm15295	0	3	0	1	0	2
Gm15300-001	0	0	0	0	0	0
Gm15305-001	0	0	0	0	0	0
Gm15311-001	0	0	0	0	0	0
Gm15313-001	0	0	0	0	0	0
Gm15317	186	160	151	124	148	148
Gm15318	1	0	0	3	4	3
Gm15319	375	457	316	245	424	342
Gm15320-001	1	0	1	1	0	0
Gm15329-001	0	0	0	0	0	0
Gm15331-001	0	0	0	0	0	0
Gm15332-001	0	0	0	0	0	0
Gm15334	13	34	21	23	17	18
Gm15336	181	217	119	110	143	142
Gm15337	117	118	110	90	110	86
Gm15338	1	3	0	1	2	0
Gm15341	0	0	0	0	0	1
Gm15343	13	13	2	7	6	6
Gm15345	14	9	7	5	13	11
Gm15346	6	5	3	4	2	11
Gm15347	348	316	288	219	262	264
Gm15350	829	836	642	570	630	707
Gm15351	26	13	20	18	21	10
Gm15353	9	9	6	4	4	5
Gm15354	1294	1255	977	1161	1177	1252
Gm15356	61	54	57	49	76	65
Gm15357-001	0	0	0	0	0	0
Gm15363-001	0	0	0	0	0	0
Gm15368-001	0	0	0	0	0	0
Gm15369-001	1	0	0	0	0	0
Gm15370-001	0	0	0	0	0	0
Gm15371-001	0	1	0	0	0	0
Gm15372-001	0	0	0	0	0	0
Gm15373-001	0	0	0	0	0	0
Gm15374-001	1	0	0	0	0	0
Gm15375-001	0	0	0	0	0	0
Gm15376-001	1	0	0	0	0	0
Gm15384	5	3	4	2	4	6
Gm15385-001	15	17	13	17	18	16
Gm15392	23	21	18	15	30	17
Gm15395	0	0	0	0	0	0
Gm15396	28	26	16	38	22	51
Gm15397	2	1	3	0	2	0
Gm15401	4	9	10	8	8	6
Gm15402	0	0	3	1	5	0
Gm15410	5	6	2	2	6	3
Gm15412	7	12	6	6	3	6
Gm15413	22	29	18	18	25	30
Gm15414	8	11	11	5	4	4
Gm15416	9	5	15	7	15	19
Gm15417	897	852	642	598	682	767
Gm15418	3	10	6	4	6	12
Gm15419	49	39	37	38	37	50
Gm15420	5	4	2	8	8	10
Gm15423	75	68	43	39	48	57
Gm15440	87	80	79	88	97	59
Gm15441	126	140	102	64	77	85
Gm15444	54	41	35	33	32	36
Gm15445	17	11	7	7	11	11
Gm15446	1408	1435	1046	902	1056	1037
Gm15448	3	1	0	0	0	0
Gm15457	0	0	0	0	0	0
Gm15461	73	61	48	48	54	49
Gm15462	0	2	1	2	3	2
Gm15469	0	0	0	0	0	1
Gm15472	3	1	2	2	1	3
Gm15475	3	5	6	3	1	1
Gm15477	19	25	19	15	19	16
Gm15478	41	41	38	21	28	19
Gm15479	3	5	6	2	4	2
Gm15485	17	19	10	13	23	16
Gm15486	1	2	2	0	0	0
Gm15488-001	1	0	1	1	3	0
Gm15489	114	127	87	101	105	111
Gm15491	1096	1054	800	747	847	920
Gm15492	94	135	89	89	109	101
Gm15494	43	4	33	7	9	14
Gm15496	27	23	21	21	29	28
Gm15499	1	3	1	1	1	1
Gm15509	0	0	0	0	0	0
Gm15510	76	62	49	37	34	31
Gm15511	391	319	276	220	231	241
Gm15512	46	48	28	40	38	49
Gm15513	533	515	413	330	325	380
Gm15517	0	2	0	0	0	0
Gm15518	254	229	178	169	191	202
Gm15520	77	99	71	46	59	55
Gm15521	8	8	6	3	5	5
Gm15522	108	99	99	75	83	106
Gm15523	3	2	1	2	0	2
Gm15524	0	0	0	0	0	0
Gm1553	0	0	0	0	0	0
Gm15533	16	16	19	10	13	11
Gm15535	59	65	58	40	58	61
Gm15537	187	194	130	147	170	171
Gm15540	22	26	21	27	22	19
Gm15541	16	24	17	21	18	11
Gm15543	1	0	1	0	0	0
Gm15545	115	121	105	80	111	110
Gm15551	24	22	27	11	21	15
Gm15557	14	7	5	2	5	2
Gm15558	29	21	23	18	26	24
Gm15559	122	138	82	85	83	104
Gm15561	71	70	59	55	51	48
Gm15562	0	0	1	0	1	0
Gm15563	18	13	14	16	16	21
Gm15564	32059	21644	30184	36841	23651	17713
Gm15567	206	164	159	161	175	174
Gm15569	44	41	31	51	60	68
Gm15577	90	87	78	47	79	66
Gm15578-001	6	9	12	3	14	11
Gm15579	15	3	1	9	4	6
Gm15581	1	0	1	2	0	1
Gm15582	4	17	11	4	6	3
Gm15584	3	5	1	1	1	0
Gm15585	81	65	49	41	82	54
Gm15587	302	305	204	577	623	689
Gm15589	3	4	3	3	1	2
Gm15591	247	275	211	123	155	155
Gm15592	3	9	4	0	1	0
Gm15594	132	169	102	101	151	95
Gm15597	14	13	8	10	14	12
Gm15598	178	179	133	166	158	161
Gm156	0	0	0	0	0	0
Gm15600	0	0	0	0	1	0
Gm15601	1253	1213	862	757	929	866
Gm15606	3	1	2	0	1	2
Gm15608	57	76	55	54	47	68
Gm15612	2313	2141	1635	1569	1701	1957
Gm15614	7	8	7	5	2	4
Gm15619	10	18	10	1	3	6
Gm15622	0	0	0	0	0	0
Gm15624	106	131	115	92	116	122
Gm15629	4	3	0	1	0	0
Gm15632	15	9	8	2	6	8
Gm15634	17	10	13	13	9	16
Gm15635	87	106	65	82	99	92
Gm15637	2	3	4	2	4	6
Gm15638	92	84	87	86	101	94
Gm15640	0	0	0	0	1	0
Gm15641	1	1	0	0	0	1
Gm15642	301	312	231	168	186	204
Gm15643	0	0	0	0	0	0
Gm15646	3	4	2	2	4	8
Gm15647	1	2	0	0	0	0
Gm15648	1064	1121	766	649	777	837
Gm15650	5	2	7	11	7	5
Gm15655	40	58	33	42	33	31
Gm15656	1	2	0	0	0	3
Gm15657	3	1	3	1	1	0
Gm15658	255	230	164	156	182	170
Gm15662-001	6303	4312	5197	8593	5458	4539
Gm15664-001	4	8	6	2	2	2
Gm15674	0	0	1	3	1	0
Gm15677	3	4	8	4	5	2
Gm15679	31	46	31	18	16	28
Gm15680	4	7	1	2	5	3
Gm15684	4	1	6	2	3	4
Gm15687	31	22	25	20	16	19
Gm15688	25	31	18	16	16	20
Gm15689	4	9	5	3	4	5
Gm15690	17	17	14	15	17	10
Gm15691	6	10	11	2	1	2
Gm15697-001	73	62	44	57	63	58
Gm15698	1	4	1	0	1	0
Gm15699	0	1	0	0	2	0
Gm15700	5	4	6	5	6	5
Gm15701	69	74	49	60	54	59
Gm15708	24	25	17	9	12	12
Gm15716	0	1	0	1	0	1
Gm15718	68	48	35	43	43	44
Gm15722	0	2	1	3	1	2
Gm15723	30	37	21	26	27	36
Gm15726	153	165	91	75	96	310
Gm15729	7	1	0	1	1	4
Gm15731	0	0	1	0	0	0
Gm15735	4	7	5	4	1	3
Gm15736	0	1	0	0	0	0
Gm15737	6	5	4	7	1	2
Gm15738	49	57	46	35	46	42
Gm15742	9	11	4	2	6	5
Gm15743	211	223	182	160	184	181
Gm15744-001	0	1	0	2	1	0
Gm15747	6	6	6	6	8	1
Gm15751	530	569	453	413	575	534
Gm15753-001	12	14	8	7	3	13
Gm15755	0	1	1	0	1	0
Gm15756	32	31	16	14	17	16
Gm15759	1	1	0	0	0	1
Gm15774	19	30	26	21	13	17
Gm15775	14	14	15	13	21	14
Gm15777	165	135	136	108	168	158
Gm15788	65	58	44	59	84	70
Gm15792	5	2	3	1	4	1
Gm15800	7721	7261	6095	4471	5877	5671
Gm15802	16	27	20	25	16	18
Gm15809	9	14	14	9	15	8
Gm15810	34	32	25	22	24	31
Gm15812-001	20	25	11	10	20	25
Gm15813	34	45	37	31	47	42
Gm15816	154	167	122	109	134	120
Gm15818	50	69	61	103	123	111
Gm15819	36	36	16	12	21	16
Gm15821	113	118	86	66	90	89
Gm15825	29	25	15	19	15	15
Gm15829	102	95	79	65	80	58
Gm15835	25	30	18	16	26	20
Gm15839	6	6	3	90	104	99
Gm15841	1	0	0	0	0	0
Gm15845	3	6	7	3	8	4
Gm15847	4	6	1	3	4	0
Gm15848	23	29	19	4	8	13
Gm15849	154	165	97	117	126	145
Gm15851	41	51	35	20	31	21
Gm15853	23	20	17	17	14	25
Gm15854-001	0	0	0	0	0	0
Gm15856	59	44	33	42	36	45
Gm15857	163	167	119	133	143	147
Gm15859	34	29	30	29	18	19
Gm15860	60	49	40	29	35	34
Gm15862	2	3	3	1	4	7
Gm15864	0	1	2	0	0	1
Gm15866	0	2	1	1	2	0
Gm15867	4	5	3	0	4	2
Gm15868	61	66	53	71	63	64
Gm15869	58	61	40	41	62	53
Gm1587	0	0	0	0	0	0
Gm15870	0	0	0	0	1	1
Gm15872	998	881	793	526	631	706
Gm15873	2	8	0	8	2	2
Gm15875	3	5	3	0	7	7
Gm15879	74	77	50	58	69	60
Gm15880	67	56	65	55	64	59
Gm15882	498	437	354	4	11	3
Gm15883	0	5	19	3	9	7
Gm15884	433	387	320	284	307	396
Gm15886	1107	1101	864	695	775	826
Gm15890	8	9	7	10	10	3
Gm15891	0	0	0	0	0	0
Gm15893	206	187	189	143	157	162
Gm15894	10	8	2	6	4	7
Gm15895	6	6	4	6	8	2
Gm15898	232	180	186	224	239	245
Gm15902	1	2	3	1	1	0
Gm15903	181	175	164	153	174	149
Gm15904	15	11	7	15	16	8
Gm15911	73	101	53	55	64	77
Gm15912	9	11	5	14	6	9
Gm15914-001	0	0	0	2	1	3
Gm15915	0	0	1	0	2	3
Gm15917	38	36	26	38	27	43
Gm15918	40	52	26	35	31	27
Gm15923-001	0	0	0	0	0	0
Gm15925-001	0	0	0	0	0	0
Gm15926-001	0	0	0	0	0	0
Gm15929	19	24	20	11	19	14
Gm15930-001	2	0	0	0	0	0
Gm15931-001	0	0	0	1	0	1
Gm15932	252	246	202	204	205	251
Gm15934	3	0	4	2	5	1
Gm15935	6	1	4	7	7	8
Gm15938	35	23	28	13	19	19
Gm15939	35	30	12	6	5	8
Gm15940	1	0	0	0	0	1
Gm15945	86	80	63	61	74	92
Gm15947	1	1	0	3	2	9
Gm15948	15	15	21	14	22	12
Gm15949	7	18	13	13	10	16
Gm15950-001	89	82	94	104	143	108
Gm15952	54	54	49	34	40	58
Gm15956	231	234	170	185	198	181
Gm15961	1	0	1	0	0	0
Gm15962	0	0	0	0	0	0
Gm15963	1	0	0	1	2	1
Gm15965	104	71	54	78	64	53
Gm15969	42	35	23	23	24	23
Gm15972	10	7	10	5	8	5
Gm15976	56	77	46	42	39	54
Gm15978	7	16	6	2	13	5
Gm15979	26	23	19	16	27	19
Gm15982	7	5	5	1	1	1
Gm15984	0	0	0	0	0	0
Gm15987	0	2	0	1	2	3
Gm15990	10	9	15	8	14	7
Gm15991	158	149	103	89	97	110
Gm15996	96	124	87	110	132	131
Gm15997	12	15	7	10	11	7
Gm15998	82	95	68	52	60	76
Gm16000	8	14	7	3	7	4
Gm16004	0	0	0	0	0	0
Gm16006	24	18	15	12	19	22
Gm16008	329	347	253	233	306	244
Gm16010	53	58	28	47	60	48
Gm16014	0	1	1	0	0	0
Gm16015	0	0	0	0	0	0
Gm16024	12	16	9	27	33	28
Gm16026	1	0	1	1	2	1
Gm16028	1	1	0	0	1	0
Gm16031	4	7	6	4	5	2
Gm16033	15	9	2	8	8	9
Gm16034	10	6	2	5	1	6
Gm16035	4	1	2	3	2	1
Gm16036	5	5	3	1	5	2
Gm16038-001	0	0	0	0	0	0
Gm16041	347	334	289	132	226	190
Gm16043	29	20	19	6	12	3
Gm16045	1	0	1	0	0	1
Gm16048	14	24	11	9	16	12
Gm16049	68	49	42	29	34	32
Gm1604a	37	39	29	27	31	22
Gm1604b	26	42	25	11	17	13
Gm16052	68	52	46	39	30	48
Gm16054	561	541	373	338	399	452
Gm16055	651	555	496	350	409	379
Gm16058	2	0	4	2	4	1
Gm16059	370	319	268	250	280	288
Gm16062	1084	1119	803	699	793	914
Gm16068	24	34	9	8	15	14
Gm16069	176	171	108	128	125	124
Gm16070	37	36	39	9	17	12
Gm16075	11	3	12	4	7	7
Gm16076	1	2	1	3	4	7
Gm16083	14	15	16	9	6	9
Gm16090	3	4	2	0	2	0
Gm16093	90	83	72	64	77	77
Gm16094	0	0	0	0	0	0
Gm16095	0	0	0	0	0	0
Gm16098	53	67	45	53	55	62
Gm16099	8	3	8	4	4	5
Gm16104	390	332	333	263	347	347
Gm16105	81	93	70	66	80	77
Gm16110	9	13	8	3	13	2
Gm16116	3	12	12	9	5	5
Gm16117	5	2	4	0	1	1
Gm16118	4	9	6	2	9	3
Gm16120	3	6	7	5	5	5
Gm16121	100	94	77	57	72	76
Gm16122	7	5	10	5	7	9
Gm16124	426	346	267	278	318	343
Gm16126	2	5	4	2	4	2
Gm16130	0	0	3	2	1	0
Gm16131	0	0	0	0	1	0
Gm16132	6	7	4	2	2	3
Gm16133	5	5	9	3	2	2
Gm16135	23	23	15	22	35	13
Gm16136	6	4	5	2	6	5
Gm16137	0	0	0	0	0	0
Gm16140	93	84	94	60	80	59
Gm16141	114	110	80	79	78	66
Gm16142	1	1	0	0	0	0
Gm16143	9	3	3	3	2	5
Gm16144	1	1	4	1	1	1
Gm16146	5	5	2	4	4	1
Gm16150	3	6	4	1	4	4
Gm16151	5	2	1	2	6	5
Gm16152	6	8	8	4	7	4
Gm16155	5	3	3	3	1	2
Gm16156	29	40	30	28	31	32
Gm16157	0	0	2	0	0	0
Gm16158	0	0	0	0	0	0
Gm16159	36	33	19	5	21	18
Gm16160	1	0	0	0	0	0
Gm16161	15	27	16	23	21	10
Gm16168	75	64	50	35	45	53
Gm16172	682	627	511	518	566	613
Gm16174	11	7	5	0	0	3
Gm16175	10	5	2	3	2	1
Gm16178	9	10	7	3	6	7
Gm16180	3	6	6	3	4	3
Gm16181	96	80	74	63	65	87
Gm16183	49	47	37	52	50	55
Gm16185	642	579	466	479	602	584
Gm16186-001	0	0	0	0	0	0
Gm16189	3	3	6	3	2	2
Gm16191	1	0	1	3	3	2
Gm16192	149	126	127	155	147	170
Gm16193	23	15	18	12	18	17
Gm16206	123	96	92	88	98	100
Gm16208	4	4	1	1	4	3
Gm16212	7	10	4	186	221	233
Gm16213	9	11	9	4	5	12
Gm16214	195	149	137	135	124	139
Gm16217	3	10	7	5	5	3
Gm16220	0	0	0	0	0	0
Gm16222	1	5	1	1	2	0
Gm16223	1	2	3	3	4	11
Gm16224	0	0	0	0	0	0
Gm16226	45	49	40	18	33	33
Gm16227	24	24	29	13	17	10
Gm16229	253	280	190	91	122	127
Gm16230	12	15	10	16	16	17
Gm16231	2	2	1	5	1	5
Gm16233	3	3	4	0	0	1
Gm16234	310	350	273	243	268	326
Gm16235	63	57	45	33	58	57
Gm16237	1	0	0	0	0	0
Gm16239	60	60	61	34	55	46
Gm16240	93	72	75	52	62	66
Gm16242-001	0	0	0	0	0	0
Gm16243	32	40	25	22	19	34
Gm16246	1	2	2	0	1	0
Gm16249	0	0	0	0	0	0
Gm16251	9	11	6	22	27	21
Gm16252	22	20	17	14	22	13
Gm16253	148	150	116	121	130	126
Gm16262	827	876	795	188	264	204
Gm16263	5	7	3	2	3	0
Gm16268	15	22	16	68	241	137
Gm16271	4	6	0	4	20	12
Gm16272	308	310	250	170	210	225
Gm16275	30	31	21	9	23	15
Gm16277	203	219	185	141	118	161
Gm16279	460	416	312	335	374	349
Gm16280	0	2	1	7	22	23
Gm16282	0	0	0	2	0	0
Gm16286	2171	2098	1537	1555	1690	1930
Gm16287	3	4	2	1	2	0
Gm16290-001	0	0	0	0	0	0
Gm16291	1	0	0	0	0	0
Gm16299	183	179	107	48	78	54
Gm16306	34	22	25	26	22	33
Gm16308	3	1	3	1	0	3
Gm16310	15	16	12	2	22	7
Gm16311	0	0	0	0	0	0
Gm16312	63	53	57	54	64	53
Gm16314	107	134	88	77	87	95
Gm16315	48	46	32	29	56	38
Gm16316	60	56	62	34	52	40
Gm16321	0	0	1	0	1	0
Gm16322	102	101	75	18	19	30
Gm16323	25	42	26	33	33	45
Gm16325	0	0	4	0	0	2
Gm16329-001	0	0	0	0	0	0
Gm16332-001	20	23	18	22	47	22
Gm16333	57	74	53	48	65	66
Gm16336	7	1	3	7	2	0
Gm16339	53	44	27	35	31	37
Gm16340-001	3	9	2	6	2	3
Gm16341	11	4	2	1	6	3
Gm16342-001	5	0	6	2	2	3
Gm16343	3	2	4	3	5	5
Gm16344	1	5	2	1	3	2
Gm16346	101	115	64	108	135	134
Gm16347	1	0	2	0	3	0
Gm16350	33	36	18	31	17	23
Gm16351	7	3	7	6	5	1
Gm16354-001	2	0	1	0	0	2
Gm16356-001	5	12	7	5	4	5
Gm16357-001	24	22	19	33	19	25
Gm16358-001	6	12	8	5	3	5
Gm16359-001	9	14	10	9	6	10
Gm16362-001	6	12	8	5	4	5
Gm16363-001	18	24	28	11	14	14
Gm16364	34	33	38	26	24	20
Gm16365	44	46	28	28	10	25
Gm16367	0	0	0	0	0	0
Gm16372	3	5	3	2	3	1
Gm16380	1	1	0	0	0	0
Gm16381	1	1	1	0	0	1
Gm16387-001	0	0	0	0	0	0
Gm16400-001	0	0	0	0	0	0
Gm16401	1191	1210	975	665	682	746
Gm16404-001	0	0	0	0	0	0
Gm16405	0	0	0	0	0	0
Gm16427	0	0	0	0	0	0
Gm16428-001	0	0	0	0	0	0
Gm16429	0	0	0	0	0	0
Gm16430	0	0	0	0	0	0
Gm16431-001	0	0	0	0	0	0
Gm16432	254	230	175	66	88	123
Gm16434	1	0	0	0	1	0
Gm16440	11	9	9	3	3	6
Gm16442	0	0	0	0	0	0
Gm16443-001	0	0	0	0	0	0
Gm16445-001	0	0	0	0	0	0
Gm16451	0	0	0	0	0	0
Gm16456-001	0	0	0	0	0	0
Gm16458-001	0	0	0	0	0	0
Gm16475	0	0	0	0	0	0
Gm16485	29	31	19	25	33	20
Gm16487-201	1	1	0	2	4	3
Gm16494	1	1	1	2	2	7
Gm16501	0	0	0	0	0	0
Gm16501-001	0	0	0	0	0	0
Gm16503	89	99	67	13	18	22
Gm16505	0	0	0	0	0	0
Gm16506	0	0	0	0	0	0
Gm16511-001	0	0	0	0	0	0
Gm16513	0	0	0	0	0	0
Gm16519	1	0	0	1	1	0
Gm16531-001	7	8	12	4	8	1
Gm16536	880	808	674	565	693	729
Gm16537	21	26	25	29	22	24
Gm16538	161	166	110	115	113	127
Gm16539-001	0	0	0	0	0	0
Gm16540	45	38	45	23	39	22
Gm16541	1261	1201	843	856	920	1116
Gm16545-001	0	0	0	0	0	0
Gm16549	64	103	76	58	74	75
Gm16552	43	48	47	36	50	34
Gm16553	0	1	0	0	1	0
Gm16554	1	0	1	0	1	0
Gm16555	0	0	0	1	0	0
Gm16559	12	19	13	7	0	1
Gm16560-001	0	0	0	0	0	1
Gm16561-001	0	0	0	0	0	0
Gm16564	28	34	19	24	29	25
Gm16566-001	0	0	0	0	0	1
Gm16567	13	8	10	7	3	1
Gm16569-001	0	0	0	0	0	0
Gm16571	0	0	0	0	0	0
Gm16572	42	24	28	25	33	33
Gm16573	116	133	69	79	108	99
Gm16577	92	93	63	57	92	93
Gm16578	10	12	11	4	7	8
Gm16579	1	0	6	0	1	1
Gm16584-001	0	0	0	0	0	0
Gm16587	0	0	0	1	0	3
Gm16599	52	42	31	25	55	45
Gm1661	11	12	5	2	13	3
Gm16638	318	291	249	165	246	201
Gm16675	34	34	38	14	24	20
Gm16685	0	0	0	0	0	0
Gm16686	1	0	1	0	1	1
Gm16725	7	4	3	2	2	4
Gm1673	118	129	81	88	115	95
Gm16740	402	406	276	322	346	338
Gm16751	26	19	12	9	8	11
Gm16764	0	0	0	0	0	0
Gm16793	226	211	166	141	156	171
Gm16794	476	465	381	321	378	445
Gm16796	23	20	17	19	20	15
Gm16833	1	1	0	0	1	0
Gm16838	18	31	17	19	15	15
Gm16867	329	328	251	64	63	60
Gm16876	6	6	10	10	7	10
Gm16894	27	36	28	22	23	23
Gm16897	126	133	92	114	123	114
Gm16958	656	530	434	320	378	436
Gm16982	2123	1951	1601	1400	1595	1669
Gm17017	88	81	49	128	179	167
Gm17018	2048	2014	1541	1468	1682	1826
Gm17019	4	3	0	0	0	0
Gm17021	178	167	128	90	116	115
Gm17023	131	109	71	74	112	90
Gm17024	85	104	79	64	85	70
Gm17025	24	30	22	11	21	22
Gm17026	0	0	0	0	0	0
Gm17027	0	0	0	0	0	0
Gm17029	1009	908	689	686	772	846
Gm17030-001	0	0	0	0	0	0
Gm17034	121	156	102	73	107	71
Gm17035	1225	1201	904	883	1032	1156
Gm17036	365	330	232	192	247	238
Gm17038-001	0	0	0	0	0	0
Gm17039	62	57	37	48	46	42
Gm17041	49	40	24	29	36	42
Gm17042-001	0	0	0	1	0	0
Gm17043-001	0	0	0	0	0	0
Gm17056	25	39	34	15	24	22
Gm17057	239	239	162	193	224	235
Gm17058	3	11	10	9	11	11
Gm17059	7	9	5	3	6	4
Gm17061-001	0	0	0	0	0	0
Gm17062-001	0	0	0	0	0	0
Gm17063-001	0	0	0	0	0	0
Gm17064-001	0	0	0	0	0	0
Gm17067	5	9	1	5	15	17
Gm17077	292	259	227	228	255	293
Gm17078	0	0	0	0	0	0
Gm17079	0	0	0	0	0	0
Gm17080	149	127	88	79	91	99
Gm17081-001	61	50	30	5	9	4
Gm17087	28	51	29	11	17	22
Gm17088	1	7	5	5	5	4
Gm17089	34	36	31	21	18	28
Gm17090	111	98	89	77	100	102
Gm17091-001	0	0	0	0	0	0
Gm17092	76	71	70	48	44	64
Gm17093	0	0	0	0	0	0
Gm17094	0	0	0	0	0	0
Gm17096	82	101	78	90	84	91
Gm17098	4	6	3	1	1	1
Gm17099	21	18	14	13	18	16
Gm17103	91	80	56	67	61	54
Gm17105	30	31	17	15	26	15
Gm17110	35	50	36	29	41	34
Gm17111	597	496	447	334	458	412
Gm17112	37	53	24	27	34	25
Gm17114	1355	1400	1001	953	1058	1027
Gm17115	51	44	34	39	43	51
Gm17116	3	6	6	6	4	3
Gm17118	1	3	0	0	1	0
Gm17120	15	28	20	7	19	7
Gm17122	611	549	421	306	372	382
Gm17124	0	0	0	0	0	0
Gm17130	101	122	88	92	90	82
Gm17131-001	3	3	4	1	6	7
Gm17132-001	0	0	1	1	4	1
Gm17133	7	12	7	6	5	5
Gm17134	461	458	348	349	366	371
Gm17135	21	21	27	14	20	18
Gm17139	555	536	331	319	409	414
Gm17140	0	0	0	0	0	0
Gm17141	36	46	29	21	42	32
Gm17142-001	0	0	0	0	0	0
Gm17146	9	5	17	9	12	10
Gm17151	19	12	13	10	26	10
Gm17153-001	0	0	0	0	0	0
Gm17154-001	0	0	0	0	0	0
Gm17155-001	0	0	0	0	0	0
Gm17159-001	0	0	0	0	0	0
Gm17160	0	1	3	3	2	3
Gm17161-001	0	0	0	0	0	0
Gm17162-001	0	0	0	0	0	0
Gm17163	0	6	4	1	6	4
Gm17164-001	0	0	0	0	0	0
Gm17165-001	0	0	0	0	0	0
Gm17166-001	0	0	0	0	0	0
Gm17168	92	104	61	79	78	93
Gm17171	0	6	5	4	10	3
Gm17172	0	0	0	0	0	0
Gm17173	1	0	0	0	0	0
Gm17174	0	0	0	0	0	0
Gm17175	0	0	0	0	0	0
Gm17177-001	0	0	0	0	0	0
Gm17178	198	206	158	153	151	169
Gm17180	223	223	194	177	150	193
Gm17182	0	0	1	0	0	0
Gm17183-001	0	0	0	0	0	0
Gm17184-001	0	0	0	0	0	0
Gm17186-001	0	0	0	0	0	0
Gm17187-001	0	0	0	0	0	0
Gm17189	0	0	0	3	4	2
Gm17190	4	0	1	0	0	0
Gm17193	34	23	17	27	31	22
Gm17196	1	0	2	0	0	2
Gm17197	1	0	0	0	2	4
Gm17198-001	0	0	0	0	0	0
Gm17201	106	108	97	71	83	87
Gm17202	52	36	29	46	39	55
Gm17204-001	0	0	0	0	0	0
Gm17206	102	85	78	97	104	106
Gm17207	719	648	577	384	456	450
Gm17210	26	37	24	22	33	22
Gm17217	0	0	0	0	0	0
Gm17218	13	8	11	8	10	5
Gm17224	31	14	24	15	13	10
Gm17225	1	1	0	0	1	1
Gm17226	6	9	4	4	6	5
Gm17227	14	16	18	10	10	17
Gm17231	597	674	500	334	403	417
Gm17232	1	1	1	4	3	0
Gm17234	2	0	0	0	1	1
Gm17244	27	23	14	29	25	34
Gm17258-201	225	217	149	131	182	162
Gm17267	0	0	0	0	0	0
Gm17268	0	0	0	0	0	0
Gm17304	3	3	2	3	6	1
Gm17305	239	233	165	188	231	187
Gm17324	44	33	28	24	41	26
Gm17330	10	3	6	1	1	0
Gm17332	0	0	0	0	0	0
Gm17333	0	0	0	0	0	0
Gm17334	27	36	27	15	22	28
Gm17344	1056	952	689	664	716	808
Gm17349	31	33	23	29	24	24
Gm17359	7	7	4	3	8	5
Gm17361	0	0	0	0	0	0
Gm17364	635	557	464	407	460	518
Gm17366-201	0	0	0	0	1	0
Gm17374	3	1	4	3	3	3
Gm17376-201	0	0	0	0	0	0
Gm17383-201	5304	4845	3827	3800	3836	4473
Gm17387	0	0	0	0	0	0
Gm17402	0	0	0	0	0	0
Gm17404	0	0	0	0	0	0
Gm17409	6	8	6	2	4	5
Gm17416	0	0	0	0	0	0
Gm17420-201	0	0	0	0	0	0
Gm17421-001	0	0	0	0	0	0
Gm17428	0	0	0	0	0	0
Gm17430	5	2	1	0	1	0
Gm17435	330	326	235	237	239	258
Gm17449	0	0	0	0	0	0
Gm17450-201	5	2	1	3	7	3
Gm17455	0	0	0	0	0	0
Gm17467	0	0	0	0	0	0
Gm17469	0	0	0	0	0	0
Gm17472	0	0	0	0	0	0
Gm17482	0	0	0	2	1	0
Gm17490	0	0	0	0	0	0
Gm17491	676	677	531	463	557	513
Gm17509	213	220	140	104	123	120
Gm17521	0	0	0	0	0	0
Gm17528-201	0	1	0	0	0	0
Gm17530	58	56	64	49	55	61
Gm17535	0	1	0	0	0	1
Gm17541	12	7	9	8	6	8
Gm17542	0	0	0	0	0	0
Gm17545	1	2	1	1	2	4
Gm17546	4	7	9	9	3	7
Gm17555	0	0	0	1	1	1
Gm17567	58	47	30	43	36	32
Gm17571	5	1	2	0	2	1
Gm17577	0	0	0	0	0	0
Gm1758	0	0	0	0	0	0
Gm17581	0	0	0	0	0	0
Gm17584	0	0	0	0	0	0
Gm17590	9	8	12	12	6	4
Gm17604	0	0	0	0	0	0
Gm17606	395	359	288	280	310	314
Gm17611	0	0	0	1	0	0
Gm17615	4	9	15	4	6	10
Gm17617	67	81	49	51	64	62
Gm17622	9	4	9	10	10	3
Gm17631	0	0	0	0	1	1
Gm17634	176	159	158	139	122	135
Gm17641	6	11	9	1	6	8
Gm17651	37	34	28	19	16	31
Gm17654	0	0	0	0	0	0
Gm17655	244	283	203	105	104	139
Gm17657	0	0	0	0	0	0
Gm17660	2	2	3	1	3	1
Gm17661-201	151	146	98	122	132	136
Gm17662	0	0	0	0	0	0
Gm17669	412	382	329	11	7	14
Gm17677	0	0	0	0	0	0
Gm17689	0	0	0	0	0	0
Gm17690	780	754	578	600	719	780
Gm17693	0	0	0	0	0	0
Gm17711-201	45	57	31	31	40	36
Gm17720	11	20	11	15	11	14
Gm17727	0	0	0	0	0	0
Gm17728	2	4	0	2	5	1
Gm17732	9	4	7	5	1	3
Gm17733	6	7	4	4	4	5
Gm17780-001	0	0	0	0	0	0
Gm17782-001	0	0	0	4	30	9
Gm17867-001	0	0	1	0	0	0
Gm17868-001	5	4	1	6	4	5
Gm17919-001	0	0	0	0	0	0
Gm18025	18	14	12	14	15	22
Gm18118-001	0	0	0	0	0	0
Gm18150-001	11	22	11	10	20	12
Gm1818	396	429	285	254	277	303
Gm18182-001	0	1	0	0	0	0
Gm18190	107	105	79	73	93	114
Gm18191-001	14	4	3	3	3	8
Gm18199-001	14	8	4	4	4	8
Gm18200-001	21	8	4	6	5	8
Gm18201-001	0	0	0	0	0	0
Gm18213-001	0	0	0	0	0	0
Gm18254-001	0	1	0	2	0	1
Gm18268-001	0	0	0	0	0	0
Gm18294-001	4	4	1	4	1	3
Gm18301-001	16	17	16	11	6	7
Gm18310	1305	1263	985	806	850	984
Gm18336	2	1	0	5	2	3
Gm18342-001	1	3	1	10	19	17
Gm18348-001	0	0	0	0	0	0
Gm18349-001	0	0	0	0	0	0
Gm18350-001	0	0	0	0	0	0
Gm18351-001	0	1	0	0	0	0
Gm18352-001	0	0	0	0	1	0
Gm18353-001	0	0	0	0	0	0
Gm18354-001	0	0	0	0	0	0
Gm18356-001	0	3	2	4	4	8
Gm18357-001	1	0	0	0	0	0
Gm18358-001	0	0	0	0	0	0
Gm18359-001	0	0	0	0	0	0
Gm18360-001	0	0	0	0	0	0
Gm18396-001	0	0	0	0	0	0
Gm18397-001	0	0	0	0	0	0
Gm18415-001	0	0	0	0	0	0
Gm18416-001	0	0	0	0	0	0
Gm18417-001	0	1	0	3	0	0
Gm18433-001	0	0	0	0	0	0
Gm18445-001	0	0	0	0	0	1
Gm18665-001	5	7	4	6	9	4
Gm18666-001	90	93	79	108	111	140
Gm18689-001	0	0	0	0	0	0
Gm18690-001	0	0	0	0	0	0
Gm18691-001	0	0	0	0	0	0
Gm18728-001	0	0	2	0	0	2
Gm18733	0	0	0	7	6	8
Gm18734-001	1	2	4	17	27	22
Gm18752	0	0	0	0	0	0
Gm18775	2	2	1	1	0	3
Gm18796-001	0	0	0	0	0	0
Gm18797-001	0	0	0	0	0	0
Gm18798-001	0	0	0	0	0	0
Gm18800	43	46	25	31	35	41
Gm18808-001	0	0	0	0	0	0
Gm18840-001	0	0	0	0	0	0
Gm18849-001	2	0	0	0	0	0
Gm18853-001	9	12	10	3	8	6
Gm18856	9	7	10	6	13	4
Gm18862-001	0	0	0	0	0	0
Gm18953-001	1	3	2	1	3	3
Gm18958-001	0	1	1	0	0	0
Gm18985-001	0	0	0	0	7	0
Gm19089-001	0	0	0	0	0	0
Gm19126-001	0	0	0	0	0	0
Gm19131	0	0	0	0	0	0
Gm19210-001	0	2	0	0	0	0
Gm19211-001	0	2	0	0	0	0
Gm19261	0	0	0	0	0	0
Gm19265	130	153	95	96	121	121
Gm19335	0	0	2	0	0	0
Gm19345	19	22	8	21	17	15
Gm19402	0	0	0	0	0	0
Gm19409	547	608	518	437	474	422
Gm19410	224	170	164	98	135	121
Gm19412	778	715	585	548	540	613
Gm19418-001	0	0	0	0	0	0
Gm19426	38	37	22	27	34	27
Gm19434	0	3	3	0	0	1
Gm19445	328	375	349	203	301	276
Gm19459-001	0	0	0	0	0	0
Gm19461	96	94	90	64	96	87
Gm19514	5	5	2	6	6	3
Gm19552	16	17	11	16	14	15
Gm19553	2	2	2	0	0	0
Gm19557	116	134	111	81	96	117
Gm19582	54	51	49	36	55	33
Gm19596-001	0	0	0	0	0	0
Gm19617-001	1	2	1	1	1	1
Gm19649	0	0	0	0	0	0
Gm1966-001	7	12	5	0	1	0
Gm19666	8	8	11	5	9	6
Gm19667	4916	4730	3820	99	136	120
Gm19668	0	0	0	0	0	0
Gm1968	0	0	0	0	0	0
Gm19684	1	2	1	0	0	0
Gm19692	0	0	0	0	0	0
Gm19719	122	147	96	62	83	86
Gm1972-001	9	8	14	9	10	1
Gm19721	46	58	29	43	55	46
Gm1979	5	3	1	5	2	2
Gm19791-001	1	3	0	1	0	1
Gm1980-001	194	211	184	136	147	125
Gm19817	4	9	9	2	4	5
Gm1982-001	0	0	0	0	0	0
Gm19863	3	2	0	0	1	0
Gm1988-001	0	0	0	0	0	0
Gm1989-001	0	0	0	0	0	0
Gm19918	435	395	296	314	312	412
Gm1992	6	7	5	4	2	6
Gm1993	0	0	0	0	0	0
Gm19938	49	45	46	24	37	34
Gm19950	1	0	0	0	0	0
Gm19965	0	0	0	0	0	0
Gm19967	62	46	33	27	34	27
Gm2000	1772	1691	1249	1266	1309	1432
Gm2003-001	0	0	0	0	0	0
Gm2004	669	796	609	404	569	562
Gm2005-001	0	0	0	0	0	0
Gm20069	7	4	5	3	3	0
Gm2007	2502	2355	1834	1556	1828	1865
Gm20089	4	19	9	7	6	15
Gm2011	282	239	222	172	259	222
Gm2012	0	0	0	0	0	0
Gm2016	5	12	3	2	1	1
Gm20172	11	15	8	9	15	4
Gm2020-001	6	9	6	3	8	2
Gm20236	81	112	58	15	19	21
Gm20257	14	8	5	2	4	8
Gm2026	4989	4710	3594	3065	3682	3665
Gm20274	31	28	24	21	27	20
Gm20287-001	1	0	0	0	0	1
Gm2030	0	0	0	0	0	0
Gm20324	43	45	24	19	16	20
Gm20345-001	0	0	0	0	0	0
Gm2035	0	0	1	0	0	0
Gm20371	15	25	15	9	17	19
Gm20379	26	35	20	18	18	20
Gm20387	56	44	36	23	28	22
Gm20388	1838	1840	1374	1283	1358	1571
Gm20389	3	8	4	1	7	5
Gm20390	3849	3745	2776	2634	2791	3166
Gm20391-001	0	0	0	0	0	0
Gm20392-001	0	0	0	0	0	0
Gm20395	0	1	0	0	0	0
Gm20400	0	0	0	0	0	1
Gm20401-001	0	0	0	0	0	0
Gm20402	16	17	21	7	16	12
Gm20403	2	3	1	1	0	1
Gm20404	47	76	45	34	48	37
Gm20406	98	119	82	78	85	91
Gm20415-001	0	0	0	0	0	0
Gm2042	0	0	1	0	0	0
Gm20422	918	964	742	620	713	752
Gm20425	4300	5311	4000	2547	4515	2880
Gm20431	3723	3690	2715	2334	2522	2615
Gm20438-001	1	1	3	0	2	2
Gm20441	426	435	307	262	335	361
Gm20447-001	1	0	0	0	0	0
Gm20450-001	0	0	0	0	0	0
Gm20451-001	0	0	0	0	0	0
Gm20452-001	0	0	0	0	0	0
Gm20453-001	0	0	0	0	0	0
Gm20454-001	0	0	0	0	0	0
Gm20457	118	114	110	64	73	83
Gm2046	0	0	0	0	0	0
Gm20463	342	397	214	222	247	303
Gm20471	0	1	0	0	0	0
Gm20472-001	0	0	0	5	13	15
Gm20473-001	0	0	0	0	0	0
Gm20474-001	6	0	3	114	148	165
Gm20475	24	13	14	16	16	11
Gm20476	18	28	19	21	20	20
Gm20478	0	0	0	0	2	0
Gm20481	1083	995	809	539	564	650
Gm20482	55	56	35	90	120	135
Gm20483	116	105	101	86	114	102
Gm20485	1	0	2	0	0	0
Gm20486-001	0	0	0	5	3	2
Gm20489	11	17	8	14	17	9
Gm20495-001	0	0	0	0	0	0
Gm20496	71	57	50	27	33	48
Gm20498	1569	1581	1067	998	1156	1327
Gm20499	1111	1019	742	700	722	802
Gm20500	0	0	0	0	0	1
Gm20501	93	64	80	53	81	59
Gm20503	437	411	262	289	295	388
Gm20509	639	527	392	404	411	463
Gm20511	14	26	16	14	12	11
Gm20512	91	82	62	60	81	73
Gm20521	4531	4384	3066	3108	3631	3800
Gm20522	220	212	162	168	173	184
Gm20523-001	1	0	0	0	1	0
Gm20525-001	0	0	0	0	0	0
Gm20526-001	0	0	0	0	0	0
Gm20530-001	0	0	0	0	0	0
Gm20531	19	18	15	16	16	16
Gm20534-001	0	0	0	0	0	0
Gm20538	1518	1354	1035	1027	1092	1245
Gm20541-001	9	10	2	5	5	9
Gm20547	330	327	229	241	243	249
Gm20548	400	382	303	239	304	245
Gm20549-001	0	0	0	0	0	0
Gm20553-001	0	0	0	0	0	1
Gm2056	1	1	2	0	0	0
Gm20574-001	0	0	1	0	0	0
Gm20594	46	40	30	40	26	26
Gm20604	2043	1889	1469	1393	1539	1756
Gm20614-001	1	0	0	0	0	1
Gm20615-001	0	0	0	0	0	0
Gm20621	8	3	1	3	5	7
Gm20628	1931	1752	1341	1199	1468	1644
Gm20629	1	0	0	0	0	0
Gm20631	8	15	14	5	9	7
Gm20632	5344	5485	4467	2809	3629	4458
Gm20633	5301	5421	4407	2804	3611	4452
Gm20635	40	37	22	21	28	26
Gm20636	62	60	54	34	43	45
Gm20641	2	4	2	1	0	0
Gm20642	18	22	22	13	27	15
Gm20643	0	2	0	0	0	0
Gm20644	3	3	1	3	5	5
Gm20646	4	4	2	1	3	3
Gm20647	0	0	0	0	0	0
Gm2065	262	250	205	119	148	139
Gm20652	37	27	24	24	18	18
Gm20655	13	9	7	10	14	13
Gm20656-001	24	34	26	28	19	19
Gm20657-001	7	10	5	8	8	5
Gm20659	1005	918	657	558	589	684
Gm2066-001	0	0	0	0	0	0
Gm20663	17	11	7	9	4	4
Gm20667	10	9	6	2	8	4
Gm20671	463	505	354	335	351	405
Gm20677-001	0	4	1	0	0	0
Gm20679-001	0	3	0	1	0	0
Gm20680	175	160	133	112	119	134
Gm20684	12	6	8	4	5	4
Gm20686	4	4	4	9	5	8
Gm20687	363	389	285	310	379	352
Gm20692	42	21	19	23	33	18
Gm20695	1132	1124	897	844	914	998
Gm20698	0	0	0	0	0	0
Gm20700	17	18	17	3	19	10
Gm20703	0	1	0	1	1	0
Gm20705	20	19	17	12	10	18
Gm20708	91	103	58	61	67	69
Gm20711	1	1	2	1	1	2
Gm20712	72	79	47	47	48	55
Gm20721	16870	15990	11414	10561	11316	12897
Gm20726	43	36	32	42	66	55
Gm20730	0	0	0	0	0	0
Gm20731	511	485	413	351	420	421
Gm20736	0	0	0	0	0	0
Gm20737	0	0	0	0	0	0
Gm20738	0	0	0	0	0	0
Gm20747	0	0	0	0	0	0
Gm2075	1	4	0	0	1	0
Gm20765	0	0	0	0	0	0
Gm20767	0	0	0	0	0	0
Gm20770-001	0	0	0	0	0	0
Gm20772	0	0	0	0	0	0
Gm20773	0	0	0	0	0	0
Gm20775-001	626	583	471	417	493	559
Gm20776-001	0	0	0	0	0	0
Gm20777	0	0	0	0	0	0
Gm20781-001	0	0	0	0	0	0
Gm20788-001	0	0	0	0	0	0
Gm20791-001	0	0	0	0	0	0
Gm20792	0	0	0	0	0	0
Gm20793-001	0	0	0	0	0	0
Gm20794-002	0	0	0	0	0	0
Gm20795	0	0	0	0	0	0
Gm20797-001	8	7	8	2	4	6
Gm20798-001	0	0	0	0	0	0
Gm20799-001	0	0	0	0	0	0
Gm20800-001	0	0	0	0	0	0
Gm20801-001	0	0	0	0	0	0
Gm20802-001	0	0	0	0	0	0
Gm20803	0	0	0	0	0	0
Gm20804-001	0	0	0	0	0	0
Gm20805-001	0	0	0	0	0	0
Gm20806	0	0	0	0	0	0
Gm20807	0	0	0	0	0	0
Gm20808-001	0	0	0	0	0	0
Gm20809	0	0	0	0	0	0
Gm20810-001	0	0	0	0	0	0
Gm20811-001	0	0	0	0	0	0
Gm20812	0	0	0	0	0	0
Gm20813-001	0	0	0	0	0	0
Gm20814	0	0	0	0	0	0
Gm20815	0	0	0	0	0	0
Gm20816	0	0	0	0	0	0
Gm20817	0	0	0	0	0	0
Gm20818-001	0	0	0	0	0	0
Gm20819-001	0	0	0	0	0	0
Gm20820	0	0	0	0	0	0
Gm20821	0	0	0	0	0	0
Gm20822	0	0	0	0	0	0
Gm20823	0	0	0	0	0	0
Gm20824	0	0	0	0	0	0
Gm20825	0	0	0	0	0	0
Gm20826	5	15	2	6	2	19
Gm20827-001	0	0	0	0	0	0
Gm20828	0	0	0	0	0	0
Gm20830	0	0	0	0	0	0
Gm20831	0	0	0	0	0	0
Gm20832-001	0	0	0	0	0	0
Gm20833-001	0	0	0	0	0	0
Gm20834	0	0	0	0	0	0
Gm20835	0	0	0	0	0	0
Gm20836-001	0	0	0	0	0	0
Gm20837	0	0	0	0	0	0
Gm20838	0	0	0	0	0	0
Gm20840-001	0	0	0	0	0	0
Gm20841-001	0	0	0	0	0	0
Gm20842-001	0	0	0	0	0	0
Gm20843	0	0	0	0	0	0
Gm20844-001	0	0	0	0	0	0
Gm20846-001	0	0	0	0	0	0
Gm20847-001	0	0	0	0	0	0
Gm20848-001	0	0	0	0	0	0
Gm20849-001	0	0	0	0	0	0
Gm20850	0	0	0	0	0	0
Gm20851-001	0	0	0	0	0	0
Gm20852	0	0	0	0	0	0
Gm20853-001	0	0	0	0	0	0
Gm20854	0	0	0	0	0	0
Gm20855	0	0	0	0	0	0
Gm20856-001	0	0	0	0	0	0
Gm20857-001	0	0	0	0	0	0
Gm20858-001	0	0	0	0	0	0
Gm20859-001	0	0	0	0	0	0
Gm20860-001	0	0	0	0	0	0
Gm20861-001	0	0	0	0	0	0
Gm20862-001	0	0	0	0	0	0
Gm20863-001	0	0	0	0	0	0
Gm20864-001	0	0	0	0	0	0
Gm20865	0	0	0	0	0	0
Gm20866-001	0	0	0	0	0	0
Gm20867	0	0	0	0	0	0
Gm20868-001	0	0	0	0	0	0
Gm20869	0	0	0	0	0	0
Gm2087	23	11	10	6	14	13
Gm20870	0	0	0	0	0	0
Gm20871-002	0	0	0	0	0	0
Gm20873	0	0	0	0	0	0
Gm20874-001	0	0	0	0	0	0
Gm20877	0	0	0	0	0	0
Gm20878	162	158	103	58	94	88
Gm20879-001	0	0	0	0	0	0
Gm20880-001	0	0	0	0	0	0
Gm20881-001	0	0	0	0	0	0
Gm20882-001	0	0	0	0	0	0
Gm20883	0	0	0	0	0	0
Gm20884-001	0	0	0	0	0	0
Gm20885-001	0	0	0	0	0	0
Gm20886-001	0	0	0	0	0	0
Gm20887-001	0	0	0	0	0	0
Gm20888	0	0	0	0	0	0
Gm20889-001	0	0	0	0	0	0
Gm20890	0	0	0	0	0	0
Gm20891-001	0	0	0	0	0	0
Gm20892-001	0	0	0	0	0	0
Gm20893-001	0	0	0	0	0	0
Gm20894	0	0	0	0	0	0
Gm20895-001	0	0	0	0	0	0
Gm20896	0	0	0	0	0	0
Gm20897	0	0	0	0	0	0
Gm20898-001	0	0	0	0	0	0
Gm20901-001	0	0	0	0	0	0
Gm20902-001	0	0	0	0	0	0
Gm20903	0	0	0	0	0	0
Gm20904-001	0	0	0	0	0	0
Gm20905	0	0	0	0	0	0
Gm20906	0	0	0	0	0	0
Gm20907-001	0	0	0	0	0	0
Gm20908	0	0	0	0	0	0
Gm20909	0	0	0	0	0	0
Gm20910-001	0	0	0	0	0	0
Gm20911	0	0	0	0	0	0
Gm20912-001	0	0	0	0	0	0
Gm20913-001	0	0	0	0	0	0
Gm20914	0	0	0	0	0	0
Gm20915-001	0	0	0	0	0	0
Gm20916	0	0	0	0	0	0
Gm20917	0	0	0	0	0	0
Gm20918	0	0	0	0	0	0
Gm20919-001	0	0	0	0	0	0
Gm2092-001	0	0	0	0	0	0
Gm20920	0	0	0	0	0	0
Gm20921-001	0	0	0	0	0	0
Gm20922-001	0	0	0	0	0	0
Gm20923-001	0	0	0	0	0	0
Gm20924	0	0	0	0	0	0
Gm20925-001	0	0	0	0	0	0
Gm20926-001	0	0	0	0	0	0
Gm20927-001	0	0	0	0	0	0
Gm20928-001	0	0	0	0	0	0
Gm20929	0	0	0	0	0	0
Gm20930-001	0	0	0	0	0	0
Gm20931	0	0	0	0	0	0
Gm20932-001	0	0	0	0	0	0
Gm20933-001	0	0	0	0	0	0
Gm20934-001	0	0	0	0	0	0
Gm20935-001	0	0	0	0	0	0
Gm20936-001	0	0	0	0	0	0
Gm20937	0	0	0	0	0	0
Gm20939	82	85	57	44	58	68
Gm20946-001	112	129	84	49	85	76
Gm2098-001	0	2	0	1	0	0
Gm21028	1	6	2	1	2	1
Gm21049-001	0	0	0	0	0	0
Gm21057	18	13	11	5	10	12
Gm21060	3	0	3	1	0	0
Gm21064	0	0	0	0	0	0
Gm21065-001	0	0	0	0	0	0
Gm21076-001	0	0	0	0	0	0
Gm2108-001	1	0	0	0	0	0
Gm21083	2	4	0	1	0	1
Gm21088-001	0	0	0	0	0	0
Gm21092-001	2067	2125	1570	2490	2759	3318
Gm21093	113	89	90	1	3	9
Gm21094	0	0	0	0	0	0
Gm21095	0	0	0	0	0	0
Gm21103	5	2	1	4	1	2
Gm21111-001	0	0	0	0	0	0
Gm21114-001	0	0	0	0	0	0
Gm21115-001	0	0	0	0	0	0
Gm21117	0	0	0	0	0	0
Gm21118	0	0	0	0	0	0
Gm21119	430	522	367	249	428	373
Gm21127-001	0	0	0	0	0	0
Gm21129-001	0	0	0	0	0	0
Gm21136-001	1	0	1	0	0	0
Gm21142-001	0	0	0	0	0	0
Gm21149	1	2	0	2	0	0
Gm2115	309	356	224	882	866	1024
Gm21151-001	0	0	0	0	0	0
Gm21155-001	0	0	0	0	0	0
Gm21160-001	0	0	0	0	0	0
Gm21163-001	0	0	0	0	0	0
Gm21170	0	0	0	0	0	0
Gm21171-001	0	0	0	0	0	0
Gm21173	0	0	0	0	0	0
Gm21180-001	0	0	0	0	0	0
Gm21184-001	0	0	0	0	0	0
Gm21188	0	0	0	0	0	0
Gm21190	4	0	0	1	0	0
Gm21191-001	0	0	0	0	0	0
Gm21198-001	0	0	0	0	0	0
Gm21201-001	0	0	0	0	0	0
Gm21209	0	0	0	0	0	0
Gm21241-001	0	0	0	0	0	0
Gm21242-001	0	0	0	0	0	0
Gm21244	2	6	1	2	1	9
Gm21245-001	0	0	0	0	0	0
Gm21247-001	0	0	0	0	0	0
Gm21249-001	0	0	0	0	0	0
Gm21256	0	0	0	0	0	0
Gm21257-001	0	0	0	0	0	0
Gm21258	0	0	0	0	0	0
Gm21268-001	0	0	0	0	0	0
Gm21271-001	0	0	0	0	0	0
Gm21275-001	0	0	0	0	0	0
Gm21276-001	0	0	0	0	0	0
Gm2128-001	0	0	0	0	0	0
Gm21281-001	0	0	0	0	0	0
Gm21282-001	0	0	0	0	0	0
Gm21284	21	15	13	16	11	7
Gm21285-001	0	0	0	0	0	0
Gm21286-001	0	0	0	0	0	0
Gm21287-001	0	0	0	0	0	0
Gm21292	0	0	0	0	0	0
Gm21293	0	0	0	0	0	0
Gm21294	0	0	0	0	0	0
Gm21301-001	0	0	0	0	0	0
Gm21302-001	0	0	0	0	0	0
Gm21304	0	0	0	0	0	0
Gm21308-001	0	0	0	0	0	0
Gm21310	0	0	0	0	0	0
Gm21312	0	0	0	0	0	0
Gm21316-001	0	0	0	0	0	0
Gm21317	0	0	0	0	0	0
Gm21319	0	3	2	1	0	0
Gm21330-001	0	0	0	0	0	0
Gm21333-001	0	0	0	0	0	0
Gm21340-001	0	0	0	0	0	0
Gm21344-001	0	0	0	0	0	0
Gm21350-001	0	0	0	0	0	0
Gm2136	31	35	23	21	21	27
Gm21364	0	0	0	0	0	0
Gm21366	0	0	0	0	0	0
Gm21370	0	0	0	0	0	0
Gm21379	0	0	0	0	0	0
Gm21380-001	0	0	0	0	0	0
Gm21387-001	0	0	0	0	0	0
Gm21394	0	0	0	0	0	0
Gm21396-001	0	0	0	0	0	0
Gm21405-002	0	0	0	0	0	0
Gm21409	0	0	0	0	0	0
Gm21411	3	0	0	0	2	3
Gm21412-001	0	0	0	0	0	0
Gm21425	0	0	0	0	0	0
Gm21427-001	0	0	0	0	0	0
Gm21435-001	0	0	0	0	0	0
Gm21440	0	0	0	0	0	0
Gm21443-001	0	0	0	0	0	0
Gm21447	0	0	0	0	0	0
Gm21451	377	363	321	131	142	143
Gm21454	0	0	0	0	0	0
Gm21461-001	0	0	0	0	0	0
Gm21462-001	0	0	0	0	0	0
Gm21469-001	0	0	0	0	0	0
Gm21470-001	0	0	0	0	0	0
Gm21476-001	0	0	0	0	0	0
Gm21477	0	0	0	0	0	0
Gm21488	0	0	0	0	0	0
Gm21489-001	0	0	0	0	0	0
Gm21497	0	0	0	0	0	0
Gm21506-001	0	0	0	0	0	0
Gm21518	0	0	0	0	0	0
Gm21524-001	0	0	0	0	0	0
Gm21530-001	0	0	0	0	0	0
Gm21541	94	69	62	0	0	2
Gm2155	26	14	9	15	20	13
Gm21560	0	2	0	0	0	0
Gm21573-001	0	0	0	0	0	0
Gm21577-001	0	0	0	0	0	0
Gm21586	90	82	46	30	56	60
Gm21608	0	0	0	0	0	0
Gm21616	0	0	0	0	0	0
Gm21617	0	0	0	0	0	0
Gm21627	0	0	0	0	0	0
Gm2163	15	17	10	1	2	1
Gm21634-001	0	0	0	0	0	0
Gm21637	0	0	0	0	0	0
Gm21638-001	0	0	0	0	0	0
Gm21642-001	0	0	0	0	0	0
Gm21645	0	0	0	0	0	0
Gm21647-001	0	0	0	0	0	0
Gm21650	0	0	0	0	0	0
Gm21654-001	0	0	0	0	0	0
Gm21657	0	0	0	0	0	0
Gm21658-001	0	0	0	0	0	0
Gm21660-001	0	0	0	0	0	0
Gm21661-001	0	0	0	0	0	0
Gm21663	5	5	1	10	6	3
Gm21671	3	3	3	4	4	4
Gm21672-001	0	0	0	0	0	0
Gm21677	0	1	0	0	0	0
Gm21678-001	0	0	0	0	0	0
Gm21679	0	0	0	0	0	0
Gm21680	5	5	2	2	2	3
Gm21681	0	0	0	0	0	0
Gm21683-001	0	0	0	0	0	0
Gm21685	6056	5584	4205	1948	2130	2337
Gm21693	0	1	0	0	0	0
Gm21698	6	7	0	13	10	3
Gm21699	0	0	0	0	0	0
Gm21704	0	1	0	0	0	0
Gm21708	0	1	0	0	0	0
Gm21715-001	0	0	0	0	0	0
Gm21717-001	0	0	0	0	0	0
Gm21719	0	0	0	0	0	0
Gm21720-001	0	0	0	0	0	0
Gm21721	0	0	0	0	0	0
Gm21722-001	0	0	0	0	0	0
Gm21724-002	0	0	0	0	0	0
Gm21725	0	0	0	0	0	0
Gm21726	0	0	0	0	0	0
Gm21728-001	0	0	0	0	0	0
Gm21729-001	0	0	0	0	0	0
Gm21731	0	0	1	4	3	2
Gm21732	0	0	0	0	0	0
Gm21733-001	0	0	0	0	0	0
Gm21734-001	0	0	0	0	0	0
Gm21735-001	0	0	0	0	0	0
Gm21736-001	0	0	0	0	0	0
Gm21737-001	0	0	0	0	0	0
Gm21738	3	24	9	18	24	39
Gm21739	0	0	0	0	0	0
Gm2174	63	42	42	49	70	51
Gm21740-001	0	0	0	0	0	0
Gm21741-001	0	0	0	0	0	0
Gm21742-001	76	52	51	68	101	225
Gm21744-001	0	0	0	0	0	0
Gm21745-001	1	0	0	0	0	0
Gm21746	0	0	0	0	0	0
Gm21748	74	62	35	26	34	36
Gm21749-001	0	0	0	0	0	0
Gm21750	1	1	3	5	14	9
Gm21751-001	0	0	0	0	0	0
Gm21752-001	0	0	0	0	0	0
Gm21753-001	1	0	0	0	0	0
Gm21754-001	0	0	0	0	0	0
Gm21755-001	0	0	0	0	0	0
Gm21756-001	0	0	0	0	0	0
Gm21757-001	0	0	0	0	0	0
Gm21758-003	0	0	0	0	0	0
Gm21760	0	0	0	0	0	0
Gm21761	0	0	0	0	1	2
Gm21762	0	0	0	0	0	0
Gm21763-001	1	0	0	0	0	0
Gm21764	0	0	0	0	0	0
Gm21765-001	0	0	0	0	0	0
Gm21766-001	0	0	0	0	0	0
Gm21767	0	0	0	0	0	0
Gm21768-001	0	0	0	0	0	0
Gm21771-001	0	0	0	0	0	0
Gm21773	0	0	0	0	0	0
Gm21774-001	0	0	0	0	0	0
Gm21775	0	0	0	0	0	0
Gm21776	0	0	0	0	0	0
Gm21777-001	0	0	0	0	0	0
Gm21778	0	0	0	0	0	0
Gm21779-001	1	0	0	0	0	0
Gm2178	8	10	4	9	4	6
Gm21782-001	0	0	0	0	0	0
Gm21783	1	0	0	0	0	0
Gm21784-001	0	0	0	0	0	0
Gm21785-001	0	0	0	0	0	0
Gm21787-001	0	0	0	0	0	0
Gm21788	0	0	0	0	0	0
Gm21789	0	0	0	0	0	0
Gm21790-001	0	0	0	0	0	0
Gm21791-001	0	0	0	0	0	0
Gm21792-001	0	0	0	0	0	0
Gm21794-001	0	0	0	0	0	0
Gm21795-001	0	0	0	0	0	0
Gm21796-001	0	0	0	0	0	0
Gm21797	0	0	0	0	0	0
Gm21798	2	3	0	1	0	5
Gm21799-001	0	0	0	0	0	0
Gm21800	0	0	0	0	0	0
Gm21802-001	0	0	0	0	0	0
Gm21803-001	0	0	0	0	0	0
Gm21804-001	0	0	0	0	0	0
Gm21805-001	0	0	0	0	0	0
Gm21806-001	0	0	0	0	0	0
Gm21808-001	0	0	0	0	0	0
Gm21810-001	1	0	0	0	0	0
Gm21811-001	3037	3073	2322	3961	4465	5137
Gm21812	0	0	0	0	0	0
Gm21813-001	0	0	0	0	0	0
Gm21815-001	0	0	0	0	0	0
Gm21816	27	28	26	15	34	13
Gm21816-201	5	6	3	4	4	3
Gm21818	0	0	0	0	0	0
Gm21819-001	0	0	0	0	0	0
Gm21820	0	0	0	0	0	0
Gm21822	0	0	0	0	0	0
Gm21823-001	0	0	0	0	0	0
Gm21824-001	0	0	0	0	0	0
Gm21825-001	0	0	0	0	0	0
Gm21826-001	0	0	0	0	0	0
Gm21828	0	0	0	0	0	0
Gm21829-001	0	0	0	0	0	0
Gm21830	1	1	0	0	2	0
Gm21832-001	0	0	0	0	0	0
Gm21833	6	1	2	4	4	0
Gm21834	0	0	0	0	0	0
Gm21835-001	0	0	0	0	0	0
Gm21836	0	2	3	2	0	4
Gm21837-001	0	0	0	0	0	0
Gm21838-001	0	0	0	0	0	0
Gm21839-201	285	269	173	199	210	238
Gm21840-001	0	0	0	0	0	0
Gm21841-001	0	0	0	0	0	0
Gm21843-001	1	0	0	0	0	0
Gm21844	188	167	128	112	131	111
Gm21845-001	0	0	0	0	0	0
Gm21846	192	212	191	79	91	70
Gm21847	3	0	1	0	0	0
Gm21848-001	0	0	0	0	0	0
Gm21849-001	0	0	0	0	0	0
Gm21850-001	0	0	0	0	0	0
Gm21851-001	0	0	0	0	0	0
Gm21852	0	0	0	0	0	0
Gm21853-001	0	0	0	0	0	0
Gm21854	0	0	0	0	0	0
Gm21855-001	0	0	0	0	0	0
Gm21856-001	1	0	0	0	0	0
Gm21857-001	270	232	211	210	292	939
Gm21858	0	0	0	0	0	0
Gm21860	59	57	31	25	32	34
Gm21861	0	0	0	0	0	0
Gm21862-001	0	0	0	0	0	0
Gm21863	0	0	0	6	4	6
Gm21864-001	0	0	0	0	0	0
Gm21865	0	0	0	0	0	0
Gm21866	0	0	0	0	0	0
Gm21867-001	0	0	0	0	0	0
Gm21868	0	0	0	0	0	0
Gm21869-001	0	0	0	0	0	0
Gm21870	0	0	0	0	0	0
Gm21871-001	0	0	0	0	0	0
Gm21872-001	0	0	0	0	0	0
Gm21873-001	0	0	0	0	0	0
Gm21874	0	1	0	0	0	0
Gm21875-001	0	0	0	0	0	0
Gm21876	0	0	0	0	0	0
Gm21877-001	0	0	0	0	0	0
Gm21878-001	0	0	0	0	0	0
Gm21880-001	0	0	0	0	0	0
Gm21881-001	0	0	0	0	0	0
Gm21882	0	0	0	0	0	0
Gm21883	0	0	0	0	0	0
Gm21885-001	50	46	38	49	47	37
Gm21886	1	2	0	1	1	2
Gm21887	916	746	589	1300	1910	1558
Gm21889-001	0	0	0	0	0	0
Gm21890-001	0	0	0	0	0	0
Gm21891	0	0	0	0	0	0
Gm21892-001	0	0	0	0	0	0
Gm21894-001	0	0	0	0	0	0
Gm21895-001	0	0	0	0	0	0
Gm21896-001	0	0	0	0	0	0
Gm21897	6	5	8	6	7	11
Gm21898-001	0	0	0	0	0	0
Gm21899-001	0	0	0	0	0	0
Gm21900	0	0	0	0	0	0
Gm21901-001	0	0	0	0	0	0
Gm21902-001	0	0	0	0	0	0
Gm21903	0	0	0	0	0	0
Gm21904	0	0	0	0	0	0
Gm21905	0	0	0	0	0	0
Gm21906-001	0	0	0	0	0	0
Gm21907-001	0	0	0	0	0	0
Gm21908-001	0	0	0	0	0	0
Gm21909-001	0	0	0	0	0	0
Gm21910-001	0	0	0	0	0	0
Gm21912-001	0	0	0	0	0	0
Gm21913	0	0	0	0	0	0
Gm21915	0	0	0	0	0	0
Gm21917	6	7	3	1	3	2
Gm21918-001	0	0	0	0	0	0
Gm21919-001	0	0	0	0	0	0
Gm21920-001	0	0	0	0	0	0
Gm21921	0	0	0	0	0	0
Gm21922-001	0	0	0	0	0	0
Gm21923-001	0	0	0	0	0	0
Gm21924-001	0	0	0	0	0	0
Gm21936	3	2	1	1	1	0
Gm21943	0	0	0	0	0	0
Gm21949	1184	1157	830	724	749	881
Gm21950	0	0	0	0	0	0
Gm21951	0	0	0	0	0	0
Gm21953	106	106	58	32	61	61
Gm21954	7	12	7	4	10	10
Gm21955	479	490	347	3	6	8
Gm21956-001	5	4	3	0	2	5
Gm21958	212	205	107	149	171	148
Gm21961	0	0	0	0	0	0
Gm21962	3	5	3	4	5	3
Gm21964	0	0	0	0	0	0
Gm21965-001	7	1	0	2	0	1
Gm21967	812	688	726	282	305	338
Gm21970	154	163	93	88	96	104
Gm21975	79	78	58	51	69	65
Gm21976	9	7	10	8	8	9
Gm21977	0	0	0	0	0	0
Gm21978-001	0	0	0	0	0	0
Gm21987	1053	1122	676	755	803	858
Gm21991-001	0	0	0	0	0	0
Gm21992	3797	3444	2674	2328	2567	2838
Gm21994	95	111	66	74	77	93
Gm21996	0	0	0	0	0	0
Gm21999-001	0	0	0	0	0	0
Gm22009	13395	12476	9728	6914	7898	8847
Gm2237	39	41	36	30	48	46
Gm2238	132	174	172	125	169	163
Gm22387	3	3	2	3	2	3
Gm22416	2	0	0	0	0	1
Gm22433	0	0	0	0	0	0
Gm2244	17	15	16	10	8	8
Gm22442	1658	1625	1121	1283	1317	1623
Gm2245	156	149	88	329	352	451
Gm2260-001	39	32	30	19	18	23
Gm22714	27	13	30	14	27	22
Gm22728	19	13	7	19	17	15
Gm2274-001	16	15	11	10	9	11
Gm22767	51	27	25	13	22	27
Gm22811	0	0	0	0	0	0
Gm22813	13	5	3	3	3	5
Gm22817	0	0	0	0	0	0
Gm2288-001	0	0	0	0	0	0
Gm22897	1	2	0	3	0	1
Gm22902	0	0	0	0	0	0
Gm2310	4	0	0	1	2	0
Gm23119	1719	1672	1300	607	817	771
Gm2318-001	0	0	0	0	0	0
Gm23370	3	1	2	2	1	3
Gm23386	2	1	1	0	0	0
Gm23505	0	0	0	0	0	0
Gm23557	2	0	1	0	3	0
Gm2366	30	20	20	12	28	21
Gm23751	13	10	7	7	5	9
Gm2381	2	2	2	14	30	22
Gm2389-001	16	9	10	10	11	13
Gm23916	0	0	0	0	0	0
Gm23984	0	0	0	0	0	0
Gm2399	2	5	0	0	4	1
Gm2415	238	217	141	162	161	155
Gm2420	24	37	27	24	38	22
Gm2427-001	169	154	105	241	368	344
Gm24289	6	3	1	3	2	4
Gm2431	0	0	0	0	1	0
Gm24362	18	13	9	13	10	10
Gm24644	20	27	25	15	20	13
Gm24682	7	7	12	11	8	7
Gm24687	0	0	0	0	0	0
Gm24718	0	0	0	0	1	0
Gm2479	1	4	2	0	0	1
Gm24885	0	0	0	0	0	0
Gm24943	0	0	0	0	0	0
Gm25043	0	0	0	0	0	0
Gm25058	0	0	0	0	0	0
Gm25119	1	0	0	0	0	2
Gm2531-201	34	58	41	28	30	19
Gm2539	0	0	0	1	0	0
Gm25395	270	354	230	385	406	534
Gm25434	0	0	0	0	0	0
Gm25443	0	0	0	0	0	1
Gm25492	77	134	71	62	70	96
Gm25624	0	0	0	0	0	0
Gm2564	8	7	1	4	5	5
Gm25661	0	1	1	0	0	1
Gm25694	19	15	14	9	25	13
Gm25820	31	21	34	24	23	24
Gm25825	0	0	0	0	0	0
Gm25863	0	0	0	0	0	0
Gm25913	1	1	4	0	1	2
Gm26039	3	2	1	4	4	3
Gm26083	250	364	262	299	244	406
Gm26106	0	0	0	0	0	0
Gm2617-001	0	0	0	0	0	0
Gm26174	0	0	0	0	0	0
Gm26183	0	0	0	0	0	0
Gm2619	0	1	1	1	1	0
Gm26215	3	5	4	1	0	3
Gm26347	9	10	6	6	17	9
Gm26351	1	1	0	0	0	0
Gm26413	14	13	6	7	10	7
Gm26464	4	8	3	4	3	7
Gm26489	0	0	0	0	0	0
Gm26513	146	111	72	99	91	107
Gm26524	120	97	62	68	54	57
Gm26537	18	16	18	10	17	16
Gm26550	0	0	0	0	1	0
Gm26554	4	4	4	4	3	2
Gm26555	62	60	44	24	43	36
Gm26556	0	14	7	6	7	3
Gm26558	87	97	72	77	79	77
Gm26560	82	71	68	44	46	48
Gm26566	1029	928	791	684	680	823
Gm26568	0	0	1	0	0	0
Gm26571	12	16	14	6	10	6
Gm26574	7	7	4	5	4	7
Gm26575	41	38	22	31	43	23
Gm26577	79	50	38	39	54	47
Gm26586	76	82	61	41	65	67
Gm26588	209	204	150	159	153	179
Gm26596	596	603	493	422	519	541
Gm26597	0	2	5	2	1	1
Gm266	2	1	5	3	2	0
Gm26600	1	1	2	1	1	1
Gm26602	273	306	214	221	274	268
Gm26604	3	1	0	5	1	7
Gm26616	194	206	145	142	157	143
Gm26618	11	22	6	8	7	11
Gm26620	93	95	74	60	71	90
Gm26626	1	0	0	1	0	1
Gm26627	1	0	0	0	0	1
Gm26628	90	81	59	36	51	50
Gm2663	0	0	0	0	0	0
Gm26632	7	9	11	8	10	9
Gm26633	2	5	1	3	3	5
Gm26636	827	759	613	510	545	630
Gm26638	7	14	15	5	10	11
Gm26642	202	221	151	123	154	132
Gm26645	7	3	7	8	6	4
Gm26646	239	223	192	126	157	169
Gm26647	10	14	6	5	10	4
Gm26648	409	376	304	357	445	421
Gm26653	4	3	0	7	4	3
Gm26657	1	1	0	2	2	1
Gm26661	0	0	0	0	0	0
Gm26666	786	688	568	530	601	669
Gm26670	795	690	539	1248	1445	1438
Gm26673	736	693	527	488	502	567
Gm26674	17	14	4	8	11	6
Gm26676	1	2	4	0	0	1
Gm26688	58	45	39	37	46	48
Gm26691	191	218	169	134	174	172
Gm26693	260	195	162	153	202	177
Gm26696	2	8	2	6	7	6
Gm26701-001	0	0	0	0	0	0
Gm26703	34	22	36	25	23	32
Gm26708	16	12	10	4	3	9
Gm26709	95	97	78	69	84	87
Gm26712	408	436	321	307	316	359
Gm26714	11	13	9	14	7	11
Gm26716	938	985	709	736	827	884
Gm26725	0	0	2	0	0	0
Gm26726	1	1	2	1	1	1
Gm26727	0	0	0	0	1	0
Gm26736	35	37	26	20	33	26
Gm26738	56	56	44	48	58	53
Gm26740	2	3	0	1	1	3
Gm26741	52	66	44	43	40	65
Gm26748	0	2	0	0	0	2
Gm26756	12	14	16	18	19	37
Gm26759	1237	1193	715	803	848	954
Gm26769	0	0	0	0	0	0
Gm26770	118	100	65	97	97	105
Gm26771	16	13	6	19	20	16
Gm26781	354	322	248	256	257	293
Gm26787	252	230	148	143	176	165
Gm26793	5	4	0	29	35	29
Gm26801	218	215	165	138	154	157
Gm26805	15	12	12	10	12	15
Gm26807	32	49	29	26	25	31
Gm26810	65	42	47	22	15	17
Gm26811	223	216	178	187	192	193
Gm26814	76	96	84	49	86	53
Gm26826	127	108	83	68	70	67
Gm26827	134	121	90	94	103	99
Gm26832	0	0	0	1	0	0
Gm26833	64	72	40	42	55	42
Gm26843	640	666	502	413	527	557
Gm26850	520	492	351	328	430	423
Gm26852	1276	1266	1004	981	1069	1045
Gm26861	6	4	8	4	6	13
Gm26862	1	1	0	6	1	3
Gm26879	453	445	286	260	333	303
Gm26881	31	42	24	37	39	38
Gm26891	61	92	62	46	60	70
Gm26897	0	0	0	0	0	0
Gm26898-001	1	0	0	0	0	0
Gm26903	332	254	171	221	238	301
Gm26907	1	0	0	1	0	0
Gm26911	3	9	3	3	5	3
Gm26918	104	118	121	62	119	74
Gm2693-001	8	9	4	7	7	5
Gm26930	198	249	194	150	228	196
Gm26935	28	40	26	19	29	17
Gm26938	69	70	63	51	39	58
Gm26944	637	625	425	363	405	472
Gm26947	3	6	2	2	6	4
Gm26952	5	3	8	4	7	4
Gm26954	5026	4968	3672	2051	2393	2414
Gm2696-001	0	0	0	0	0	0
Gm26960-001	0	1	0	0	0	0
Gm26962	1	1	1	2	1	0
Gm26967	0	1	0	1	1	0
Gm26968	0	0	0	0	0	0
Gm26971	15	13	19	16	17	11
Gm26973	0	0	0	0	0	0
Gm26978	2	5	0	1	2	1
Gm26982	283	219	206	188	182	206
Gm26984	0	0	0	0	0	0
Gm26989-001	0	0	0	0	0	0
Gm26991-001	0	10	0	12	3	5
Gm26992	4	2	1	1	1	3
Gm26994	0	3	1	1	1	0
Gm26995	18	10	13	13	9	15
Gm26996-001	0	0	0	0	0	0
Gm27002	15	9	3	9	11	7
Gm27003	90	73	65	62	89	63
Gm27008	3	1	5	2	1	5
Gm27011	9	12	10	13	12	5
Gm27013-001	0	0	0	0	0	0
Gm27021	1155	1062	882	808	916	952
Gm27027	154	135	115	118	126	140
Gm27029	1730	1542	1220	1227	1356	1427
Gm27040	7	0	2	3	5	0
Gm27045	0	1	0	3	2	1
Gm2707-001	0	0	0	0	0	0
Gm2709-001	0	1	1	0	0	0
Gm27149-001	2	1	0	0	0	0
Gm27151	146	140	107	80	101	105
Gm27153	1	0	0	1	1	1
Gm27175	47	62	41	24	16	13
Gm27176	589	561	441	209	203	268
Gm27177	4625	4352	3231	1351	1460	1560
Gm27179	4	5	2	0	2	1
Gm27184	49	60	44	34	30	41
Gm27195	0	0	0	0	0	0
Gm27196	209	209	139	144	182	195
Gm27197	6	4	6	2	4	3
Gm27199	0	0	0	0	0	0
Gm27200	38	47	41	35	35	26
Gm27201	3	0	2	1	1	1
Gm27206	156	150	110	140	126	123
Gm27209	22	20	19	16	26	20
Gm27217	3	6	5	4	2	3
Gm27221	339	316	251	121	112	146
Gm27222	24	25	20	1	3	3
Gm27223	66	81	54	56	47	48
Gm27227	7	9	10	5	9	6
Gm27231	6	13	7	0	0	0
Gm27232	169	147	125	97	122	126
Gm27234	0	0	0	0	0	0
Gm27238	4	3	2	1	7	4
Gm27239	9	5	7	1	11	11
Gm27240	0	1	2	1	0	0
Gm27241	77	82	53	50	70	61
Gm27242	0	1	0	0	0	0
Gm27244	30	35	32	33	33	37
Gm27247	0	4	3	5	4	2
Gm27414	0	0	0	0	0	0
Gm2759-001	0	0	0	0	0	0
Gm27653	41	28	40	32	42	40
Gm27675	73	63	37	42	62	53
Gm2768-001	0	0	0	0	0	0
Gm27680	11	14	8	5	9	12
Gm27702	0	0	0	0	1	0
Gm2777	0	0	0	0	0	0
Gm2784	0	0	0	0	0	0
Gm2799	0	0	0	0	0	0
Gm28036	771	715	561	473	542	598
Gm28038	403	445	371	356	394	428
Gm28040	3	3	4	1	0	7
Gm28042	778	812	655	668	790	777
Gm28046	52	60	29	144	152	142
Gm28048	2066	1886	1343	1513	1687	1858
Gm28051	435	461	312	397	445	537
Gm28053	6	5	5	3	4	6
Gm28056	1	0	0	0	0	0
Gm28057-001	0	0	0	0	0	0
Gm28061-001	0	0	0	0	0	0
Gm28063	0	0	0	0	0	0
Gm28069-001	1	0	0	0	2	0
Gm28079	0	0	0	0	0	0
Gm28080-001	0	0	0	0	0	0
Gm28085	32	29	21	13	23	17
Gm28090-001	0	0	0	0	0	0
Gm28093-001	0	0	0	0	0	0
Gm28095	2	5	4	0	10	0
Gm28096	3	2	0	0	0	0
Gm28098-001	0	0	0	0	0	0
Gm28099-001	0	0	0	0	0	0
Gm281	7	3	3	2	2	0
Gm28101-001	0	0	0	0	0	0
Gm28102	0	0	0	0	0	0
Gm28105-001	0	0	0	0	0	0
Gm28106-001	0	0	0	0	0	0
Gm28107-001	0	0	0	0	0	0
Gm28111	6	9	5	4	4	10
Gm28112	31	26	34	21	26	19
Gm28113-001	0	0	0	0	0	0
Gm28114-001	0	0	0	0	0	0
Gm28115-001	0	0	0	0	0	0
Gm28116-001	0	0	0	0	0	0
Gm28117-001	0	0	0	0	0	0
Gm28119	36	41	30	31	42	43
Gm28121-001	0	0	0	0	0	0
Gm28122-001	0	0	0	0	0	0
Gm28123-001	0	0	0	0	0	0
Gm28125-001	0	0	0	0	0	0
Gm28136	0	0	0	0	0	0
Gm28141-001	0	0	0	0	0	0
Gm28142-001	0	0	0	0	0	0
Gm28143-001	0	0	0	0	0	0
Gm28144-001	0	0	0	0	0	0
Gm28146-001	0	0	0	0	0	0
Gm28148-001	0	0	0	0	0	0
Gm28150-001	0	0	0	0	0	0
Gm28153	0	1	3	0	3	1
Gm28154	1	1	6	2	1	1
Gm28156	1	0	0	0	0	0
Gm28158-001	0	0	0	0	0	0
Gm28159-001	0	0	0	0	0	0
Gm28160-001	0	0	0	0	0	0
Gm28161-001	0	0	0	0	0	0
Gm28162-001	0	0	0	0	0	0
Gm28165-001	0	0	0	0	0	0
Gm28168	0	0	0	0	0	0
Gm28171	0	0	0	0	0	0
Gm28172	82	87	46	61	61	45
Gm28180	6	12	14	8	7	9
Gm28185-001	0	0	0	0	0	0
Gm28186-001	0	0	0	0	0	0
Gm28191-001	0	0	0	0	0	0
Gm28192	261	206	149	145	154	168
Gm28193-001	0	0	0	0	0	0
Gm28198	149	176	138	88	112	119
Gm28204-001	0	0	0	0	0	0
Gm28205-001	0	0	0	0	0	0
Gm28211-001	0	0	0	0	0	0
Gm28213-001	0	0	0	0	0	0
Gm28219-001	0	0	0	0	0	0
Gm28221	812	729	471	409	449	534
Gm28222-001	0	0	0	0	0	0
Gm28224-001	0	0	0	0	0	0
Gm28227-001	0	0	0	0	0	0
Gm28229	178	136	105	106	138	111
Gm28232-001	0	0	0	0	0	0
Gm28234-001	0	0	0	0	0	0
Gm28241-001	0	0	0	0	0	0
Gm28243-001	0	0	0	0	0	0
Gm28247-001	0	0	0	0	0	0
Gm28248-001	0	0	0	0	0	0
Gm2825	0	0	0	0	0	0
Gm28251-001	0	0	0	0	0	0
Gm28253	0	0	0	0	0	0
Gm28255-001	0	0	0	0	0	0
Gm28261-001	0	0	0	0	0	0
Gm28269	0	0	0	0	0	0
Gm28270-001	0	0	0	0	0	0
Gm28272-001	0	0	0	0	0	0
Gm28273-001	0	0	0	0	0	0
Gm28275-001	0	0	0	0	0	0
Gm28277	21	22	12	23	23	24
Gm28285	7676	6935	4894	5039	5655	6446
Gm28287	2	0	0	2	2	1
Gm28288-001	0	0	0	0	0	0
Gm28289	68	67	56	39	55	54
Gm28290-001	0	0	0	0	0	0
Gm28292-001	0	0	0	0	0	0
Gm28294	398	409	321	290	305	309
Gm28302-001	0	0	0	0	0	0
Gm28303-001	0	0	0	0	0	0
Gm28305	127	122	71	88	96	102
Gm28306	95	115	74	78	65	87
Gm28308	0	0	0	0	0	0
Gm28314-001	0	0	0	0	0	0
Gm28319	1	3	3	0	0	1
Gm2832	0	1	0	0	0	0
Gm28320	5	15	6	5	6	3
Gm28323	17	15	9	7	5	3
Gm28327-001	0	0	0	0	0	0
Gm28328-001	0	0	0	0	0	0
Gm28329-001	0	0	0	0	0	0
Gm28330-001	0	0	0	0	0	0
Gm28334-001	0	0	0	0	0	0
Gm28335-001	0	0	0	0	0	0
Gm28337-001	0	0	0	0	0	0
Gm28339-001	0	0	0	0	0	0
Gm28349-001	0	0	0	0	0	0
Gm28350-001	0	0	0	0	0	0
Gm28353-001	0	0	0	0	0	0
Gm28354-001	0	0	0	0	0	0
Gm28356	0	0	0	0	0	0
Gm28358	0	0	0	0	0	0
Gm28359-001	0	0	0	0	0	0
Gm28360	0	0	0	0	0	0
Gm28362-001	0	0	0	0	0	0
Gm28363	0	0	0	0	0	0
Gm28364	844	854	668	570	632	733
Gm28366-001	0	0	0	0	0	0
Gm28368-001	0	0	0	0	0	0
Gm28370	997	1044	696	740	808	910
Gm28371-001	1	0	0	0	0	0
Gm28372	24	24	21	18	19	26
Gm28374	568	552	389	388	416	520
Gm28375	14	5	7	2	7	7
Gm28376	1	4	1	1	5	3
Gm28377-001	0	0	0	0	0	0
Gm28379	958	853	737	564	740	714
Gm28389-001	0	0	0	0	0	0
Gm28390-001	0	0	0	0	0	0
Gm28397-001	0	0	0	0	0	0
Gm28399-001	0	0	0	0	0	0
Gm28402	170	137	132	125	111	141
Gm28403	8	15	5	8	10	16
Gm28404	3	0	2	5	3	0
Gm28410	8	8	2	2	11	3
Gm28411	0	3	0	0	0	0
Gm28420-001	0	0	0	0	0	0
Gm28423-001	0	0	0	0	0	0
Gm28424	321	243	205	161	238	253
Gm28428-001	0	0	0	0	0	0
Gm28434	0	0	0	0	0	0
Gm28435-001	0	0	0	0	0	0
Gm28436-001	0	0	0	0	0	0
Gm28437-001	198961	190211	139923	115910	119919	138308
Gm28438-001	52406	50086	33948	20909	22293	25623
Gm28439-001	10783	11191	7717	5399	5591	6433
Gm28443-001	0	0	0	0	0	0
Gm28446-001	0	0	0	0	0	0
Gm28452-001	0	0	0	0	0	0
Gm28455-001	44	54	30	38	37	29
Gm28459-001	0	0	0	0	0	0
Gm28465	0	0	0	0	0	0
Gm28468-001	0	0	0	0	0	0
Gm28471-001	0	0	0	0	0	0
Gm28473-001	0	0	0	0	0	0
Gm28476-001	0	0	0	0	0	0
Gm28478-001	0	0	0	0	0	0
Gm28480-001	0	0	0	0	0	0
Gm28483-001	0	0	0	0	0	0
Gm28484-001	0	0	0	0	0	0
Gm28489-001	0	0	0	0	0	0
Gm28490	0	0	0	0	0	0
Gm28492	0	0	0	1	0	0
Gm28498	139	134	94	121	135	132
Gm28499	12	14	14	7	11	6
Gm28501	231	218	170	130	147	184
Gm28504-001	0	0	0	0	0	0
Gm28505	9	11	2	12	10	9
Gm28506-001	0	0	0	0	0	0
Gm28507-001	0	0	0	0	0	0
Gm28508-001	0	0	0	0	0	0
Gm28510	0	0	0	0	0	0
Gm28512	7	19	7	2	1	0
Gm28513	175	154	116	79	83	95
Gm28523	221	231	199	148	158	178
Gm28528	63	79	48	31	59	74
Gm28529	276	248	239	184	221	247
Gm28531-001	0	0	0	0	0	0
Gm28533	0	0	0	0	0	0
Gm28534-001	0	0	0	0	0	0
Gm28535	71	53	52	45	74	67
Gm28536	479	502	363	371	352	371
Gm2854	0	0	0	0	0	0
Gm28542-001	0	0	0	0	0	0
Gm28546-001	0	0	0	0	0	0
Gm2855-001	0	0	0	0	0	0
Gm28553	0	0	0	0	0	0
Gm28557	379	357	245	196	219	239
Gm28558-001	0	0	0	0	0	0
Gm28564	0	0	0	0	0	0
Gm28567-001	0	0	0	0	0	0
Gm28569-001	0	0	0	0	0	0
Gm28572-001	0	0	0	0	0	0
Gm28574-001	0	0	0	0	0	0
Gm28576	0	0	0	0	0	0
Gm28580-001	0	1	8	5	1	2
Gm28581-001	1	4	0	0	1	2
Gm28583-001	0	0	0	0	0	0
Gm28584-001	0	0	0	0	0	0
Gm28586	10	8	10	4	8	3
Gm28588	0	1	1	3	0	0
Gm28589-001	0	0	0	0	0	0
Gm28596-001	0	0	0	0	0	0
Gm28597-001	0	0	0	0	0	0
Gm28598-001	0	0	0	0	0	0
Gm28599-001	0	0	0	0	0	0
Gm28603-001	0	0	0	0	0	0
Gm28607-001	0	0	0	0	0	0
Gm28608-001	0	0	0	0	0	0
Gm28609	0	2	0	1	0	2
Gm28610	91	89	74	61	73	59
Gm28611-001	0	0	0	0	0	0
Gm28614-001	0	0	0	0	0	0
Gm28615-001	0	0	0	0	0	0
Gm28623-001	0	0	0	0	0	0
Gm28626	0	0	0	0	0	1
Gm28628-001	0	0	0	0	0	0
Gm28629-001	0	0	0	0	0	0
Gm2863	0	0	0	0	0	0
Gm28630-001	0	0	0	0	0	0
Gm28635	2927	2797	2037	1859	2240	2267
Gm28636-001	0	0	0	0	0	0
Gm28637-001	0	0	0	0	0	0
Gm28646-001	0	0	0	0	0	0
Gm28647-001	0	0	0	0	0	0
Gm28648-001	0	0	0	0	0	0
Gm28649-001	0	0	0	0	0	0
Gm28655-001	0	0	0	0	0	0
Gm28657-001	0	0	0	0	0	0
Gm28658-001	0	0	0	0	0	0
Gm28661-001	101761	96907	70541	60077	63520	70325
Gm28662-001	0	0	0	0	0	0
Gm28667-001	0	0	0	0	0	0
Gm28671-001	0	0	0	0	0	0
Gm28677	0	0	0	0	0	0
Gm28678-001	0	0	0	0	0	0
Gm28680-001	0	0	0	0	0	0
Gm28682-001	0	0	0	0	0	0
Gm28683-001	0	0	0	0	0	0
Gm28695-001	0	0	0	0	0	0
Gm28698-001	0	0	0	0	0	0
Gm28699-001	0	0	0	0	0	0
Gm28700-001	0	0	0	0	0	0
Gm28716-001	0	0	0	0	0	0
Gm28719	0	2	3	1	2	2
Gm28720	1	1	3	4	2	7
Gm28727	74	66	49	34	43	39
Gm28729	0	0	0	0	1	0
Gm28731	145	167	122	138	99	137
Gm28734-001	0	0	0	0	0	0
Gm28736-001	0	0	0	0	0	0
Gm28737-001	0	0	0	0	0	0
Gm28738-001	0	0	0	0	0	0
Gm28739-001	0	0	0	0	0	0
Gm28742-001	0	0	0	0	0	0
Gm28749	0	0	0	0	0	0
Gm28750	8	4	9	3	3	4
Gm28751-001	0	0	0	0	0	0
Gm28752-001	0	0	0	0	0	0
Gm28755-001	0	0	0	0	0	0
Gm28756	0	0	0	0	0	0
Gm28757-001	0	0	0	0	0	0
Gm28766-001	0	0	0	0	0	0
Gm28769-001	0	0	0	0	0	0
Gm28770-001	0	0	0	0	0	0
Gm28773-001	0	0	0	0	0	0
Gm28776-001	0	0	0	0	0	0
Gm28777	80	96	63	59	73	76
Gm28778	775	772	552	557	630	730
Gm2878-001	0	0	0	0	0	0
Gm28780-001	0	0	0	0	0	0
Gm28781-001	0	0	0	0	0	0
Gm28782	11	6	7	14	12	8
Gm28787-001	0	0	0	0	0	0
Gm28790-001	0	0	0	0	0	0
Gm28791	47	58	35	26	30	36
Gm28792	7	5	1	3	3	7
Gm28793	0	0	0	0	0	0
Gm28795-001	0	0	0	0	0	0
Gm28796-001	0	0	0	0	0	0
Gm28797-001	0	0	0	0	0	0
Gm28800	33	23	26	25	15	34
Gm28802-001	41	23	13	14	14	7
Gm28808-001	0	0	0	0	0	0
Gm28809	4	2	4	2	1	6
Gm28812-001	0	0	0	0	0	0
Gm28814-001	0	0	0	0	0	0
Gm28815-001	0	0	0	0	0	0
Gm28819	0	0	0	0	0	0
Gm28821	0	0	0	0	0	0
Gm28827	0	0	0	0	0	0
Gm28828-001	0	0	0	0	0	0
Gm28829-001	0	0	0	0	0	0
Gm28831-001	0	0	0	0	0	0
Gm28835	0	0	0	0	0	0
Gm28836	5	0	2	0	3	1
Gm28837-001	0	0	0	0	0	0
Gm28840	0	0	0	0	0	0
Gm28841-001	0	0	0	0	0	0
Gm28843-001	0	0	0	0	0	0
Gm28845	29	23	24	43	48	38
Gm28846-001	0	0	0	0	0	0
Gm28847-001	0	0	0	0	0	0
Gm28848-001	0	0	0	0	0	0
Gm28849-001	0	0	0	0	0	0
Gm28854-001	0	0	0	0	0	0
Gm28855-001	0	0	0	0	0	0
Gm28857	17	21	11	14	22	15
Gm28859-001	0	0	0	0	0	0
Gm28860	0	0	0	0	0	0
Gm28863	0	1	1	0	0	0
Gm28870	0	0	0	0	0	0
Gm28871-001	0	0	0	0	0	0
Gm28879-001	0	0	0	0	0	0
Gm2888	0	0	0	0	0	0
Gm28884	3	5	2	1	4	3
Gm28891	0	0	0	0	0	0
Gm28892	312	335	262	193	264	229
Gm28894-001	0	0	0	0	0	0
Gm28895-001	0	0	0	0	0	0
Gm28896-001	0	0	0	0	0	0
Gm28897	0	0	0	0	0	0
Gm28899-001	0	0	0	0	0	0
Gm28902	117	142	91	60	106	96
Gm28907-001	0	0	0	0	0	0
Gm28910-001	0	0	0	0	0	0
Gm28913	3	2	4	2	3	4
Gm28914	3	3	1	0	3	5
Gm28915-001	0	0	0	0	0	0
Gm28916-001	0	0	0	0	0	0
Gm28917-001	0	0	0	0	0	0
Gm28918-001	0	0	0	0	0	0
Gm28919	0	0	0	0	0	0
Gm28920-001	0	0	0	0	0	0
Gm28925-001	0	0	0	0	0	0
Gm28926-001	0	0	0	0	0	0
Gm28927-001	0	0	0	0	0	0
Gm28932	181	177	130	129	132	150
Gm28936-001	0	0	0	0	0	0
Gm28937-001	0	0	0	0	0	0
Gm28939-001	0	0	0	0	0	0
Gm28940	12	15	13	11	20	13
Gm28941	113	99	72	70	128	71
Gm28943-001	0	0	0	0	0	0
Gm28946-001	0	0	0	0	0	0
Gm28949-001	0	0	0	0	0	0
Gm28951-001	0	0	0	0	0	0
Gm28952-001	0	0	0	0	0	0
Gm28953-001	0	0	0	0	0	0
Gm28956-001	0	0	0	0	0	0
Gm28958-001	0	0	0	0	0	0
Gm28959	1722	1654	1323	2212	2625	2511
Gm28960	5	3	1	2	0	3
Gm28961	0	0	0	0	0	0
Gm28967	17079	16229	11024	9623	9371	13901
Gm28968-001	0	0	0	0	0	0
Gm28969	0	0	0	0	0	0
Gm2897	60	49	39	49	70	59
Gm28973-001	0	0	0	0	0	0
Gm28975-001	0	0	0	0	0	0
Gm28978-001	0	0	0	0	0	0
Gm28983-001	0	0	0	0	0	0
Gm28988	43	75	40	25	46	38
Gm28989	170	145	120	98	112	130
Gm28991	1	3	0	4	4	1
Gm28995-001	7	3	1	2	3	4
Gm28998	0	0	0	0	0	0
Gm29000	0	0	0	0	0	0
Gm29001-001	0	0	0	0	0	0
Gm29002-001	0	0	0	0	0	0
Gm29006-001	0	0	0	0	0	0
Gm29008	2	1	0	1	0	5
Gm29010	0	0	0	0	0	0
Gm29013-001	1	1	2	1	4	1
Gm29015	2	0	1	1	0	1
Gm29017	230	201	188	194	207	213
Gm29018	5	8	4	0	1	0
Gm29024-001	0	0	0	0	0	0
Gm29026-001	0	0	0	0	0	0
Gm29029-001	0	0	0	0	0	0
Gm29030-001	0	0	0	0	0	0
Gm29031-001	0	0	0	0	0	0
Gm29032-001	0	0	0	0	0	0
Gm29033-001	0	0	0	0	0	0
Gm29037-001	0	0	0	0	0	0
Gm29038-001	0	0	0	0	0	0
Gm29045-001	0	0	0	0	0	0
Gm29047-001	0	0	0	0	0	0
Gm29048	0	0	0	0	0	0
Gm29049	0	0	0	0	0	0
Gm29050	44	39	22	26	38	26
Gm29055	36	44	36	20	24	19
Gm29057-001	0	0	0	0	0	0
Gm29058-001	0	0	0	0	0	0
Gm29059-001	0	0	0	0	0	0
Gm29062-001	0	0	0	0	0	0
Gm29073-001	0	0	0	0	0	0
Gm29075-001	0	0	0	0	0	0
Gm29076-001	0	0	0	0	0	0
Gm29079-001	0	0	0	0	0	0
Gm29083	11	15	12	0	4	5
Gm29084	29	34	14	21	44	46
Gm29087	0	0	0	0	4	0
Gm29093	91	70	59	64	65	70
Gm29094	94	80	63	105	130	131
Gm29096	43	59	35	34	53	34
Gm29100	0	0	0	0	0	0
Gm29101	0	0	0	0	0	0
Gm29104-001	0	0	0	0	0	0
Gm29105-001	0	0	0	0	0	0
Gm29106	29	15	6	2	6	6
Gm29109-001	0	0	0	0	0	0
Gm29110	0	0	0	0	0	0
Gm29111-001	0	0	0	0	0	0
Gm29112	20	28	21	19	17	12
Gm29114	75	77	75	54	58	64
Gm29115-001	0	0	0	0	0	0
Gm29118-001	0	0	0	0	0	0
Gm29119-001	0	0	0	0	0	0
Gm29120-001	0	0	0	0	0	0
Gm29121-001	0	0	0	0	0	0
Gm29123	20	17	7	6	12	10
Gm29126-001	0	0	0	0	0	0
Gm29128	0	0	0	0	0	1
Gm2913	0	0	0	0	0	0
Gm29133	0	0	0	0	0	0
Gm29134-001	0	0	0	0	0	0
Gm29141-001	0	0	0	0	0	0
Gm29142-001	0	0	0	0	0	0
Gm29144-001	0	0	0	0	0	0
Gm29145-001	0	0	0	0	0	0
Gm29147-001	0	0	0	0	0	0
Gm29149-001	0	0	0	0	0	0
Gm29151	110	115	95	67	89	80
Gm29155	15	16	13	11	15	17
Gm2916	3	2	4	1	1	4
Gm29160-001	0	0	0	0	0	0
Gm29161-001	0	0	0	0	0	0
Gm29163	5	5	4	3	3	4
Gm29165-001	0	0	0	0	0	0
Gm29169-001	0	0	0	0	0	0
Gm29170	591	618	430	432	531	556
Gm29178	0	0	0	0	0	0
Gm29179	0	0	0	0	0	0
Gm29181-001	0	0	0	0	0	0
Gm29189-001	0	0	0	0	0	0
Gm29196-001	0	0	0	0	0	0
Gm29197-001	0	0	0	0	0	0
Gm29200	1	3	1	0	1	0
Gm29202	0	0	0	0	0	0
Gm29205	2	2	2	3	3	0
Gm29211-001	0	0	0	0	0	0
Gm29212-001	0	0	0	0	0	0
Gm29216-001	102811	95434	74259	66016	66999	77895
Gm29218	0	0	0	0	0	0
Gm29223-001	0	0	0	0	0	0
Gm29224-001	0	0	0	0	0	0
Gm29231-001	0	0	0	0	0	0
Gm29236-001	1502	1523	1093	764	866	963
Gm29236-002	2297	2292	1653	1226	1298	1521
Gm29237	54	51	48	34	55	40
Gm29238-001	0	0	0	0	0	0
Gm29239-001	0	0	0	0	0	0
Gm29244-001	0	0	0	0	0	0
Gm29245	15	12	18	12	16	6
Gm29246	14	16	10	8	9	15
Gm29249-001	0	0	0	0	0	0
Gm29251-001	0	0	0	0	0	0
Gm29254	14	20	13	15	12	13
Gm29258-001	0	0	0	0	0	0
Gm29259-001	0	0	0	0	0	0
Gm29261	10	3	6	7	4	9
Gm29267-001	0	0	0	0	0	0
Gm29268-001	0	0	0	0	0	0
Gm29269-001	0	0	0	0	0	0
Gm2927	0	0	0	0	0	0
Gm29272-001	0	0	0	0	0	0
Gm29276	0	0	0	0	0	0
Gm29279-001	0	0	0	0	0	0
Gm29280-001	0	0	0	0	0	0
Gm29284-001	1	0	0	0	1	0
Gm29289	0	0	0	0	0	0
Gm29292	9	5	6	5	9	10
Gm29293-001	0	0	0	0	0	0
Gm29298-001	0	0	0	0	0	0
Gm29299-001	0	0	0	0	0	0
Gm2930-001	0	0	0	0	0	0
Gm29300-001	0	0	0	0	0	0
Gm29304-001	0	0	0	0	0	0
Gm29306-001	0	0	0	0	0	0
Gm29307-001	0	0	0	0	0	0
Gm29310-001	0	0	0	0	0	0
Gm29312-001	0	0	0	0	0	0
Gm29314-001	0	0	0	0	0	0
Gm29317-001	0	0	0	0	0	0
Gm29319-001	0	0	0	0	0	0
Gm29320-001	0	0	0	0	0	0
Gm29322	2	0	2	0	0	1
Gm2933	0	0	0	0	0	0
Gm29330-001	0	0	0	0	0	0
Gm29331	1240	1136	844	756	833	878
Gm29333-001	0	0	0	0	0	0
Gm29339-001	0	0	0	0	0	0
Gm29350-001	0	0	0	0	0	0
Gm29352-001	0	0	0	0	0	0
Gm29354-001	0	0	0	0	0	0
Gm29355-001	0	0	0	0	0	0
Gm29357-001	0	0	0	0	0	0
Gm29358	458	411	374	330	388	346
Gm29361	475	451	377	303	417	398
Gm29365-001	0	0	0	0	0	0
Gm29366-001	0	0	0	0	0	0
Gm29369-001	0	0	0	0	0	0
Gm29376-001	4	0	3	2	3	3
Gm29377	0	0	0	0	0	0
Gm29378-001	0	0	0	0	0	0
Gm29382-001	0	0	0	0	0	0
Gm29388	0	1	1	0	0	2
Gm29390-001	0	0	0	0	0	0
Gm29391-001	0	0	0	0	0	0
Gm29394	930	909	686	646	711	783
Gm29400-001	0	0	0	0	0	0
Gm29401-001	0	0	0	0	0	0
Gm29403-001	0	0	0	0	0	0
Gm29407-001	0	0	0	0	0	0
Gm29410-001	0	0	0	0	0	0
Gm29411-001	0	0	0	0	0	0
Gm29412-001	0	0	0	0	0	0
Gm29413-001	0	0	0	0	0	0
Gm29417	35	56	42	39	25	28
Gm29420-001	0	0	0	0	0	0
Gm29422-001	0	0	0	0	0	0
Gm29423	0	0	0	0	0	0
Gm29424-001	0	0	0	0	0	0
Gm29430	0	0	0	0	0	0
Gm29434	67	67	56	54	60	55
Gm29435-001	0	0	0	0	0	0
Gm29437-001	0	0	0	0	0	0
Gm29438	22	17	14	19	29	21
Gm29439	1	0	0	0	0	0
Gm29443	10	8	7	4	6	3
Gm29448-001	0	0	0	0	0	0
Gm29451-001	0	0	0	0	0	0
Gm29453	4	1	3	3	2	2
Gm29468-001	0	0	0	0	0	0
Gm29470-001	0	0	0	0	0	0
Gm29471-001	0	0	0	0	0	0
Gm29475-001	0	0	0	0	0	0
Gm29476-001	0	0	0	0	0	0
Gm29477	27	33	21	22	24	20
Gm29479-001	0	0	0	0	0	0
Gm29480	35	40	27	29	46	27
Gm29481	6	1	1	2	2	2
Gm29484-001	0	0	0	0	0	0
Gm29488	37	40	50	31	38	27
Gm29489-001	0	0	0	0	0	0
Gm29491	100	104	102	55	92	105
Gm29495-001	0	0	0	0	0	0
Gm29496-001	0	0	0	0	0	0
Gm29499-001	0	0	0	0	0	0
Gm29503-001	0	0	0	0	0	0
Gm29505-001	0	0	0	0	0	0
Gm29506	0	0	0	0	0	0
Gm29508	6	8	15	11	9	8
Gm2951-001	0	0	0	0	0	0
Gm29512-001	0	0	0	0	0	0
Gm29514	23	22	26	18	9	10
Gm29517-001	0	0	0	0	0	0
Gm29523-001	0	0	0	0	0	0
Gm29524-001	0	0	0	0	0	0
Gm29525-001	0	0	0	0	0	0
Gm29529	175	190	135	140	152	155
Gm29530	81	83	44	55	51	78
Gm29533-001	0	0	0	0	0	0
Gm29535-001	0	0	0	0	0	0
Gm29539	0	1	1	0	0	0
Gm29540	2	1	1	0	0	1
Gm29542	135	142	114	94	95	104
Gm29545	0	0	0	0	0	0
Gm29546-001	0	0	0	0	0	0
Gm29548-001	0	0	0	0	0	0
Gm29550-001	0	0	0	0	0	0
Gm29551-001	0	0	0	0	0	0
Gm29552-001	0	0	0	0	0	0
Gm29554	0	0	0	0	0	0
Gm29556-001	0	0	0	0	0	0
Gm29558-001	0	0	0	0	0	0
Gm29559-001	0	0	0	0	0	0
Gm2956	31	38	21	40	43	54
Gm29560	170	137	101	81	95	124
Gm29563-001	0	0	0	0	0	0
Gm29564	0	0	0	0	0	0
Gm29567-001	0	0	0	0	0	0
Gm29570	6	3	1	4	5	4
Gm29571	1	1	3	2	1	1
Gm29572	0	0	0	0	1	0
Gm29573-001	0	0	0	0	0	0
Gm29574-001	0	0	0	0	0	0
Gm29576-001	0	0	0	0	0	0
Gm29577-001	0	0	0	0	0	0
Gm29582	0	0	0	0	0	0
Gm29585	446	431	324	284	326	339
Gm29586	0	0	0	0	0	0
Gm29587	68	45	48	39	61	51
Gm29588	0	0	0	0	0	0
Gm2959-001	0	0	0	0	0	0
Gm29592-001	0	0	0	0	0	0
Gm29607-001	0	0	0	0	0	0
Gm29609	2697	2589	2001	1915	2279	2170
Gm29614-001	0	0	0	0	0	0
Gm29615-001	0	0	0	0	0	0
Gm29617	0	0	0	0	0	0
Gm29618-001	0	0	0	0	0	0
Gm29623-001	0	0	0	0	0	0
Gm29624	0	0	0	0	0	0
Gm29626	5	3	6	0	3	6
Gm29629	4	4	6	1	2	7
Gm29633	0	0	0	0	0	0
Gm29634-001	0	0	0	0	0	0
Gm29637-001	0	0	0	0	0	0
Gm29639-001	0	0	0	0	0	0
Gm2964	0	0	0	0	0	0
Gm29644	0	0	0	0	0	0
Gm29647-001	0	0	0	0	0	0
Gm29651-001	0	0	0	0	0	0
Gm29652-001	0	0	0	0	0	0
Gm29659-001	0	0	0	0	0	0
Gm2966-001	0	0	0	0	0	0
Gm29666	351	325	277	115	194	148
Gm29670	31	21	23	11	25	24
Gm2974	40	29	22	34	47	59
Gm29740-001	0	0	0	0	0	0
Gm29797	22	32	19	21	18	17
Gm29808-001	31	24	18	8	20	16
Gm29866	0	0	0	0	0	0
Gm29994	12	22	14	16	16	14
Gm2a	1037	956	694	575	632	628
Gm3002	25	25	24	29	41	40
Gm3005	49	53	20	48	55	89
Gm3008-001	0	0	0	0	0	0
Gm3012	2	1	1	0	0	0
Gm3015	0	0	0	0	0	0
Gm30175-001	0	0	0	0	0	0
Gm30191	95	111	67	252	287	277
Gm3020	53	53	32	72	75	89
Gm30214	0	0	0	0	0	0
Gm30238	238	208	165	155	187	206
Gm3025-001	0	0	0	0	0	0
Gm3027-001	0	0	0	0	0	0
Gm3029	0	0	0	1	2	1
Gm3030-001	5	2	3	4	1	1
Gm30312-001	0	0	0	0	0	0
Gm3033	45	44	22	20	21	34
Gm30332	40	24	13	1	0	0
Gm3043	37	26	14	14	19	17
Gm3047	4	5	3	2	3	4
Gm3053-001	0	0	0	0	0	0
Gm3055	804	845	609	322	368	483
Gm30598-001	0	0	0	0	0	0
Gm30613	0	0	1	1	0	0
Gm30638-001	0	0	0	0	0	0
Gm3072	0	0	0	0	0	0
Gm30737	0	0	0	0	0	0
Gm3077-001	0	0	0	0	0	0
Gm3081	93	99	97	43	74	71
Gm30858-001	0	0	0	0	0	0
Gm3086	93	96	66	56	80	88
Gm3089-001	0	0	0	0	0	0
Gm3095	13	16	7	6	17	32
Gm3099	1	1	0	0	1	1
Gm3102-001	0	0	0	0	0	0
Gm3104-001	0	0	0	0	0	0
Gm31049-001	0	0	0	0	0	0
Gm3106	0	0	0	0	0	0
Gm3111-001	0	0	0	0	0	0
Gm31123-001	0	0	0	0	0	0
Gm3115	0	0	0	0	0	0
Gm3116-001	0	0	1	0	0	0
Gm31186-001	1	0	0	0	0	0
Gm3123-001	0	0	0	0	0	0
Gm31230-001	1	0	0	0	0	1
Gm31258	9	7	4	2	3	0
Gm31260-001	0	0	0	0	0	0
Gm31266	7	12	11	10	10	16
Gm3127	1	1	0	1	0	1
Gm31335-001	0	0	0	0	0	0
Gm3138	0	0	0	0	0	0
Gm3139	0	0	0	0	0	0
Gm3141-001	0	0	0	0	0	0
Gm3142-001	0	0	0	0	0	0
Gm3147	0	0	0	0	0	0
Gm3149	0	0	2	1	0	0
Gm31511-001	0	0	0	0	0	0
Gm31571	0	0	0	0	0	0
Gm31572-001	0	0	0	0	0	0
Gm3159	0	0	1	0	0	1
Gm3164	31	16	19	20	18	26
Gm31663	1	0	1	0	0	1
Gm31728	13	9	8	11	5	9
Gm3173	16	21	14	16	18	30
Gm31748	134	155	111	84	71	77
Gm31749	24	19	11	14	19	14
Gm3176-001	0	0	0	0	0	0
Gm3182	2	2	0	0	2	2
Gm3183	0	0	0	0	0	0
Gm3187	0	0	0	0	0	1
Gm3194	58	43	36	68	72	70
Gm32033-001	0	0	0	0	0	0
Gm32072-001	0	0	0	0	0	0
Gm3216-001	0	0	0	0	0	0
Gm32180-001	0	0	0	0	0	0
Gm3221-001	0	0	0	0	0	0
Gm32295-001	0	0	0	0	0	0
Gm3233	0	0	0	0	0	0
Gm32347-001	0	0	0	0	0	0
Gm3235	12	19	9	6	16	13
Gm3238	0	0	0	0	0	0
Gm3239	12	13	11	5	15	22
Gm3242-001	0	0	0	0	0	0
Gm32444	11	8	12	8	7	7
Gm32447-001	0	0	0	0	0	0
Gm3248	27	21	23	41	44	46
Gm3250	0	0	0	0	0	0
Gm3252	21	23	21	21	35	24
Gm32569	5	5	4	6	4	5
Gm3259	0	0	0	0	0	0
Gm32592	14	8	7	1	0	2
Gm3264	14	17	10	19	24	36
Gm3269	0	0	0	0	0	0
Gm3278	20	23	11	7	5	11
Gm3286	0	0	0	0	0	0
Gm3287	0	0	0	0	0	0
Gm3298	5	10	2	5	10	7
Gm32999	0	0	0	1	0	0
Gm3302-001	0	0	0	0	0	0
Gm33050	3	3	0	0	1	0
Gm33051	1928	1734	1285	1209	1344	1506
Gm33112-001	0	0	0	0	0	0
Gm33142	0	0	0	0	0	0
Gm33163-001	0	0	0	0	0	0
Gm3317	8	5	4	5	12	13
Gm33191-001	0	0	0	0	0	0
Gm33248	0	0	2	0	0	2
Gm3327	1	0	1	0	0	0
Gm33320	2	3	3	3	3	2
Gm33354	0	0	0	0	0	0
Gm3336	1	0	1	0	0	2
Gm33366	1118	1066	846	807	900	1013
Gm3339-001	0	0	0	0	0	0
Gm3344-001	1	0	1	0	1	0
Gm33571-001	0	0	0	0	0	0
Gm3364	7	12	14	6	7	10
Gm3370-001	0	0	0	0	0	0
Gm3371	0	0	0	0	0	0
Gm3373	56	54	27	60	64	70
Gm3376	0	0	0	0	0	0
Gm33815	0	0	0	0	0	0
Gm3383	80	50	44	72	74	80
Gm33962	0	0	0	0	0	0
Gm340	659	691	481	359	415	502
Gm34015-001	0	0	0	0	0	0
Gm3402	3	0	0	0	0	0
Gm3404	1	0	0	0	0	0
Gm34073	1	0	3	1	0	2
Gm3409	1	0	0	0	0	0
Gm34106	3	7	5	2	6	1
Gm3411	34	42	27	55	58	66
Gm34149-001	0	0	0	0	0	0
Gm3415	1	0	0	0	0	0
Gm34224-001	0	0	0	0	0	0
Gm3424	0	3	1	1	2	3
Gm34267	71	80	57	58	58	59
Gm34274-001	0	0	0	0	0	0
Gm34280	1	1	0	0	2	0
Gm34294	33	40	28	8	12	16
Gm34302	0	0	0	0	0	0
Gm34314-001	0	0	0	0	0	0
Gm3443	1	0	0	0	0	0
Gm3448	282	281	262	647	682	718
Gm3453	0	0	0	0	0	1
Gm3454-001	0	0	0	0	0	0
Gm3460	1	1	0	2	1	0
Gm34653-001	0	0	0	0	0	1
Gm3468	34	37	23	23	30	36
Gm3476	0	0	1	1	2	1
Gm34768-001	0	0	0	0	0	0
Gm34780	0	0	1	0	0	1
Gm34821	5	2	5	0	2	1
Gm3486	0	1	0	0	0	0
Gm34866	3	3	2	9	3	11
Gm3488	19	17	19	14	30	29
Gm34882	72	74	58	38	44	52
Gm3500	47	49	28	54	62	61
Gm35048	0	0	0	1	0	1
Gm35060	6	10	5	8	7	14
Gm35108-001	0	0	0	0	0	0
Gm3512	32	28	31	38	64	48
Gm3513	23	38	35	23	37	26
Gm35134	0	0	0	0	0	0
Gm3526	12	2	5	1	4	3
Gm3532	15	13	9	9	4	6
Gm35339	252	276	183	215	198	195
Gm3542	0	0	0	0	0	0
Gm3543	1	0	1	0	0	0
Gm3550	15	12	18	7	7	5
Gm35549	43	45	31	17	24	27
Gm3558	59	61	49	50	64	74
Gm3563-001	0	0	1	0	0	0
Gm3571-201	167	134	93	108	129	142
Gm3573	1	1	2	0	0	0
Gm35801	0	0	0	0	0	0
Gm3584-001	0	0	0	0	0	0
Gm35843-001	0	0	0	0	0	0
Gm3585-001	0	0	0	0	0	0
Gm3591	28	26	22	29	29	35
Gm35911	21	36	18	20	18	16
Gm3594	1	0	0	0	0	0
Gm35955-001	0	0	0	0	0	0
Gm35986	0	2	2	2	1	1
Gm36028	1	4	3	3	2	2
Gm3604	130	97	91	45	70	91
Gm36047-001	0	0	0	0	0	0
Gm3608-201	1571	1504	1176	1110	1182	1371
Gm3611-001	0	0	0	0	0	0
Gm3616-001	0	0	0	0	0	0
Gm3618	6	0	0	0	0	1
Gm362	0	0	0	0	0	0
Gm3623-001	0	0	0	0	0	0
Gm3625	20	16	15	13	14	7
Gm36266	148	101	94	89	122	99
Gm3629	15	15	12	9	17	15
Gm3633	0	0	0	0	0	0
Gm3636	46	41	34	28	37	55
Gm36388	19	16	10	9	13	19
Gm36398-001	0	0	0	0	0	0
Gm364	0	1	0	0	1	0
Gm36401	10	16	10	1	19	9
Gm3642	0	3	1	0	0	0
Gm36448-001	1	2	3	2	0	1
Gm3646	0	0	0	0	0	0
Gm36468-001	0	0	0	0	0	0
Gm3650-001	264	233	202	267	275	305
Gm36527	115	125	91	76	127	124
Gm3654	1	0	1	6	12	12
Gm36551	0	0	0	0	0	0
Gm36569	1	5	1	9	9	11
Gm3657-001	0	0	0	0	0	0
Gm36638	63	61	53	41	50	47
Gm3665-001	0	1	1	0	2	1
Gm3667	35	24	33	17	29	35
Gm36694	1	0	0	0	0	0
Gm36728-001	0	0	0	0	0	0
Gm3675-001	3	4	0	1	2	5
Gm3676	1	3	0	1	0	0
Gm3681-001	0	0	0	0	0	0
Gm3683-001	0	0	0	0	0	0
Gm36840	5	1	0	1	2	2
Gm3685	1	0	0	2	0	1
Gm36858-001	49	72	55	34	63	47
Gm36866-001	0	0	0	0	0	0
Gm36891-002	0	0	0	0	0	0
Gm36927	0	0	0	0	0	0
Gm36928-001	0	0	0	0	0	0
Gm3693	106	102	93	65	102	105
Gm36930	12	23	10	8	16	21
Gm36931	62	83	58	62	53	60
Gm36932	0	0	2	0	0	0
Gm36933	6	7	8	9	4	6
Gm36935	2	2	2	2	1	0
Gm36936	328	360	253	224	288	254
Gm36937	428	419	300	319	360	377
Gm36938	1	4	2	0	2	0
Gm36939	17	24	18	9	12	11
Gm36940	18	16	11	12	23	15
Gm36943	0	0	0	0	0	0
Gm36944	4	1	1	0	1	0
Gm36946	0	0	0	0	0	0
Gm36947	0	0	0	0	0	0
Gm36948	54	59	33	0	6	6
Gm36949	0	1	0	0	0	1
Gm36951	2	7	4	2	5	2
Gm36952	166	201	138	77	154	155
Gm36954	1	0	0	0	0	0
Gm36955	20	50	23	6	31	17
Gm36956	108	113	104	97	123	129
Gm36957	0	0	0	0	0	0
Gm36958	263	256	217	79	91	76
Gm3696	59	70	42	62	67	66
Gm36960	1	0	2	0	1	0
Gm36961-001	7	3	4	2	3	0
Gm36962	0	3	2	1	0	0
Gm36963	12	13	15	3	8	8
Gm36966	0	0	0	0	0	0
Gm36967	1	1	2	1	1	1
Gm36969	9	6	7	3	10	10
Gm36970	0	0	0	0	0	0
Gm36971	0	0	0	0	0	0
Gm36974	1	0	0	0	0	0
Gm36975	110	83	63	47	67	68
Gm36976	8	8	9	11	11	11
Gm36978-001	0	0	0	0	0	0
Gm36979	0	0	1	1	0	1
Gm36981	2	2	2	4	17	24
Gm36982	0	0	0	0	0	0
Gm36983-001	1	0	0	0	1	0
Gm36986	0	0	1	0	0	0
Gm36987	0	0	0	0	0	0
Gm36988	32	41	41	19	27	25
Gm36989	386	404	308	242	318	303
Gm36990	1	2	1	0	0	1
Gm36991	0	0	0	0	0	0
Gm36992	94	83	70	62	56	64
Gm36993	1	5	5	0	0	1
Gm36994	0	0	0	0	0	0
Gm36997	0	0	0	0	0	0
Gm36998-001	0	0	0	0	0	0
Gm36999	0	0	0	0	0	0
Gm37000-001	0	0	0	0	0	0
Gm37001-001	0	0	0	0	0	0
Gm37002	0	0	0	0	0	0
Gm37003	15	25	10	4	22	10
Gm37004	0	0	0	0	0	0
Gm37005	1	1	0	1	1	0
Gm37006	1	6	6	2	4	4
Gm37008	184	185	111	102	123	153
Gm3701	0	0	0	0	0	0
Gm37010	0	0	0	1	0	0
Gm37011	28	38	31	11	31	22
Gm37012	14	9	8	8	11	19
Gm37013	481	380	266	224	224	313
Gm37014	0	0	1	4	2	3
Gm37015	1	3	0	3	6	0
Gm37016	0	0	0	0	0	0
Gm37017	6	4	1	1	0	0
Gm37018	76	84	73	44	78	60
Gm37019	43	56	60	44	56	44
Gm37020	2	1	1	0	0	1
Gm37022	8	14	18	8	7	12
Gm37023	50	57	43	35	53	53
Gm37024	1	1	1	2	1	0
Gm37026	0	0	1	0	0	0
Gm37028	0	1	0	1	0	0
Gm37031	0	0	0	0	0	0
Gm37032	0	0	0	0	0	0
Gm37033	16	22	18	18	18	15
Gm37034	260	277	206	156	173	191
Gm37035	66	62	59	48	45	63
Gm37036	25	38	21	28	36	22
Gm37038	18	16	20	8	20	17
Gm37039	0	0	0	0	0	0
Gm37040	11	13	9	4	1	3
Gm37042	0	0	0	0	0	0
Gm37043	0	0	0	0	0	0
Gm37044-001	0	0	0	0	0	0
Gm37045	8	4	5	2	2	5
Gm37047	0	0	0	0	0	0
Gm37048	64	66	37	45	48	47
Gm37049	0	0	0	0	0	0
Gm37051	49	53	46	31	49	31
Gm37052	61	52	39	49	52	57
Gm37053	8	11	4	5	8	2
Gm37054	0	0	0	0	0	0
Gm37055	8	9	8	8	17	7
Gm37056	74	78	68	53	59	78
Gm37057	0	1	0	0	1	0
Gm37058	6	12	7	4	9	10
Gm3706	0	0	0	0	0	0
Gm37060	133	142	103	50	99	62
Gm37061	0	3	0	0	2	2
Gm37062	61	39	39	38	43	28
Gm37063	11	22	13	6	18	17
Gm37064	2	3	2	4	3	1
Gm37065	5	2	5	1	3	2
Gm37066	3	4	5	4	6	8
Gm37067	18	20	19	11	19	16
Gm37069	8	5	4	5	9	8
Gm37072	4	5	5	1	1	3
Gm37074	11	20	17	6	17	7
Gm37076	0	0	0	0	0	0
Gm37077	64	64	55	55	72	69
Gm37078	20	10	16	3	19	13
Gm37079	94	139	96	38	68	54
Gm37080	19	20	15	16	18	14
Gm37081-001	0	0	0	0	0	0
Gm37082	2	4	2	0	2	1
Gm37084	204	198	147	117	144	147
Gm37085-001	0	0	0	0	0	0
Gm37086	1	2	1	0	1	2
Gm37087	0	0	0	0	0	0
Gm37088	6	19	10	5	12	5
Gm37090	574	611	432	273	401	313
Gm37091	6	4	4	5	13	7
Gm37092	10	8	6	5	8	8
Gm37093	0	0	0	0	0	0
Gm37094	83	112	60	15	19	21
Gm37096	0	0	0	0	0	0
Gm37099	0	1	0	0	0	1
Gm37100	1	1	0	2	0	0
Gm37101	44	51	57	30	39	33
Gm37104-001	0	0	0	0	0	0
Gm37105	47	48	41	22	47	37
Gm37106	24	33	36	20	28	33
Gm37107	40	35	51	28	41	24
Gm37109	0	2	4	1	4	3
Gm37110	54	50	35	43	66	56
Gm37111	0	1	0	1	1	0
Gm37113	0	0	0	0	0	0
Gm37114	0	0	0	0	0	0
Gm37115	121	111	91	57	81	90
Gm37117	0	0	0	0	0	0
Gm37118	198	199	159	129	158	144
Gm37120	35	45	39	18	20	15
Gm37121	10	15	7	17	9	12
Gm37122	1	0	0	0	0	1
Gm37123	122	137	129	98	115	118
Gm37124	95	104	85	62	119	90
Gm37125	2	2	0	0	0	0
Gm37126	4	5	1	3	0	6
Gm37127	217	235	219	152	191	168
Gm37129-001	0	0	0	0	0	0
Gm37131	0	0	0	0	0	0
Gm37132	25	40	32	19	27	34
Gm37133	0	0	0	0	0	0
Gm37135	3	6	5	5	6	5
Gm37136	2	0	0	1	1	0
Gm37137	77	61	62	29	40	47
Gm37138	19	18	16	9	17	15
Gm37139	79	67	65	63	75	44
Gm37140	36	46	41	24	34	42
Gm37141	0	0	0	0	0	0
Gm37142	0	0	0	0	0	0
Gm37143	6	22	17	6	18	15
Gm37144	41	41	35	26	36	45
Gm37145	1	6	1	9	13	14
Gm37148	0	0	0	0	0	1
Gm37149	0	1	0	1	0	0
Gm3715-001	2	5	3	0	13	8
Gm37150	49	44	32	0	0	0
Gm37151	0	0	0	0	0	0
Gm37152	87	101	90	71	98	90
Gm37153	4	5	2	4	4	6
Gm37154	22	24	20	18	21	26
Gm37155-001	0	0	0	0	0	0
Gm37158	26	26	31	25	28	33
Gm37159	7	11	13	6	18	10
Gm37160	8	13	10	8	9	3
Gm37161	19	16	18	9	16	20
Gm37162	0	0	0	0	0	0
Gm37163	48	36	29	28	53	38
Gm37165	211	201	179	138	169	182
Gm37166	84	81	69	8	17	14
Gm37167	4	2	0	4	0	3
Gm37169	33	28	21	21	23	12
Gm37171	7	2	2	4	6	4
Gm37172-001	0	0	0	0	0	0
Gm37173	0	0	0	0	0	0
Gm37174	229	255	151	237	284	317
Gm37175	0	0	0	0	0	0
Gm37176	7	6	7	1	4	2
Gm37178	0	0	0	0	0	0
Gm37179	0	0	0	0	0	0
Gm37180	44	53	41	14	34	23
Gm37181	108	113	94	56	102	77
Gm37183	40	46	38	27	31	42
Gm37185-001	0	0	0	0	0	0
Gm37186	67	79	49	36	44	35
Gm37187	0	0	0	0	0	0
Gm37188	0	0	0	0	3	0
Gm37189	0	0	0	0	0	0
Gm3719-001	0	0	0	0	0	0
Gm37192	0	0	0	0	0	0
Gm37193	0	0	0	0	0	0
Gm37194	0	0	0	0	2	2
Gm37195	17	27	13	17	18	13
Gm37196	0	0	0	0	1	0
Gm37198	0	1	1	0	0	0
Gm37199	1	0	0	0	0	0
Gm37200	30	28	23	31	37	44
Gm37204	150	141	122	67	117	107
Gm37205	7	7	4	3	13	6
Gm37206	1026	855	749	663	809	767
Gm37209	0	0	0	0	0	0
Gm37210	0	0	0	0	1	0
Gm37211	29	80	49	34	43	30
Gm37212	35	52	44	26	19	13
Gm37213-001	0	0	0	0	0	0
Gm37214	6	11	5	8	8	10
Gm37215	22	27	24	10	12	13
Gm37216	18	21	20	10	13	11
Gm37217	0	0	0	0	0	0
Gm37219	27	35	30	15	35	30
Gm37220	66	37	39	2	2	4
Gm37221	6	5	4	5	9	3
Gm37222	0	0	0	0	0	0
Gm37226	104	147	105	91	118	88
Gm37227	0	0	0	0	0	0
Gm37228	0	1	0	0	0	0
Gm37229	3	1	3	0	2	4
Gm37230	1	0	0	1	0	3
Gm37234	2	4	3	2	8	1
Gm37235	0	0	0	0	0	0
Gm37236	0	0	0	0	0	0
Gm37237-001	0	0	0	0	0	0
Gm37238	142	189	106	126	128	132
Gm37240	2584	2407	1741	1678	1946	2154
Gm37241	2	5	3	2	0	2
Gm37242	43	39	28	27	33	34
Gm37243	0	0	0	0	0	0
Gm37244	0	2	3	4	1	2
Gm37247	72	70	73	74	67	66
Gm37248	23	30	27	16	37	15
Gm37249	55	53	42	45	45	47
Gm37250	34	33	23	16	21	21
Gm37253	1	0	0	0	0	0
Gm37254	261	243	251	191	223	234
Gm37255	30	29	25	19	34	16
Gm37257	0	0	0	0	0	0
Gm37258	43	72	40	28	41	32
Gm37259	0	0	0	0	0	0
Gm3726-001	0	0	0	0	0	0
Gm37260	3	7	2	2	4	2
Gm37261	1	1	0	0	2	0
Gm37262	102	108	74	59	72	76
Gm37264	605	551	414	388	438	518
Gm37265	54	43	36	31	49	40
Gm37266	12	12	13	7	8	5
Gm37268	49	44	34	30	55	30
Gm37269	0	0	0	0	0	0
Gm3727	0	0	0	0	0	0
Gm37270	323	326	228	244	253	317
Gm37271	23	29	19	25	13	28
Gm37272	0	0	0	0	2	0
Gm37273	0	0	0	0	1	0
Gm37274	107	104	76	56	88	75
Gm37277	139	160	130	68	90	94
Gm37278	1	4	2	4	2	3
Gm37279	0	0	0	0	0	0
Gm37282	0	1	2	3	1	2
Gm37283	1	0	0	0	0	3
Gm37284	17	18	22	17	16	15
Gm37285	139	134	127	89	123	94
Gm37287-001	0	0	0	0	0	0
Gm37289	11	18	16	5	7	8
Gm37291	0	0	0	0	0	0
Gm37292	56	64	37	40	79	61
Gm37293	0	0	0	0	0	0
Gm37295	0	0	0	0	0	0
Gm37296	967	1106	851	837	957	982
Gm37297	33	60	45	34	38	27
Gm37298	590	672	516	450	603	528
Gm37299	0	0	0	0	0	0
Gm37301-001	0	0	0	0	0	0
Gm37302	0	0	0	0	1	0
Gm37303	127	129	82	67	110	98
Gm37304	1	3	0	0	1	0
Gm37305	1247	1109	913	753	929	951
Gm37307	26	32	15	22	36	30
Gm37309	72	82	59	67	77	76
Gm37310	40	43	26	20	40	44
Gm37311	33	43	32	18	16	40
Gm37312	0	0	0	0	0	0
Gm37313-001	60	80	61	45	69	56
Gm37314	23	19	24	19	24	8
Gm37315	0	0	0	1	0	0
Gm37318-001	0	0	0	0	0	0
Gm37319	0	0	0	0	0	0
Gm37320	380	412	323	288	408	328
Gm37321	27	29	22	18	21	28
Gm37322	0	0	0	0	0	0
Gm37324	2	0	0	1	3	0
Gm37325-001	0	0	0	0	0	0
Gm37326	42	35	40	16	31	29
Gm37328	11	12	2	1	4	3
Gm37329	13	28	17	6	11	9
Gm37331	40	64	46	23	48	52
Gm37332	8	7	8	6	13	6
Gm37333	25	30	29	23	29	33
Gm37334	549	631	489	355	484	432
Gm37335	246	251	173	185	201	200
Gm37337	0	0	0	0	0	0
Gm37338	0	0	0	0	0	0
Gm37340	7	4	2	1	8	3
Gm37341	0	0	0	0	0	0
Gm37342	11	19	14	10	15	6
Gm37343	0	0	0	0	0	0
Gm37345	6	9	5	3	6	4
Gm37347	1	0	1	2	0	1
Gm37349	37	27	24	26	24	31
Gm37352	38	54	31	34	38	47
Gm37353	16	20	11	12	20	22
Gm37354	10	19	10	10	13	6
Gm37355	0	0	0	0	0	0
Gm37356	71	53	46	49	51	55
Gm37357	14	17	12	13	16	14
Gm37359	11	13	3	5	9	6
Gm37362	13	25	12	8	17	8
Gm37363	25	28	24	12	34	25
Gm37364	2	1	3	1	1	2
Gm37366	122	106	106	69	127	109
Gm37367	15	14	8	3	7	13
Gm37368	3	2	5	2	6	5
Gm37369-001	0	0	0	0	0	0
Gm37370	34	24	24	18	28	30
Gm37371	3	4	2	1	5	13
Gm37372	3	5	2	0	2	2
Gm37373	0	2	1	0	1	2
Gm37374	0	0	0	1	1	0
Gm37375	4	3	3	1	7	1
Gm37376	20473	23829	16643	15685	19917	16977
Gm37379	465	444	365	337	429	347
Gm37382	14	20	15	13	19	15
Gm37383	15	21	24	13	22	10
Gm37385	2	2	1	2	0	2
Gm37386	0	0	0	0	0	0
Gm37388	487	369	261	215	222	310
Gm3739	43	46	18	28	61	49
Gm37390	0	2	1	0	0	2
Gm37391	43	28	20	21	27	14
Gm37393	2	1	0	0	3	3
Gm37395-001	0	0	0	0	0	0
Gm37396	1	4	1	2	1	2
Gm37397	899	785	616	558	711	757
Gm37398	0	0	0	0	0	0
Gm37399	15	8	9	9	4	8
Gm37400	0	0	0	0	0	0
Gm37401	1112	933	649	676	771	873
Gm37402	44	52	31	30	27	55
Gm37403	21	31	21	6	10	8
Gm37404	0	1	4	2	5	5
Gm37407	67	59	45	40	59	38
Gm37408	0	0	0	0	0	0
Gm37409	24	34	23	31	25	20
Gm37410	0	0	0	0	0	0
Gm37411	14	18	13	8	13	6
Gm37412	2	0	3	0	1	2
Gm37414	0	0	0	0	0	0
Gm37415	140	117	100	79	93	85
Gm37416	27	30	25	16	16	8
Gm37417-001	0	0	0	0	0	0
Gm37418	0	0	0	0	0	0
Gm37419	1	4	2	4	3	2
Gm37420	70	62	61	32	64	53
Gm37422	683	687	509	509	509	537
Gm37425	0	0	0	0	0	0
Gm37426	0	3	2	5	7	1
Gm37427	0	0	0	0	0	0
Gm37429	0	0	0	0	0	0
Gm37430-001	0	0	0	0	0	0
Gm37431-001	0	0	0	0	0	0
Gm37433-001	0	0	0	0	0	0
Gm37435	0	1	1	0	1	0
Gm37436	17	26	21	12	21	15
Gm37437	149	157	126	66	152	83
Gm37438	0	1	1	2	1	4
Gm37439	0	0	0	0	0	0
Gm37441-001	0	0	0	0	0	0
Gm37443	168	240	162	114	176	182
Gm37444	3	0	0	0	1	0
Gm37446	307	277	202	197	253	277
Gm37447	35	28	30	21	30	23
Gm37448-001	0	0	0	0	0	0
Gm37452	6	8	7	5	5	2
Gm37455	0	0	0	0	0	0
Gm37456	7	1	2	0	0	0
Gm37457	4	12	3	0	3	3
Gm37458	0	0	0	0	0	0
Gm37459	4058	3735	2934	2807	3093	3458
Gm37460	2	2	2	0	0	0
Gm37461	0	0	0	0	0	0
Gm37463	34	43	28	28	43	30
Gm37464	0	0	0	0	0	0
Gm37465	19	27	18	16	16	23
Gm37466	3	3	3	3	4	3
Gm37468	0	0	0	0	0	0
Gm37469	0	0	0	0	0	0
Gm37470	46	46	37	18	33	34
Gm37471	1	4	2	3	3	2
Gm37472	180	147	149	124	136	126
Gm37474	0	1	2	1	0	2
Gm37475	17	16	11	3	9	7
Gm37476-001	0	0	0	0	0	0
Gm37477	10	5	4	6	1	3
Gm37478	3	8	7	15	25	12
Gm37479	7	12	8	2	6	4
Gm37480	0	2	0	2	5	1
Gm37481-001	0	0	0	0	0	0
Gm37482	17	14	19	20	17	26
Gm37483	3	4	2	3	7	3
Gm37484	20	10	8	11	14	14
Gm37485	38	36	12	24	33	23
Gm37488	299	291	233	233	262	234
Gm37490	2	4	11	2	4	2
Gm37491	0	1	1	0	0	1
Gm37495	0	0	0	0	0	0
Gm37496	0	0	0	0	0	0
Gm37497	1	0	0	1	0	0
Gm37498	1	6	3	5	8	4
Gm37499	254	263	211	187	188	250
Gm3750	0	0	0	0	0	0
Gm37500	119	113	100	88	79	90
Gm37503	18	35	26	28	21	28
Gm37504	0	0	3	0	0	0
Gm37505	0	0	0	2	0	0
Gm37506	3	3	2	1	1	2
Gm37508	2	0	2	1	0	0
Gm37509	728	723	481	488	474	552
Gm37510	58	51	57	37	70	43
Gm37511	0	0	0	0	0	0
Gm37513	47	50	37	1	0	1
Gm37514	1	1	1	0	1	0
Gm37516	0	0	0	0	0	0
Gm37517	35	42	36	22	30	25
Gm37518	0	0	0	0	0	0
Gm37519	20	13	11	6	4	5
Gm3752	28	39	20	31	39	40
Gm37520	2	1	3	1	0	1
Gm37521	32	26	32	18	23	28
Gm37522	109	115	94	73	78	85
Gm37524	50	83	59	42	73	49
Gm37525	0	0	0	0	0	1
Gm37526	1	5	1	5	2	0
Gm37527	0	0	1	1	0	0
Gm37529	47	61	40	17	31	25
Gm37530	307	306	229	6	4	8
Gm37531	86	98	81	65	97	84
Gm37533	0	0	0	0	0	0
Gm37534	813	838	674	595	857	757
Gm37535	0	0	0	0	0	0
Gm37536	6	9	7	4	4	8
Gm37537	10	12	10	5	16	11
Gm37539	69	92	65	39	54	66
Gm37541	13	10	8	6	11	6
Gm37542	1	0	0	0	0	1
Gm37543	6	8	8	2	8	11
Gm37546	0	0	0	0	0	0
Gm37548	2	1	3	1	0	1
Gm37549	0	0	0	1	0	0
Gm3755	17	26	8	14	9	10
Gm37551	2	14	4	10	26	15
Gm37553	74	78	65	60	78	70
Gm37555	0	0	0	0	0	0
Gm37556	1	0	0	0	0	0
Gm37558	199	230	182	174	217	184
Gm37560	0	0	0	0	0	0
Gm37562	3	11	3	8	1	5
Gm37563	37	51	40	37	39	40
Gm37564	9	8	14	5	6	7
Gm37566	87	86	66	53	60	59
Gm37567	0	0	1	1	1	1
Gm37569	112	136	118	60	119	105
Gm37570	119	131	121	123	170	159
Gm37571	23	25	21	14	16	12
Gm37573	20	32	16	10	23	13
Gm37578	14	19	22	8	16	9
Gm37580	22	5	10	7	7	12
Gm37581	36	48	31	25	48	38
Gm37582	2	5	1	1	3	1
Gm37583	4831	4460	3391	2022	2338	2454
Gm37586-001	0	1	0	0	0	0
Gm37588	41	44	39	23	30	34
Gm37589	391	374	302	207	262	232
Gm37590	0	0	0	0	0	0
Gm37592	141	171	100	120	116	136
Gm37593	9	10	7	2	3	3
Gm37595	0	0	0	0	0	0
Gm37596	0	0	0	0	0	0
Gm37598	51	58	31	22	36	30
Gm37599	5	7	2	3	0	1
Gm3760-001	2	0	0	0	0	1
Gm37600	5	3	4	4	6	6
Gm37602	127	162	96	65	120	100
Gm37604	0	0	0	0	0	0
Gm37605	0	0	0	0	0	0
Gm37606	65	65	50	41	45	44
Gm37607	227	193	168	417	474	525
Gm37608	8	5	7	6	9	8
Gm37609	0	0	1	0	0	0
Gm37610	0	0	0	0	0	0
Gm37611	17	16	27	5	16	13
Gm37612	15	20	13	10	11	10
Gm37613	23	22	20	17	22	21
Gm37614	11	9	7	10	19	13
Gm37615	0	0	0	0	0	0
Gm37618	14	15	9	10	11	13
Gm37620	0	0	0	0	0	0
Gm37621	82	98	86	66	97	82
Gm37622	86	87	69	60	78	59
Gm37623	0	0	0	0	0	0
Gm37624	0	0	1	0	1	0
Gm37625	10	15	13	23	27	34
Gm37626	227	206	178	203	260	198
Gm37627-001	0	0	0	0	0	0
Gm37628	120	212	128	93	155	131
Gm37629	3	1	2	1	7	1
Gm3763	0	0	0	0	0	0
Gm37630	0	0	0	0	0	0
Gm37631	0	0	0	0	0	0
Gm37632	53	50	51	46	59	67
Gm37633	8	7	10	4	10	2
Gm37634	82	79	66	66	78	84
Gm37637	135	102	81	95	90	115
Gm37638	0	0	0	0	0	0
Gm37639	86	82	83	54	98	74
Gm37640	2	5	1	0	1	1
Gm37641	0	0	0	0	0	0
Gm37642	1	3	1	1	0	1
Gm37643	41	38	34	14	32	15
Gm37644	1	2	0	1	1	0
Gm37645	0	2	0	0	1	1
Gm37646	6	16	9	9	11	9
Gm37647	2	1	0	0	0	1
Gm37648	15	13	18	10	13	17
Gm37649	103	99	90	77	67	83
Gm37650	0	0	0	0	0	0
Gm37651	4	6	2	2	3	5
Gm37652	4	2	5	1	2	1
Gm37653	107	85	65	70	98	68
Gm37655	165	184	113	62	105	123
Gm37658-001	0	0	0	0	0	0
Gm37660	35	27	41	32	38	26
Gm37661	1	4	0	1	2	2
Gm37663	97	98	82	41	71	48
Gm37664	0	0	0	0	0	0
Gm37665	27	26	43	16	22	14
Gm37666	5	6	5	5	9	2
Gm37667	0	0	0	1	0	0
Gm37668	0	0	3	0	0	0
Gm37669	5	5	4	5	4	4
Gm37671	1	0	0	0	2	0
Gm37672	6	11	4	11	15	12
Gm37673	30	39	23	13	34	16
Gm37674	45	54	56	29	68	41
Gm37675	7	3	9	3	7	3
Gm37676	1466	1385	947	944	1118	1217
Gm37677	243	229	204	136	235	200
Gm37678	577	532	391	412	435	502
Gm37679	9	9	11	3	8	3
Gm37683	8	3	1	1	7	3
Gm37685	42	38	27	30	53	52
Gm37686	14	21	12	7	11	12
Gm37689	2	4	3	1	6	5
Gm37691	19	7	10	0	3	8
Gm37694	68	77	56	59	66	56
Gm37695	0	3	1	3	1	1
Gm37696	14	5	5	1	11	6
Gm37697	3	5	8	8	1	5
Gm37698	0	0	0	0	0	0
Gm37699	98	76	66	77	70	62
Gm37700	0	0	0	0	0	0
Gm37701	1	0	1	1	0	1
Gm37702	50	77	53	26	25	29
Gm37703	0	0	0	0	0	0
Gm37705	0	0	0	0	0	0
Gm37706	144	170	129	87	137	120
Gm37707	4	1	2	3	1	1
Gm37708	0	0	0	0	0	0
Gm37709	0	0	0	0	0	0
Gm37710	82	67	45	61	69	73
Gm37711	0	1	3	2	2	1
Gm37714	2	4	1	5	1	1
Gm37715-001	0	0	0	0	0	0
Gm37716	24	27	23	12	14	21
Gm37717	6	12	5	104	143	123
Gm37718	26	35	23	13	25	22
Gm37720	6	12	11	6	9	8
Gm37722	0	0	0	0	0	0
Gm37723-001	0	0	0	0	0	0
Gm37725	14	19	10	6	18	6
Gm37726	54	63	53	34	36	26
Gm37727	1	0	0	0	0	0
Gm37728	51	72	54	31	50	48
Gm37729	9	1	2	4	2	0
Gm37730	0	0	0	0	0	0
Gm37731	17	19	15	12	23	16
Gm37733	138	147	116	102	151	118
Gm37735	2	1	2	3	1	0
Gm37736	6	9	7	2	8	3
Gm37737	0	0	0	0	0	2
Gm37738	169	120	140	122	166	136
Gm37741	0	0	0	1	0	0
Gm37742	96	82	72	70	57	83
Gm37743	0	0	0	0	0	0
Gm37744	1	0	1	1	0	1
Gm37745	208	203	158	127	172	149
Gm37746	1	1	1	1	0	0
Gm37747	1	9	5	14	4	11
Gm37749	0	0	0	0	0	0
Gm37750	8	8	4	0	4	5
Gm37751	3	5	4	10	12	12
Gm37752	0	0	0	0	0	0
Gm37753	54	32	32	16	30	24
Gm37755	230	266	191	115	174	140
Gm37756	651	592	442	243	314	328
Gm37758	21	61	15	15	23	25
Gm37759	268	262	200	184	199	221
Gm37760	6	4	8	5	9	4
Gm37761	1	0	0	0	0	0
Gm37762	0	0	0	0	0	0
Gm37764	1437	1241	911	1289	1704	1520
Gm37765-001	0	0	0	0	0	0
Gm37766	2	0	0	0	2	0
Gm37767	14	12	20	2	8	5
Gm37768	98	91	66	63	60	70
Gm37769	4	15	2	2	3	4
Gm37771-001	0	0	0	0	0	0
Gm37772	4	11	6	7	12	7
Gm37773	5	5	3	4	2	2
Gm37774	0	0	0	0	0	0
Gm37775	0	0	0	0	0	0
Gm37776	91	100	85	72	92	67
Gm37777	1	2	2	0	1	1
Gm37778-001	0	0	0	0	0	0
Gm37779	1	0	0	0	0	0
Gm37780	7	12	11	4	10	3
Gm37781	2	3	3	5	4	3
Gm37782	0	0	0	2	2	1
Gm37783	90	81	88	79	104	97
Gm37785	29	37	29	29	21	31
Gm37786	97	85	55	59	70	70
Gm37787	0	0	0	0	0	0
Gm37788	23	32	19	3	19	9
Gm37789	0	0	0	0	0	0
Gm37790	65	59	62	41	42	28
Gm37792	10	15	5	5	16	6
Gm37793-001	0	0	0	0	0	0
Gm37795	27	32	13	13	12	17
Gm37796	0	0	0	0	0	0
Gm37802	55	71	60	47	51	57
Gm37803	0	0	0	0	0	1
Gm37804	79	77	50	52	64	50
Gm37805	49	39	23	43	39	28
Gm37806	2	5	1	0	0	0
Gm37807-001	0	0	0	0	0	0
Gm37809	15	14	6	16	19	10
Gm37811	913	818	693	682	672	843
Gm37812	3	3	0	0	1	2
Gm37813	0	0	0	0	0	0
Gm37814	40	60	48	23	32	28
Gm37815	0	0	0	0	0	0
Gm37817	18	14	14	10	11	21
Gm37818	331	326	281	231	276	247
Gm37819	0	0	0	0	0	0
Gm37820	15	10	6	19	12	11
Gm37822	5	1	0	1	0	0
Gm37823	0	0	0	1	0	0
Gm37824	607	524	491	535	543	566
Gm37825	0	0	0	0	0	0
Gm37827	2	5	2	4	2	1
Gm37828	0	1	0	0	0	0
Gm37829	377	326	264	268	345	314
Gm37830	0	0	0	0	0	0
Gm37831	0	0	0	0	0	0
Gm37833	32	46	39	41	40	31
Gm37834	14	15	15	7	8	10
Gm37837	4	2	3	0	3	6
Gm37842	2	6	5	2	2	0
Gm37843	2	3	1	0	0	0
Gm37844	302	320	226	215	276	259
Gm37846	0	1	0	1	0	2
Gm37847	114	132	93	52	39	42
Gm37848	16	15	9	5	17	9
Gm37849	6	18	9	7	8	5
Gm37850	119	128	79	106	126	111
Gm37851	1	0	0	0	0	0
Gm37852	2	1	2	0	0	0
Gm37854	0	0	0	0	0	0
Gm37856	1	0	1	0	1	0
Gm37857	0	0	0	0	0	0
Gm37858	0	0	0	0	0	0
Gm37859	8	10	7	5	6	3
Gm37860	41	30	23	20	22	25
Gm37861	12	16	14	10	10	14
Gm37862	40	72	32	22	47	27
Gm37863	0	0	1	0	0	0
Gm37864	119	125	98	59	94	76
Gm37866	0	0	0	0	0	0
Gm37868	47	39	31	25	34	22
Gm37869	0	0	0	0	0	0
Gm37871	4	6	0	3	4	6
Gm37872	0	0	0	0	0	0
Gm37873	3	6	3	2	1	0
Gm37874	290	274	198	238	309	296
Gm37876	38	37	26	19	28	33
Gm37877	3	0	0	3	5	4
Gm37878-001	0	0	0	0	0	0
Gm37879	69	82	59	64	68	58
Gm37880	41	62	39	27	51	38
Gm37881	0	0	0	0	0	0
Gm37882-001	0	0	0	0	0	0
Gm37883	0	0	0	0	0	0
Gm37884	1	5	1	4	5	1
Gm37885	205	228	159	117	142	165
Gm37886	2	2	0	2	2	2
Gm37887	0	0	1	0	0	0
Gm37888	0	0	0	0	0	0
Gm37889	0	0	0	0	0	0
Gm37890	0	0	0	0	0	0
Gm37891	223	227	164	138	219	198
Gm37892	0	0	0	0	0	0
Gm37893	97	99	94	51	59	69
Gm37894	3	11	8	11	8	9
Gm37895	197	296	216	115	221	191
Gm37897	26	39	17	17	44	22
Gm37899	352	431	294	203	350	322
Gm379	0	0	0	0	0	0
Gm37900	24	18	20	21	31	24
Gm37902	257	338	276	151	203	225
Gm37903	13	3	3	2	3	4
Gm37905	18	19	22	9	10	17
Gm37906	152	170	121	111	136	136
Gm37907	0	0	1	0	0	0
Gm37908	0	0	0	0	0	0
Gm37909	96	75	62	86	56	56
Gm37910	0	0	0	0	0	0
Gm37911	11	17	10	15	8	6
Gm37912	0	0	0	0	0	0
Gm37913	0	0	0	0	0	0
Gm37914	60	58	55	28	55	55
Gm37915	143	113	91	87	91	120
Gm37916	4	3	1	0	0	1
Gm37917	9	8	0	13	17	24
Gm37920	0	0	0	0	0	0
Gm37921-001	0	0	0	0	0	0
Gm37924	0	0	0	0	1	1
Gm37925	11	26	23	8	21	16
Gm37926	0	0	0	0	0	0
Gm37928	15	24	15	4	12	9
Gm37929	1	3	2	1	0	2
Gm3793	8	9	7	9	9	4
Gm37930	0	0	0	0	0	0
Gm37931	165	142	145	116	121	116
Gm37932	8	6	8	10	7	5
Gm37934	1	1	1	1	2	1
Gm37935	217	149	119	143	163	158
Gm37936	6	11	10	7	9	7
Gm37938	16	10	11	5	10	13
Gm37939	421	367	254	289	305	298
Gm37940	88	91	91	50	60	61
Gm37941	198	218	187	123	215	179
Gm37942	21	18	11	15	25	20
Gm37943	76	69	70	54	59	52
Gm37944-001	1	0	0	0	0	0
Gm37945	14	15	15	11	16	15
Gm37946	28	19	18	14	19	20
Gm37947	0	0	0	0	0	0
Gm37949	21	21	16	4	11	15
Gm37950	0	1	0	0	0	0
Gm37951	0	0	0	0	0	0
Gm37953	26	35	25	17	27	26
Gm37954	11	10	15	11	15	12
Gm37955	9	5	3	5	3	3
Gm37956	3	3	3	0	5	2
Gm37957	0	0	0	0	0	0
Gm37959	13	12	10	4	10	4
Gm37960	38	40	24	24	44	32
Gm37961	0	0	0	0	0	0
Gm37962	37	32	22	19	26	35
Gm37963	55	68	47	55	57	50
Gm37964	25	46	35	25	38	38
Gm37965	19	14	16	10	9	9
Gm37966	0	0	0	0	0	0
Gm37967	22	17	19	6	16	6
Gm37968	24	15	16	19	28	24
Gm37969	2	10	8	7	6	5
Gm37970	0	0	0	0	0	0
Gm37972	0	0	0	0	0	0
Gm37973	14	21	3	12	14	14
Gm37974	11	13	9	5	6	3
Gm37975	5	8	2	6	5	4
Gm37976	0	0	0	0	0	0
Gm37977	4	2	2	2	1	0
Gm37978	35	44	30	17	37	23
Gm37979	35	46	41	21	36	25
Gm37980	549	499	402	330	466	441
Gm37982	7	6	3	4	7	5
Gm37983	112	115	73	60	97	78
Gm37984	7	8	5	4	2	3
Gm37985	0	9	3	0	4	3
Gm37987	0	0	0	0	0	0
Gm37989	0	0	0	0	0	0
Gm37990-001	0	0	0	0	0	0
Gm37991-001	0	0	0	0	0	0
Gm37993	13	15	15	13	11	6
Gm37995	28	21	22	14	25	30
Gm37997	0	0	0	0	0	0
Gm37999	23	23	19	19	17	21
Gm38000	1	1	1	2	4	2
Gm38001	7	15	7	11	9	9
Gm38005	0	0	0	0	0	1
Gm38006	0	0	0	0	0	0
Gm38009	38	29	20	13	17	9
Gm38010	27	27	25	14	28	27
Gm38011	0	0	0	0	0	0
Gm38012	1	3	2	0	4	1
Gm38014	50	51	37	34	41	42
Gm38016-001	0	0	0	0	0	0
Gm38017-001	0	0	0	0	0	0
Gm38018-001	0	0	0	0	0	0
Gm38020	548	487	412	348	420	399
Gm38021	21	23	22	15	27	20
Gm38024	6	8	5	1	4	3
Gm38026	7	7	7	6	3	6
Gm38029	18	35	16	27	21	18
Gm38031	53	80	46	42	62	60
Gm38032	118	116	119	77	104	98
Gm38033	25	31	12	16	21	23
Gm38034	64	43	23	26	55	40
Gm38035-001	0	0	0	0	0	0
Gm38036	101	119	104	90	137	107
Gm38037	17	15	14	17	26	26
Gm38039	215	197	164	99	119	118
Gm38040-001	4	2	0	0	2	3
Gm38042	29	20	29	12	18	16
Gm38043	78	68	45	52	50	50
Gm38045	0	0	0	0	0	0
Gm38046	4	5	10	1	3	4
Gm38047	7	6	7	8	12	3
Gm38048	22	25	23	29	28	23
Gm38049	0	0	0	0	0	0
Gm38050-001	0	0	0	0	0	0
Gm38052	0	0	0	0	0	0
Gm38053-001	4	2	3	5	2	1
Gm38055	7	19	8	7	11	9
Gm38056	353	367	287	203	231	251
Gm38057	108	118	100	59	72	82
Gm38058	297	305	238	259	323	320
Gm38059	5	7	6	4	7	6
Gm38061	0	0	0	0	0	0
Gm38062	3	1	1	1	0	0
Gm38063	0	2	1	0	0	1
Gm38065	2	0	0	0	0	0
Gm38066	1	2	3	1	0	0
Gm38067	174	147	128	120	148	175
Gm38068	0	0	0	0	0	0
Gm38069	0	0	0	0	0	1
Gm3807	28	23	19	20	30	33
Gm38070	6	8	4	0	3	5
Gm38071	28	29	22	16	20	20
Gm38073	4	9	7	66	71	74
Gm38074	0	1	0	0	1	3
Gm38075	3	4	1	1	2	2
Gm38077	229	213	170	151	193	192
Gm38081	1	2	0	1	1	0
Gm38082	90	88	86	47	73	58
Gm38083	24	22	10	13	10	14
Gm38085	57	65	57	24	50	37
Gm38086-001	0	0	0	0	0	0
Gm38087	0	0	0	0	0	0
Gm38089	0	0	0	0	0	0
Gm38090	0	0	0	0	0	0
Gm38091	54	49	48	20	49	44
Gm38092	21	28	12	45	60	56
Gm38094	0	0	0	0	0	0
Gm38095	0	0	0	0	0	0
Gm38097	30	38	28	19	22	24
Gm38099	68	65	55	62	70	68
Gm38100	0	0	0	0	0	0
Gm38103	0	0	0	0	0	0
Gm38104	156	157	88	86	121	103
Gm38105	0	0	1	3	4	2
Gm38106	0	0	0	0	0	0
Gm38107-001	0	0	0	0	0	0
Gm38109	12	4	9	5	7	4
Gm38110	33	30	32	19	19	26
Gm38111	50	45	33	26	32	24
Gm38114	2	5	5	1	4	5
Gm38115	49	43	57	37	38	34
Gm38116	6	25	19	10	10	12
Gm38117	2	4	1	3	0	1
Gm38118	2	2	2	0	1	0
Gm38119	0	0	0	0	0	0
Gm38120	164	172	167	113	152	134
Gm38121-001	0	0	0	0	0	0
Gm38122	0	0	0	0	1	1
Gm38123	3	5	4	4	7	4
Gm38124	30	26	19	14	22	26
Gm38125	33	31	29	19	23	22
Gm38126	23	33	28	11	15	18
Gm38128	0	0	0	0	1	0
Gm38129	47	51	28	26	35	24
Gm38130	0	0	0	0	0	0
Gm38133	0	0	3	0	0	0
Gm38134	98	109	86	62	78	68
Gm38137	1	0	0	0	0	0
Gm38138-001	0	0	0	0	0	0
Gm38139	5	2	9	3	10	16
Gm38140	21	14	9	8	10	5
Gm38141	0	0	0	0	0	0
Gm38142	45	46	48	28	39	39
Gm38144	2	1	1	1	0	1
Gm38145-001	0	0	0	0	0	0
Gm38146	39	44	31	21	41	38
Gm38147	56	54	50	34	54	34
Gm38148	16	51	35	17	33	20
Gm38149-001	0	0	0	0	0	0
Gm38152	0	2	0	0	0	0
Gm38155	83	73	75	75	82	67
Gm38156	6	12	9	4	5	10
Gm38157	20	9	16	4	16	9
Gm38160	96	88	63	55	62	67
Gm38162	581	608	483	698	825	796
Gm38163	14	8	5	23	22	16
Gm38165	2	0	0	1	2	0
Gm38166	13	22	7	7	9	12
Gm38167	1	0	0	0	2	0
Gm38169	49	42	47	26	41	42
Gm38170	37	48	23	29	39	39
Gm38172	0	0	0	0	0	0
Gm38173	3	1	11	1	11	3
Gm38175	0	0	0	0	0	0
Gm38177	2	4	7	5	2	3
Gm38178	2	1	3	0	1	1
Gm38179	0	4	4	1	1	1
Gm38180	0	0	0	0	0	0
Gm38181-001	0	0	0	0	0	0
Gm38183-001	0	0	0	0	0	0
Gm38184	0	0	0	0	0	0
Gm38185-001	0	0	0	0	0	0
Gm38186	6	8	2	6	9	9
Gm38187	6	4	2	6	5	4
Gm38188	1	2	0	0	0	2
Gm38189	0	0	0	0	0	0
Gm38190	299	324	206	246	271	251
Gm38191	0	0	0	2	0	1
Gm38192	88	80	67	75	105	71
Gm38193	295	260	220	226	280	266
Gm38194	15	17	14	14	27	19
Gm38195	0	0	0	0	0	0
Gm38197	3	2	0	1	0	0
Gm38198	72	120	85	46	110	87
Gm38199	0	0	3	0	0	0
Gm382	0	0	0	0	0	0
Gm38200	42	39	34	34	43	40
Gm38203	0	0	0	0	0	0
Gm38204	0	0	0	0	0	0
Gm38205	0	0	0	0	0	0
Gm38206	0	0	0	0	0	0
Gm38207	0	0	0	0	0	0
Gm38210	1	2	3	2	0	0
Gm38211	2	1	1	0	0	0
Gm38212	0	0	0	0	0	0
Gm38214	60	57	64	37	44	39
Gm38215	5	7	6	3	3	8
Gm38217	8	18	7	15	22	7
Gm38218	7	13	11	5	9	16
Gm38219	0	0	0	0	0	0
Gm3822	0	0	0	0	0	0
Gm38220	22	24	19	25	27	31
Gm38221	40	48	23	17	19	22
Gm38223	23	14	4	6	4	6
Gm38224	6	4	8	15	9	5
Gm38225	39	38	32	39	33	42
Gm38226	2	3	2	3	7	7
Gm38227	41	44	27	27	42	46
Gm38228	14	15	16	13	9	14
Gm38229-001	0	0	0	0	0	0
Gm38230	27	27	21	25	39	28
Gm38231	0	1	3	7	3	9
Gm38232	0	0	0	0	0	0
Gm38234	2	1	2	1	0	3
Gm38235	109	156	138	83	114	95
Gm38236	10	10	10	2	1	9
Gm38238	0	0	0	0	0	0
Gm38240	6	7	7	3	3	1
Gm38242	0	0	0	0	0	0
Gm38243	2	0	1	1	0	1
Gm38244	0	2	0	2	0	0
Gm38245	21	17	17	10	17	21
Gm38248	28	28	34	18	29	23
Gm38249	4	3	0	1	2	2
Gm38250	199	185	148	160	192	162
Gm38251	25	16	26	14	19	16
Gm38252	10	5	3	4	5	8
Gm38253	396	337	271	242	345	291
Gm38254	0	0	1	0	1	0
Gm38255	1	0	1	1	1	0
Gm38256	1	0	1	0	0	0
Gm38257	96	105	88	76	100	70
Gm38259	12	22	16	6	11	8
Gm38260	96	147	71	59	98	85
Gm38262	8	12	7	5	12	10
Gm38263	0	0	3	1	4	2
Gm38264	0	0	0	0	0	0
Gm38265	0	0	0	1	0	0
Gm38268	1	2	4	1	4	3
Gm38269	0	0	0	0	0	0
Gm38270	0	0	0	0	0	0
Gm38271	3	0	6	10	5	2
Gm38272	0	0	0	0	1	1
Gm38273	21	30	17	38	37	31
Gm38275	0	1	0	0	0	0
Gm38276	0	0	0	0	0	0
Gm38277	0	1	0	0	1	0
Gm38278	1	2	0	2	2	1
Gm38279	4	7	10	8	8	7
Gm38281	0	0	0	0	0	0
Gm38282	0	0	0	0	0	0
Gm38283	8	6	3	4	6	5
Gm38284	0	0	2	1	2	0
Gm38285	5	10	11	4	11	7
Gm38286	74	97	48	31	62	61
Gm38287	354	279	201	206	203	240
Gm38289	0	0	0	0	0	0
Gm38292	2	2	0	0	0	0
Gm38295-001	0	0	0	0	0	0
Gm38297	19	8	15	7	11	7
Gm38299	2	8	5	3	2	0
Gm38300	83	76	66	52	55	56
Gm38301	7	5	4	1	4	2
Gm38302	20	23	25	10	14	21
Gm38304	97	70	56	54	50	45
Gm38306-001	0	0	0	0	0	0
Gm38307	4	5	4	4	7	7
Gm38308	19	20	16	6	13	10
Gm38309	31	41	27	24	37	26
Gm38312	23	22	15	18	19	21
Gm38313	3	1	1	0	3	3
Gm38314	4	2	2	1	2	0
Gm38315	50	53	50	26	47	22
Gm38316	340	320	283	394	428	511
Gm38318	11	10	10	0	7	3
Gm38319	25	17	14	18	28	13
Gm38320	3	0	0	3	0	2
Gm38321	0	0	0	0	0	0
Gm38322	0	0	0	0	0	0
Gm38325	1	3	2	3	1	2
Gm38327	6	5	2	4	6	2
Gm38329	3	9	2	3	5	1
Gm38330	0	2	0	0	2	2
Gm38331	238	199	180	145	149	143
Gm38333	0	0	0	0	1	0
Gm38336	671	640	505	501	521	538
Gm38337	0	0	0	0	0	0
Gm38339	0	0	0	0	0	0
Gm38340	10	11	4	14	13	17
Gm38341	0	0	0	0	0	0
Gm38342	68	56	39	25	41	42
Gm38343	0	0	0	0	0	0
Gm38344	18	19	16	14	12	14
Gm38345	2	0	0	0	1	0
Gm38346	4	4	3	2	3	0
Gm38348	20	22	30	10	21	18
Gm38349	0	0	0	0	0	0
Gm38350-001	0	0	0	0	0	0
Gm38351	0	4	1	0	2	0
Gm38352	11	4	10	3	2	0
Gm38354	0	0	0	0	0	0
Gm38355	12	15	16	11	9	14
Gm38357	73	88	58	55	68	55
Gm38359	35	32	28	20	28	33
Gm38362	1	2	1	0	0	0
Gm38365	86	57	57	47	57	45
Gm38366	254	212	196	135	208	192
Gm38368	16	20	23	8	8	14
Gm38369-001	0	0	0	0	0	0
Gm38372	288	281	236	222	313	258
Gm38373	0	0	0	0	0	0
Gm38374	98	89	72	74	69	59
Gm38375	51	80	70	46	70	53
Gm38376	53	68	53	34	50	48
Gm38377	14	15	8	10	8	3
Gm38378	47	50	37	1	0	1
Gm38379	14	8	14	9	13	9
Gm38380	87	82	66	45	53	58
Gm38381	100	138	81	51	109	93
Gm38382	0	0	0	0	0	0
Gm38383	9	5	4	2	2	2
Gm38384	72	67	64	47	57	58
Gm38385	0	0	0	0	0	0
Gm38386	2	3	5	4	5	2
Gm38387	131	161	145	134	182	162
Gm38388	0	0	1	0	1	0
Gm3839	1491	1425	1019	1265	1291	1537
Gm38390	0	0	0	0	0	0
Gm38391	140	135	96	112	119	130
Gm38392	32	28	22	18	18	19
Gm38394	8503	8208	6385	5994	7258	7155
Gm38451	17	12	8	3	9	9
Gm3848	11	12	10	5	6	4
Gm3854	248	294	195	210	220	253
Gm38706-001	0	0	0	0	0	0
Gm3880	0	0	0	0	0	0
Gm3883-001	237	216	177	2	9	13
Gm38840-001	0	0	0	0	0	0
Gm3892	72	59	62	1	3	2
Gm3893	6	5	5	0	1	0
Gm38941-001	15	13	19	13	10	19
Gm3896	7	13	9	1	13	6
Gm3898	78	67	56	61	68	66
Gm38999	0	0	0	0	1	0
Gm3944	1	0	0	18	14	25
Gm3952	1	0	0	69	32	26
Gm3956-001	0	0	0	0	0	0
Gm3961	0	0	0	0	0	0
Gm3962	11	17	11	15	9	8
Gm3970	4	1	4	5	7	1
Gm3972-001	3	12	10	13	12	11
Gm3978-001	8	13	8	11	7	7
Gm3993	0	0	0	0	0	1
Gm40-001	0	1	1	0	1	0
Gm4011-001	0	0	0	0	0	0
Gm4027	3	12	4	4	4	2
Gm4064	0	1	0	0	0	0
Gm4070	305	228	196	88	74	107
Gm4073-001	3	4	0	2	3	4
Gm4076	7	1	5	2	2	3
Gm4081	2	0	2	0	2	2
Gm41-001	0	0	0	0	0	0
Gm4128	4	3	6	2	5	1
Gm4131	0	0	0	0	0	0
Gm4133	0	0	0	0	0	0
Gm4134-001	31	32	25	27	30	30
Gm4141	0	0	0	0	0	0
Gm4149-201	2359	2294	1664	1682	1894	2296
Gm4175	0	0	0	0	0	0
Gm4177	0	0	0	0	0	0
Gm4181	0	0	0	0	0	0
Gm4187	0	0	0	0	0	0
Gm4201	0	0	0	0	0	0
Gm4207-001	0	0	0	0	0	0
Gm4214	0	0	0	0	0	0
Gm4216	0	0	0	0	0	0
Gm4234-001	0	0	0	0	0	0
Gm42372	1393	1364	955	876	1004	1055
Gm42413	549	517	365	373	412	499
Gm42416	1330	1177	888	819	883	1003
Gm42417	446	470	347	335	378	393
Gm42421	187	162	117	111	140	144
Gm42425	19	12	22	16	19	13
Gm42427	665	655	577	471	556	480
Gm42429	12	21	13	3	12	9
Gm42432	32	43	33	18	41	29
Gm42433	199	176	126	120	148	172
Gm42435	4	2	3	2	3	2
Gm42436	31	19	9	12	16	15
Gm42437	3	6	3	3	4	7
Gm42438	28	34	27	13	27	18
Gm42439	11	34	15	11	20	15
Gm42440	19	42	34	23	44	25
Gm42441	9	12	9	5	7	13
Gm42442	15	27	7	17	20	17
Gm42443	14	25	20	15	16	13
Gm42444	70	116	81	54	100	63
Gm42445	45	42	29	33	45	31
Gm42446	156	195	133	114	163	133
Gm42447	79	77	76	51	69	73
Gm42448	75	64	51	34	59	62
Gm42449	2	2	2	1	2	1
Gm42452-001	0	0	0	0	0	0
Gm42454	0	0	0	0	0	0
Gm42455	0	2	0	0	2	0
Gm42457	566	504	366	402	427	458
Gm42458	3	0	2	1	1	0
Gm42460	4	3	1	0	0	1
Gm42461	2	0	1	0	0	1
Gm42462	183	144	125	123	140	187
Gm42463	120	129	97	84	97	91
Gm42465-001	0	0	0	0	0	0
Gm42466	59	42	39	40	52	32
Gm42467	39	55	30	39	41	42
Gm42469	78	73	69	56	80	77
Gm42471	4	2	0	4	0	2
Gm42472-001	0	0	0	0	0	0
Gm42473	1	0	1	0	1	0
Gm42475-001	0	0	0	0	0	0
Gm42477	344	334	268	218	248	301
Gm42478	22	28	27	32	23	34
Gm42479	12	27	17	10	30	19
Gm42480	36	35	35	20	42	32
Gm42481	22	43	16	5	23	32
Gm42482	13	22	19	10	23	13
Gm42483	12	24	22	12	19	14
Gm42484	15	30	18	10	22	19
Gm42486	8	13	8	6	14	11
Gm42490	9	15	8	5	15	12
Gm42492	107	108	72	69	112	109
Gm42493	0	0	0	0	0	0
Gm42494	0	0	0	0	0	0
Gm42496	3	3	3	2	12	7
Gm42497	13	8	11	4	15	4
Gm42498	18	27	23	7	6	14
Gm42499	0	0	0	0	0	0
Gm42501	29	28	20	25	18	31
Gm42502	61	63	57	58	67	58
Gm42503	7	16	5	8	11	7
Gm42506	0	1	0	0	1	1
Gm42507	602	527	390	411	404	504
Gm42508	35	25	24	10	16	16
Gm42509	6	11	13	3	7	2
Gm42510	8	9	11	14	11	9
Gm42513	9	11	11	4	6	7
Gm42514	115	97	75	78	94	84
Gm42515	211	194	166	125	173	144
Gm42516	12	5	2	8	9	6
Gm42519	6	6	8	3	8	2
Gm42520	9	13	9	15	14	11
Gm42521	69	80	64	48	70	52
Gm42527	3	3	8	1	1	1
Gm42528	80	71	56	67	60	66
Gm42529	16	20	17	9	13	11
Gm42531	31	45	30	19	28	42
Gm42532	0	0	0	0	0	0
Gm42534	15	27	18	12	23	12
Gm42535	0	0	0	0	1	0
Gm42536	17	30	16	6	19	15
Gm42537	33	57	45	22	39	40
Gm42538	34	34	30	21	26	27
Gm42539	0	0	0	0	0	0
Gm42540	6	6	6	11	5	4
Gm42541	0	2	0	1	1	1
Gm42542	0	0	0	0	0	0
Gm42543	0	0	0	0	0	0
Gm42544	17	20	15	12	14	23
Gm42545	0	0	0	0	0	0
Gm42546	67	82	73	25	24	30
Gm42547	265	289	215	189	252	218
Gm42548	88	93	69	53	70	73
Gm42549	135	133	108	68	87	100
Gm42550	1	1	3	1	1	1
Gm42551	26	31	31	29	32	31
Gm42552	5	9	4	8	5	3
Gm42553	59	55	40	6	10	8
Gm42556	5	1	3	4	4	4
Gm42557	0	0	0	0	0	0
Gm42558	0	0	0	0	0	0
Gm42559	92	118	83	56	86	73
Gm42560	6	10	8	11	15	8
Gm42561-001	0	0	0	0	0	0
Gm42566	74	26	23	101	141	98
Gm42567	2	2	1	1	0	2
Gm42568	74	60	54	41	55	47
Gm42571	133	179	139	105	133	103
Gm42572	325	297	226	180	234	233
Gm42574	388	389	257	263	321	337
Gm42576	51	39	49	19	35	34
Gm42577	13	15	9	8	9	10
Gm42582	4	0	4	1	2	1
Gm42583	13	36	20	15	16	23
Gm42585	761	762	679	501	639	575
Gm42587	3	2	2	1	2	2
Gm42588	15	21	16	9	12	11
Gm42589	30	22	26	21	21	20
Gm42591	4	10	3	7	4	6
Gm42594	0	0	0	0	0	0
Gm42596	19	21	12	18	22	19
Gm42597	57	97	60	47	82	77
Gm42598	53	88	68	32	75	69
Gm42599	0	2	0	0	0	0
Gm42600	219	198	160	120	197	187
Gm42602	0	1	0	0	0	0
Gm42603	2	0	0	1	2	0
Gm42604	10	5	6	3	8	6
Gm42605	7	8	3	18	40	16
Gm42606	0	0	0	0	0	0
Gm42607	3	6	1	5	3	6
Gm42608	6	12	11	6	9	3
Gm42609	75	64	52	49	64	39
Gm42611	117	141	110	62	110	71
Gm42613	24	24	14	9	10	11
Gm42614	30	36	25	19	37	26
Gm42615	70	101	68	67	77	58
Gm42616	36	56	41	20	28	24
Gm42617	8	15	15	5	11	13
Gm42619	0	0	0	0	0	0
Gm42620	19	27	11	11	17	21
Gm42621-001	0	0	0	0	0	0
Gm42625	0	0	0	0	0	1
Gm42629	0	0	0	0	0	0
Gm42630	0	0	0	0	0	0
Gm42631	0	0	0	0	0	0
Gm42632	22	20	10	20	31	19
Gm42633	36	39	48	38	39	24
Gm42634	3	9	9	5	10	5
Gm42635	61	87	45	57	48	61
Gm42636	52	28	27	40	69	60
Gm42638	0	0	0	3	0	0
Gm42639	19	36	17	13	29	15
Gm42640	8	16	24	4	22	7
Gm42641	223	232	197	179	199	201
Gm42643	0	0	0	0	0	0
Gm42644	1	0	1	3	4	1
Gm42645	1	2	1	2	0	3
Gm42646	0	0	0	0	1	0
Gm42648	165	146	113	84	125	112
Gm42650	1	0	0	1	1	0
Gm42651	45	62	25	39	37	43
Gm42653	31	43	38	13	35	17
Gm42655	2	0	1	1	1	1
Gm42656	28	28	29	29	46	42
Gm42658	21	20	21	15	20	11
Gm42659	65	73	51	51	61	68
Gm42660	0	4	2	0	0	0
Gm42661-001	0	0	0	0	0	0
Gm42662-001	0	0	0	0	0	0
Gm42664	681	772	526	632	804	705
Gm42667	0	0	0	0	0	0
Gm42668	9	11	10	4	9	4
Gm42669	4590	4409	3289	3065	3439	3502
Gm42670	180	207	141	113	151	130
Gm42671	314	289	190	202	243	257
Gm42675	2	1	1	0	4	5
Gm42676	4	3	3	0	2	2
Gm42679	4	2	2	0	1	2
Gm42680	1	0	0	0	1	0
Gm42681	0	0	0	0	1	0
Gm42683	38	35	37	37	70	68
Gm42684	1	1	0	0	0	2
Gm42685	29	33	15	12	30	20
Gm42686	39	21	27	11	19	20
Gm42687	1	5	0	0	5	5
Gm42690	83	79	49	65	94	88
Gm42692	12	12	7	9	11	16
Gm42693	9	6	2	6	2	2
Gm42696	9	7	8	4	10	6
Gm42697	564	486	366	254	346	385
Gm42699	11	12	8	4	5	6
Gm42700	23	22	16	12	20	11
Gm42701	23	24	23	17	21	23
Gm42702	40	58	31	29	30	24
Gm4271-001	0	0	0	0	0	0
Gm42710	5	9	9	8	8	10
Gm42712	0	0	0	0	1	0
Gm42713	6	9	4	3	6	10
Gm42714-001	0	0	0	0	0	0
Gm42717	14	36	25	18	44	30
Gm42720	0	0	0	0	0	0
Gm42721	1	15	7	1	1	2
Gm42722	7	15	19	1	2	3
Gm42723	59	43	23	25	35	44
Gm42724	94	135	84	83	98	79
Gm42725	163	130	132	112	132	118
Gm42726	14	20	11	17	19	16
Gm42727	412	357	326	244	312	311
Gm42728	24	16	15	10	13	18
Gm42729	204	177	141	115	132	131
Gm42731	8	8	11	5	8	6
Gm42732	543	574	431	375	450	455
Gm42733	374	362	269	315	309	318
Gm42734	16	21	11	12	7	22
Gm42735	32	23	26	21	29	24
Gm42736	5	8	7	3	1	7
Gm42737	57	59	40	38	54	32
Gm42738	100	94	65	72	85	84
Gm42740	16	19	17	11	17	14
Gm42741	114	124	84	89	101	101
Gm42742	1221	1262	1038	1018	1013	1060
Gm42747	0	0	0	0	0	0
Gm42748	370	398	293	282	321	278
Gm4275	20	19	15	19	28	15
Gm42751	0	0	0	0	0	0
Gm42752	0	0	0	1	2	1
Gm42753	0	0	0	0	0	0
Gm42755	2	0	1	0	1	1
Gm42756	1	1	1	0	0	0
Gm42759	13	16	12	8	13	17
Gm42762	121	125	93	96	112	95
Gm42763	84	88	48	51	86	53
Gm42764	8	8	8	3	4	4
Gm42765	12	11	7	2	3	7
Gm42766	37	60	54	13	33	36
Gm42767	15	33	15	5	14	11
Gm42768	98	118	103	57	83	61
Gm42769	29	28	18	9	15	15
Gm42770	111	168	123	62	96	112
Gm42771	80	100	73	28	61	64
Gm42772	134	173	129	35	75	71
Gm42773-001	0	0	0	0	0	0
Gm42777	23	18	8	20	25	22
Gm42778	143	152	113	84	97	95
Gm42780	12	9	6	2	7	8
Gm42781	1	0	1	0	0	0
Gm42782	18	17	19	9	16	16
Gm42783	54	36	34	37	47	34
Gm42789	86	128	81	83	85	79
Gm4279	15	11	7	8	16	7
Gm42790	0	0	1	0	0	0
Gm42791	814	809	610	599	599	657
Gm42793	135	134	53	39	47	31
Gm42794	0	0	0	0	0	0
Gm42796	0	0	0	0	0	0
Gm42798	108	94	71	64	97	76
Gm428	0	0	0	0	0	0
Gm42801	10	19	7	4	3	6
Gm42802	3	3	3	5	0	1
Gm42803	0	0	0	1	2	1
Gm42809	0	0	0	0	0	0
Gm42811	2	4	2	1	0	0
Gm42815	88	85	86	71	66	85
Gm42816-001	0	0	0	0	0	0
Gm42817	3	3	1	1	2	4
Gm42819	20	22	19	9	19	17
Gm42820	98	96	87	41	67	55
Gm42822	62	64	44	36	44	39
Gm42823	0	0	0	0	0	0
Gm42826	0	0	0	0	0	0
Gm42829	97	95	63	61	49	56
Gm42830	7	6	0	1	6	3
Gm42833	0	0	0	0	0	0
Gm42835	7	7	2	25	32	40
Gm42836	63	63	70	92	93	92
Gm42837	5	4	4	0	4	3
Gm42838	17	27	20	15	10	17
Gm42839	46	45	39	39	49	30
Gm42840	35	49	33	22	25	24
Gm42841	34	48	36	24	56	32
Gm42842	36	61	58	37	50	40
Gm42843	71	114	67	41	81	62
Gm42846	319	333	251	241	253	248
Gm42847	129	101	73	80	76	80
Gm42848	305	334	308	238	319	315
Gm4285	174	189	131	131	171	182
Gm42850-001	1	0	0	0	1	0
Gm42852	6	2	0	3	3	3
Gm42853	126	117	115	67	100	73
Gm42854	42	45	40	27	27	22
Gm42856	181	164	136	105	136	113
Gm42858	124	109	81	79	105	116
Gm42860	35	45	32	52	57	61
Gm42862	3	1	0	0	0	2
Gm42863	13	10	6	4	11	11
Gm42866	62	51	46	40	52	38
Gm42867	82	56	51	64	75	57
Gm42868	0	3	1	1	0	0
Gm42869	85	93	68	43	74	60
Gm42870	0	0	0	0	0	1
Gm42871	1	2	2	1	3	2
Gm42872	39	26	27	21	27	22
Gm42873	30	20	16	11	23	12
Gm42874	20	15	18	14	18	18
Gm42875	30	25	28	30	25	30
Gm42876	29	35	27	27	40	24
Gm42877	1	1	0	0	0	0
Gm42878	3171	2935	2294	2148	2497	2543
Gm42879	12	17	8	8	11	15
Gm42881	11	5	11	5	15	4
Gm42882	56	78	55	49	58	72
Gm42884	35	41	30	25	28	38
Gm42885	4	3	3	4	8	3
Gm42887	21	17	15	24	21	28
Gm42888	91	159	115	76	105	94
Gm42892	3	9	7	24	13	16
Gm42893	121	136	107	108	127	122
Gm42894	15	12	10	5	12	5
Gm42895	76	85	78	62	76	65
Gm42896	6	4	12	2	6	2
Gm42897	9	8	6	8	8	6
Gm42898	44	81	46	42	45	49
Gm42899	19	29	21	9	21	16
Gm42900	2	6	1	1	3	5
Gm42901	112	116	62	84	80	85
Gm42902	38	44	25	28	33	41
Gm42905	0	0	0	0	0	0
Gm42906	23	19	15	12	27	13
Gm42907	13	25	14	9	18	12
Gm42908	11	7	5	2	6	1
Gm42909	2	1	1	0	2	2
Gm42910	0	0	0	0	0	0
Gm42913	33	19	23	21	26	23
Gm42917	590	605	491	447	473	433
Gm42918	85	81	76	54	53	65
Gm42919	17	40	26	8	22	16
Gm42922	15	20	11	14	16	11
Gm42923	32	32	34	5	14	12
Gm42924	0	0	0	0	0	0
Gm42925	0	0	0	0	0	0
Gm42926	0	0	0	0	0	0
Gm42928	261	258	185	159	141	155
Gm42929	23	32	21	14	16	15
Gm42930	88	101	80	66	77	71
Gm42934	216	196	178	141	176	171
Gm42937	26	29	32	38	43	47
Gm42938	1	1	1	0	0	3
Gm42939	5	2	3	2	0	1
Gm42940	61	52	36	25	43	43
Gm42941	49	66	53	78	59	71
Gm42942	32	54	44	32	78	42
Gm42943	90	104	83	31	65	39
Gm42944	55	79	39	65	90	69
Gm42946	168	246	179	137	182	140
Gm42948	11	22	12	4	16	12
Gm42955	0	0	0	0	0	0
Gm42956	43	46	28	34	46	30
Gm42958	0	0	0	0	0	0
Gm42959	1	4	0	10	20	23
Gm42962	3	2	3	3	2	1
Gm42963	1	4	3	1	3	2
Gm42966	46	33	30	18	31	21
Gm42967	1493	1392	1115	1049	1240	1283
Gm42968	6	5	5	2	6	5
Gm42969	17	22	13	14	21	19
Gm4297	0	0	0	0	0	0
Gm42970	21	27	11	17	18	21
Gm42971	19	26	30	29	31	23
Gm42972	58	104	81	38	85	67
Gm42973	60	74	63	38	71	36
Gm42974	55	80	58	36	49	36
Gm42975	0	1	3	2	3	1
Gm42978	53	40	32	34	48	34
Gm42979	165	197	136	130	185	158
Gm42981	32	32	35	16	31	27
Gm42982	96	102	63	69	68	85
Gm42983	107	99	81	59	100	83
Gm42984	52	41	38	33	29	38
Gm42986	107	113	103	72	98	97
Gm42987	19	24	19	22	22	20
Gm42989	29	39	38	23	37	29
Gm42990	0	0	0	0	0	0
Gm42991	100	136	91	64	95	105
Gm42992	150	185	133	80	150	126
Gm42993	214	288	234	168	231	180
Gm42994	5	9	9	5	8	3
Gm42995	23	27	15	12	25	20
Gm42996	18	31	25	21	19	16
Gm42998	48	51	31	32	41	47
Gm42999-001	0	0	0	0	0	0
Gm43000	14	19	10	8	10	14
Gm43002	1	0	1	0	0	0
Gm43004	0	0	0	0	0	0
Gm43005	19	33	20	12	24	18
Gm43006	36	44	46	20	42	31
Gm43009	141	248	198	99	173	145
Gm4301	0	0	0	0	0	0
Gm43010	277	470	368	169	283	222
Gm43011	730	966	723	484	557	570
Gm43012	111	87	93	87	112	118
Gm43014	0	0	0	1	0	0
Gm43017	20	26	19	12	14	30
Gm43018	32	38	31	27	36	37
Gm43019	101	98	83	63	91	83
Gm4302	0	0	0	0	0	0
Gm43022	13	2	7	9	10	14
Gm43023	0	1	0	0	0	2
Gm43024	75	76	65	70	84	73
Gm43025	0	0	0	1	0	0
Gm43027	0	0	0	0	0	0
Gm43029	36	53	52	47	53	41
Gm4303	0	0	0	0	0	0
Gm43031	133	139	100	128	197	195
Gm43032	296	297	179	266	291	328
Gm43034	40	39	31	36	47	30
Gm43037-001	0	0	0	0	2	0
Gm43038-001	0	0	0	0	0	0
Gm43039	52	56	44	40	50	62
Gm43040	8	9	7	3	7	4
Gm43041	72	81	60	1	2	7
Gm43045	0	0	0	0	0	0
Gm43046	96	121	89	57	91	46
Gm43047	123	162	113	74	103	71
Gm43048	10	15	12	4	8	5
Gm4305	0	0	0	0	0	0
Gm43051	98	87	79	68	55	68
Gm43052	82	91	65	60	61	65
Gm43054	60	56	33	23	37	23
Gm43059	22	40	29	29	39	21
Gm43061	84	78	59	58	74	64
Gm43063	0	1	0	1	1	0
Gm43065	5	6	5	2	1	3
Gm43066	3	3	2	0	1	1
Gm43068	0	0	0	0	0	0
Gm43069	6	9	10	3	8	8
Gm4307	0	0	0	0	0	0
Gm43070-001	6	7	10	5	8	8
Gm43071	43	55	45	32	46	43
Gm43072	24	40	30	27	34	22
Gm43073	7	14	2	2	4	1
Gm43074	0	0	0	0	0	0
Gm43075	22	31	19	23	33	21
Gm43076	50	51	42	30	42	41
Gm43078	15	7	15	15	18	16
Gm43079	524	516	359	411	429	429
Gm4308	0	0	0	0	0	0
Gm43080	109	127	119	82	121	95
Gm43081	52	76	47	41	46	47
Gm43084	1	3	4	1	3	3
Gm43085	0	0	0	0	0	0
Gm43087	12	17	12	14	19	8
Gm43088	32	29	30	19	31	35
Gm43092	0	0	0	0	0	0
Gm43093	0	0	0	0	0	0
Gm43094	1	1	0	1	2	2
Gm43098	0	0	0	0	0	0
Gm43099	54	62	77	45	83	58
Gm43102	5	3	3	5	3	3
Gm43107	1	2	7	4	1	5
Gm43108	3	4	6	5	3	4
Gm43109	43	38	28	18	20	17
Gm43111	12	13	13	6	8	12
Gm43112	10	9	3	7	9	4
Gm43113	10	8	4	1	1	8
Gm43114	0	0	0	0	0	0
Gm43118	182	213	162	114	131	149
Gm43119	3	7	7	8	12	4
Gm4312	0	0	0	0	0	0
Gm43120	0	1	1	1	1	2
Gm43123	1	0	0	0	3	1
Gm43126	7	17	14	4	8	2
Gm43127	8	9	6	2	3	7
Gm43128	2	2	4	1	2	0
Gm43130	1	4	8	3	3	0
Gm43133	17	13	13	12	13	12
Gm43136	9	16	7	8	15	10
Gm43137	53	53	37	38	55	44
Gm43138	32	33	20	33	53	46
Gm43140	11	22	19	17	30	13
Gm43143	62	62	48	44	50	54
Gm43144	1	2	3	2	5	4
Gm43145	18	18	15	8	13	12
Gm43147	4	2	4	4	4	5
Gm43148	56	41	35	40	46	56
Gm43149	23	36	17	17	29	19
Gm43150	1	7	5	5	3	4
Gm43151	3	9	2	2	6	6
Gm43152	1	0	0	0	0	0
Gm43158-001	23	13	6	14	15	15
Gm43159	18	17	15	8	14	11
Gm43161	0	0	0	0	0	1
Gm43162	15	19	22	11	10	20
Gm43164	7	20	13	13	16	8
Gm43165	5	7	11	1	11	5
Gm43166	1	5	10	6	9	7
Gm43167	11	9	5	3	10	3
Gm43168	4	12	2	5	7	6
Gm43169	133	206	120	64	138	109
Gm43172	119	139	113	88	130	113
Gm43173	30	33	28	20	28	38
Gm43174	17	26	15	7	17	14
Gm43175	39	46	36	26	49	39
Gm43176	63	61	33	34	41	45
Gm43178	58	33	36	29	39	30
Gm43180	6	6	2	6	2	5
Gm43181	35	46	38	8	13	13
Gm43182	97	92	81	55	90	92
Gm43183	2	0	0	1	1	0
Gm43184	2	0	0	1	1	0
Gm43185	40	40	25	34	49	42
Gm43186	20	23	20	11	33	17
Gm43187	42	42	50	30	52	51
Gm43188	50	57	54	38	50	36
Gm43189	1	0	0	0	3	1
Gm43190	1	2	0	1	1	0
Gm43191	1024	984	673	698	797	886
Gm43195	21	18	27	12	14	16
Gm43196	7	5	6	16	12	12
Gm43197	9	22	8	25	36	27
Gm43198	5	6	2	6	9	7
Gm43200	87	95	77	44	70	73
Gm43201	110	116	84	49	89	69
Gm43203	37	45	37	22	56	39
Gm43205	105	107	81	64	86	99
Gm43206	1	1	2	2	2	5
Gm43209	0	1	0	0	0	0
Gm43210	18	29	24	9	23	20
Gm43211	4	4	5	1	5	3
Gm43212-001	0	0	0	0	0	0
Gm43216	15	16	12	12	19	20
Gm43218	0	0	0	0	0	0
Gm43219	0	4	2	3	3	6
Gm43220	0	0	0	0	0	0
Gm43221	5	2	0	3	2	0
Gm43224-001	0	0	0	0	0	0
Gm43225-001	0	0	0	0	0	0
Gm43227-001	0	0	0	0	0	0
Gm43229	14	28	15	11	20	10
Gm43230	30	43	26	16	45	29
Gm43231	605	543	534	486	664	595
Gm43235-001	0	0	0	0	0	0
Gm43236	16	19	11	9	7	9
Gm43237	2	0	0	0	0	1
Gm43238	2	0	1	1	2	1
Gm43240	0	0	0	2	1	1
Gm43244	0	0	0	0	0	0
Gm43246	4	5	6	3	1	3
Gm43255	3	3	4	4	2	3
Gm43256	82	110	82	37	87	77
Gm43257	0	0	0	0	0	0
Gm43258	23	22	20	15	19	18
Gm43259	39	66	48	22	69	37
Gm43260	60	86	61	36	57	53
Gm43261	3	4	1	0	1	1
Gm43264-001	0	0	0	0	0	0
Gm43266	7	7	6	11	12	7
Gm43267	109	105	71	68	85	84
Gm43268	262	306	223	189	238	267
Gm43272	72	88	80	71	67	73
Gm43273	46	66	51	28	48	44
Gm43274	129	141	109	85	111	79
Gm43275	36	54	36	31	31	29
Gm43278	25	25	20	14	16	19
Gm43279	15	12	14	9	12	11
Gm43280	0	0	0	0	0	0
Gm43281	31	37	31	28	29	25
Gm43282	19	24	14	16	19	22
Gm43283	67	77	51	64	88	78
Gm43284	0	0	0	0	0	0
Gm43285	1	1	0	3	0	0
Gm43287	9	18	11	10	16	16
Gm43288	42	79	67	73	99	97
Gm43289	2	7	6	7	19	13
Gm43290	15	34	24	18	28	14
Gm43292	418	401	300	283	320	312
Gm43294	18	33	28	13	25	29
Gm43300	281	256	190	245	333	274
Gm43301	8	15	11	5	17	11
Gm43302	420	345	255	158	167	189
Gm43305	254	328	374	96	107	123
Gm43306	0	0	1	0	0	0
Gm43307	0	1	3	0	2	3
Gm43311	38	33	37	36	41	35
Gm43312	125	145	97	111	133	122
Gm43313	81	105	68	66	89	85
Gm43314	10	6	4	13	20	6
Gm43316	32	60	42	13	29	26
Gm43317	73	110	74	40	84	46
Gm43318	49	65	42	25	42	23
Gm43319	22	56	42	22	27	35
Gm43320	57	87	48	31	52	36
Gm43321	39	87	52	8	23	12
Gm43322	66	90	59	38	84	78
Gm43323	0	0	2	0	2	1
Gm43326	1	0	0	2	0	0
Gm43327	1	1	3	0	0	2
Gm43328	73	76	59	70	51	50
Gm43329	44	34	34	18	21	24
Gm43330	33	37	32	18	47	21
Gm43331	39	33	30	26	33	29
Gm43333	1	2	2	1	1	2
Gm43334	0	0	0	0	0	0
Gm43335	35	22	18	24	28	20
Gm43336	53	41	44	29	54	30
Gm43337	0	0	0	0	2	0
Gm43338	128	101	80	80	104	102
Gm43339	53	52	50	36	56	51
Gm43340	13	6	8	5	3	6
Gm43341	24	33	17	16	23	21
Gm43343	17	19	13	6	5	7
Gm43344	5	7	4	3	11	5
Gm43350	0	1	0	0	0	0
Gm43352	15	23	20	13	11	16
Gm43353	1	1	1	0	1	0
Gm43355	2	2	0	0	2	1
Gm43359	168	165	157	110	141	125
Gm43360	101	115	98	73	90	70
Gm43361	774	800	562	496	597	622
Gm43362	197	207	174	154	205	190
Gm43363	0	0	0	0	0	0
Gm43364	47	42	30	31	45	31
Gm43365	388	342	278	234	258	245
Gm43366	1	0	0	1	2	0
Gm43370-001	0	0	0	0	0	0
Gm43371	9	11	12	6	7	8
Gm43372	170	120	98	96	100	114
Gm43373	37	60	39	30	48	28
Gm43374	24	51	26	14	37	25
Gm43375	205	238	178	186	237	197
Gm43376	170	181	132	105	138	133
Gm43377	126	109	66	106	113	108
Gm43378	19	9	18	6	14	10
Gm43379	509	469	389	290	411	326
Gm43385	0	0	0	0	0	0
Gm43386	0	0	0	1	0	1
Gm43387	11	16	6	5	15	7
Gm43389	98	104	92	68	90	84
Gm43391	1	1	2	1	0	0
Gm43395	0	0	0	0	0	0
Gm43398	96	104	74	83	80	83
Gm43399	1	1	0	0	1	0
Gm4340	0	0	0	0	0	0
Gm43400	11	9	10	7	8	7
Gm43401	17	26	11	12	16	10
Gm43403	26	31	21	15	38	26
Gm43404	0	0	0	1	1	0
Gm43410	0	1	1	1	0	0
Gm43411	10	9	5	5	8	13
Gm43412	8	17	10	8	12	10
Gm43413	33	21	25	29	21	21
Gm43414	3	1	2	0	2	3
Gm43415	1	5	0	3	4	2
Gm43416	7	2	6	2	5	5
Gm43417	7	17	16	10	18	16
Gm43418	1	2	0	0	0	0
Gm43420	25	25	18	18	26	25
Gm43421	90	90	75	43	65	62
Gm43422	22	32	32	17	32	30
Gm43423	5	0	1	3	3	2
Gm43426	52	70	63	36	56	42
Gm43428	2	3	1	1	3	0
Gm43429	2	2	2	0	2	4
Gm43430	39	37	27	12	27	32
Gm43434	0	0	0	1	0	1
Gm43435	637	731	396	457	493	540
Gm43437	194	228	147	136	162	173
Gm43440-001	0	0	0	0	0	0
Gm43443	6	1	11	6	14	5
Gm43444	8	5	6	6	6	5
Gm43445	71	79	51	55	55	48
Gm43449	0	0	1	0	0	0
Gm43455	13	4	7	11	7	6
Gm43457	303	274	194	222	320	243
Gm43460	127	103	83	82	97	118
Gm43461	121	117	98	74	82	85
Gm43462	144	191	126	104	147	104
Gm43463	15	23	17	18	22	34
Gm43465	1	2	1	0	3	3
Gm43466	49	64	46	22	44	42
Gm43469	0	1	0	0	0	1
Gm43473	0	0	0	0	0	0
Gm43474	7	8	7	6	12	7
Gm43477	3	0	0	0	1	1
Gm43480	18	21	15	11	23	11
Gm43481	133	144	103	67	113	86
Gm43482	41	37	37	28	31	27
Gm43483	24	28	26	13	21	28
Gm43484	99	136	92	70	85	67
Gm43485	5	1	3	5	10	7
Gm43486	8	8	3	3	3	4
Gm43487	1	0	0	0	1	2
Gm43488	146	134	90	101	194	162
Gm43489	13	8	9	3	12	3
Gm43490	20	36	26	11	22	19
Gm43495	0	0	0	0	0	0
Gm43496	1	0	1	1	0	3
Gm43497	1	0	1	0	0	0
Gm43499	5	4	0	1	2	1
Gm43500	0	3	0	0	0	0
Gm43502	17	14	18	9	24	19
Gm43503	10	8	10	3	8	6
Gm43504	35	27	26	17	22	18
Gm43505	2	0	0	2	1	2
Gm43506	9	8	8	8	8	10
Gm43507	30	28	29	11	19	15
Gm43508	107	135	117	70	74	97
Gm43509	27	24	27	13	24	19
Gm43511	751	807	605	551	605	659
Gm43513	117	109	88	78	98	122
Gm43514	12	12	12	10	15	12
Gm43515	0	0	0	0	0	0
Gm43517	7	8	8	9	2	2
Gm43518	169	125	98	104	101	123
Gm43519	21	22	22	13	13	21
Gm43520	9	8	5	9	10	6
Gm43521	10	11	10	9	9	9
Gm43523	5	9	5	3	4	6
Gm43526	42	38	32	18	34	37
Gm43527	25	39	11	15	25	17
Gm43528	19	64	37	20	38	34
Gm4353	654	597	427	451	481	578
Gm43533	7	5	14	8	8	14
Gm43534	120	94	77	161	213	207
Gm43535	8	9	3	17	21	29
Gm43537	5	0	0	0	0	0
Gm43539	89	74	66	48	63	51
Gm43541	11	8	5	3	5	5
Gm43544	21	37	23	17	24	14
Gm43545	235	234	195	199	235	218
Gm43546	7	15	7	6	6	7
Gm43547	14	14	7	13	4	7
Gm43548	1	0	1	1	3	0
Gm43552	647	687	507	556	558	626
Gm43553	0	7	6	0	4	3
Gm43556	9	15	7	1	15	5
Gm43557	23	35	24	20	28	28
Gm43558	0	1	1	1	1	1
Gm43560	31	28	23	10	17	16
Gm43563-001	0	0	0	0	0	0
Gm43566	24	19	19	8	16	13
Gm43569	2	2	3	3	7	0
Gm43570	54	66	33	38	37	47
Gm43571	195	214	207	148	222	162
Gm43573	11	15	13	10	8	13
Gm43576	0	0	0	0	0	0
Gm43577	10	10	8	4	6	4
Gm43579	586	512	371	346	388	494
Gm43581	351	405	312	285	359	296
Gm43583	0	0	0	0	0	0
Gm43585	145	171	113	106	125	126
Gm43586	0	0	0	0	0	0
Gm43588	65	101	74	60	90	60
Gm43589	9	6	6	2	3	4
Gm43590	1	6	2	7	4	6
Gm43591	1	0	1	0	5	0
Gm43592	27	25	19	19	28	21
Gm43593	62	72	60	48	61	51
Gm43594	16	33	17	14	23	30
Gm43595-001	0	0	0	0	0	0
Gm43599	130	134	97	93	92	100
Gm436	0	0	0	0	0	0
Gm43600-001	10	10	10	11	9	14
Gm43601	5	8	5	7	7	7
Gm43603	0	1	0	0	0	1
Gm43604	63	54	33	39	37	48
Gm43605	55	53	37	41	39	34
Gm43606	28	45	36	24	32	37
Gm43609	39	59	52	1	1	1
Gm43610	0	1	1	0	0	0
Gm43611	1	1	1	0	0	0
Gm43618	2	2	0	0	1	0
Gm43620	21	21	25	18	22	31
Gm43621	8	6	2	2	0	4
Gm43622	182	202	210	224	256	235
Gm43624-001	0	0	0	0	0	0
Gm43627	0	1	1	2	1	1
Gm43628	18	19	15	8	25	4
Gm43633	29	21	11	12	27	18
Gm43636	1	0	0	1	1	0
Gm43637	99	78	49	52	74	57
Gm43638	0	0	0	0	0	0
Gm43647	0	0	0	0	0	0
Gm43648	19	36	22	5	12	15
Gm43650	0	0	0	1	0	0
Gm43651	3	0	3	2	1	0
Gm43652	4	7	1	2	3	0
Gm43653	77	102	60	51	83	77
Gm43654	67	70	50	50	52	53
Gm43658	122	131	101	89	113	96
Gm43662	40	39	28	38	82	43
Gm43663	8	11	6	3	5	7
Gm43665	21	23	22	25	54	28
Gm43667	249	216	173	158	206	230
Gm43668	572	548	456	383	488	507
Gm43670	66	92	79	8	29	20
Gm43675-001	0	0	0	0	0	0
Gm43676	4	1	2	2	3	1
Gm43677	11	7	7	6	10	12
Gm43679	88	97	89	56	56	57
Gm43681	132	162	107	98	108	106
Gm43682	86	115	84	57	83	64
Gm43683	2	6	0	2	6	10
Gm43684	17	16	10	11	12	19
Gm43685	0	0	0	0	0	0
Gm43686	1	0	1	4	1	2
Gm43691	30	30	24	34	34	46
Gm43692	3	11	5	10	6	4
Gm43693	33	27	37	28	23	29
Gm43694	31	25	21	24	30	39
Gm43696	144	142	106	73	103	86
Gm43697	0	1	1	1	0	0
Gm43701	21	15	7	12	7	11
Gm43702	21	19	23	10	10	20
Gm43705	0	0	0	0	3	0
Gm43706	0	0	0	0	0	0
Gm43707	63	77	67	37	44	57
Gm43708	21	23	20	10	23	16
Gm43709-001	0	0	0	0	0	0
Gm43712-001	16	22	15	9	12	12
Gm43713	868	772	635	359	371	441
Gm43714	62	77	45	46	53	52
Gm43715	12	16	8	5	16	6
Gm43718	0	1	0	0	1	2
Gm43719	16	16	10	7	7	16
Gm43721	6	3	7	2	1	0
Gm43727	0	5	3	2	3	3
Gm43728	1	1	3	3	3	2
Gm43729	31	33	21	23	30	36
Gm43732	8	9	6	9	8	10
Gm43734	0	1	0	0	1	1
Gm43735	0	0	0	0	0	0
Gm43737	815	683	516	547	604	655
Gm43738	3094	2887	2128	2223	2349	2615
Gm43739	0	0	0	0	0	0
Gm43742	0	0	0	0	0	0
Gm43745	5	4	0	3	6	3
Gm43747	47	49	46	29	43	42
Gm43748	6	9	6	5	9	5
Gm43750	62	90	59	37	69	57
Gm43751	72	88	61	64	69	88
Gm43753	6	7	4	1	11	3
Gm43755	0	0	0	2	1	0
Gm43756	1	0	2	0	0	0
Gm43758	6	7	7	7	6	5
Gm43759	104	114	90	78	89	78
Gm43760	74	56	53	14	33	29
Gm43761	0	0	0	0	0	0
Gm43762	0	0	0	0	0	0
Gm43764	1	0	0	0	0	0
Gm43765	44	31	21	13	19	24
Gm43766	875	871	613	645	670	745
Gm43768	21	29	18	16	16	11
Gm43769	2	1	0	0	0	0
Gm43770	1	0	0	0	0	0
Gm43771	0	0	0	0	0	0
Gm43773	22	14	16	9	18	20
Gm43774	5	8	5	8	4	4
Gm43775	2	1	0	2	4	0
Gm43776	19	28	27	16	21	33
Gm43777	2	0	1	1	1	0
Gm43778	135	85	84	0	3	1
Gm43780	0	0	0	0	0	0
Gm43781	0	0	0	0	0	0
Gm43784	0	0	0	0	0	0
Gm43785	86	98	75	62	84	95
Gm43786	13	15	13	3	11	17
Gm43787	43	31	24	28	28	29
Gm43788	224	210	186	148	180	150
Gm43789	58	43	44	37	29	32
Gm43790	14	24	18	12	13	17
Gm43791	77	63	37	49	60	55
Gm43792	10	17	12	6	12	6
Gm43793	13	16	17	15	17	11
Gm43794	19	16	14	4	20	7
Gm43795	21	25	17	15	22	10
Gm43796	8433	8061	5984	4568	4946	5307
Gm43797	2	1	3	5	3	4
Gm43798	5	1	1	0	2	3
Gm43799	8	16	13	13	5	6
Gm438	1	0	0	48	71	74
Gm43800	14	20	12	3	9	7
Gm43803	6	14	13	3	6	3
Gm43804	8	4	6	1	2	8
Gm43805	8	16	15	9	5	4
Gm43807	42	39	36	27	24	42
Gm43808	660	604	541	512	566	558
Gm43810	5	4	2	1	5	5
Gm43811	25	12	4	6	2	8
Gm43812	0	0	0	0	0	0
Gm43814	1	0	0	1	0	1
Gm43815	46	41	48	37	42	57
Gm43817	37	34	35	35	40	47
Gm43819	13	8	15	2	5	11
Gm43820	16	19	11	24	23	15
Gm43822	0	1	0	0	1	1
Gm43823	13	11	6	17	20	12
Gm43825	15	9	4	4	9	8
Gm43826	12	12	21	8	13	18
Gm43829	36	68	41	21	39	25
Gm43830	12	14	13	4	20	3
Gm43831	0	8	3	1	1	5
Gm43834	0	0	0	0	0	0
Gm43835	20	21	28	8	7	5
Gm43836	4	6	0	7	13	9
Gm43839	0	0	0	0	0	0
Gm43842	0	3	0	0	0	2
Gm43843	99	103	63	83	84	79
Gm43844	41	51	35	21	52	42
Gm43845	0	0	0	0	0	0
Gm43846	3	11	6	4	10	3
Gm43847	25	22	22	11	22	6
Gm43852	156	113	123	89	120	133
Gm43856	0	0	0	0	0	0
Gm43857	5337	5017	3743	3701	4088	4423
Gm43858	393	452	383	293	447	356
Gm43859	857	875	684	544	725	665
Gm43860	175	190	150	111	118	107
Gm43863	984	962	728	624	690	792
Gm43864	6	13	9	10	12	5
Gm43866	7180	7263	6088	5690	6091	6268
Gm43868	75	61	46	47	60	71
Gm43869	15	27	23	16	15	14
Gm43870	4	2	7	3	2	2
Gm43871	4	7	1	6	9	4
Gm43872	14	19	16	14	23	19
Gm43873	7	15	9	3	3	5
Gm43874	36	63	30	31	45	35
Gm43875	8	11	12	10	12	11
Gm43876	8	12	8	8	13	11
Gm43877	9	5	3	1	7	8
Gm43879	32	57	35	31	60	36
Gm43880	14	28	16	13	20	16
Gm43881	2	3	3	2	3	1
Gm43882	20	25	28	21	24	22
Gm43883	4	10	1	3	2	4
Gm43884	6	8	8	4	8	5
Gm43885	42	56	42	22	47	32
Gm43886	0	2	0	0	2	0
Gm43887	5	4	6	3	10	6
Gm43888	7	7	13	3	2	3
Gm43889	34	72	46	31	60	51
Gm43890	39	38	28	16	20	17
Gm43891	0	0	0	0	0	0
Gm43892-001	0	0	0	0	0	0
Gm43896	11	25	18	7	25	15
Gm43900	0	2	1	0	0	0
Gm43903	6	14	9	4	15	4
Gm43906	0	0	0	0	0	0
Gm43908	5	3	1	6	11	1
Gm43909	902	822	627	691	844	873
Gm43910	42	12	21	32	29	11
Gm43912	4	2	3	1	3	6
Gm43914	0	0	0	0	0	0
Gm43915	40	51	40	31	32	43
Gm43916	22	20	18	16	23	21
Gm43917	12	12	6	6	4	10
Gm43918	1	2	1	2	1	4
Gm43920	124	112	80	66	92	78
Gm43921	0	4	1	3	3	5
Gm43923	6	7	6	2	5	4
Gm43924	0	1	3	0	2	0
Gm43930	0	0	0	0	0	0
Gm43931	1	2	3	2	2	3
Gm43935	10	12	14	24	21	18
Gm43937	24	20	21	21	20	14
Gm43938	47	46	30	40	43	47
Gm43940	1	2	4	16	15	21
Gm43942	5	4	4	0	2	0
Gm43946	5	3	5	1	5	3
Gm43947	5	2	3	1	5	0
Gm43948	5	1	4	3	6	3
Gm43951	49	64	51	36	57	57
Gm43952	0	0	0	0	0	1
Gm43953	4	10	13	4	1	1
Gm43956	5	8	4	7	5	4
Gm43958	42	32	38	22	35	25
Gm43961	27	33	23	29	24	32
Gm43963	67	64	27	43	31	48
Gm43964	2	2	1	1	5	6
Gm43965	1	0	1	3	4	3
Gm43966	343	357	315	243	232	264
Gm43969	2	1	0	1	3	2
Gm43970	0	0	0	1	0	0
Gm43977-001	0	0	0	0	0	0
Gm43980	360	366	300	279	310	316
Gm43981	0	0	0	0	0	0
Gm43982	35	37	18	18	43	23
Gm43984	28	39	24	12	26	23
Gm43989	125	133	92	89	107	105
Gm43990	0	0	0	0	0	0
Gm43992	0	0	0	0	0	0
Gm43997	0	0	0	0	0	0
Gm43999	6	10	17	3	10	9
Gm44	0	0	0	0	0	0
Gm44000	0	0	0	0	0	0
Gm44001	16	21	19	16	16	12
Gm44002	1444	1403	961	1151	1160	1370
Gm44005	34	26	18	12	12	25
Gm44007	1	2	0	2	1	2
Gm44008	14	7	12	4	15	10
Gm44012	1	1	3	2	6	3
Gm44013	3	3	1	3	4	4
Gm44014	14	11	14	7	12	9
Gm44017	24	35	21	3	0	5
Gm44020	4	11	12	3	2	4
Gm44021	29	37	31	9	11	15
Gm44022	19	27	23	15	23	10
Gm44025	9	10	6	7	4	3
Gm44026	10	24	16	7	15	3
Gm44027	90	105	77	78	101	74
Gm44031	20	21	27	45	42	37
Gm44033	56	42	40	39	37	40
Gm44034-001	0	0	0	0	0	0
Gm44039	0	0	0	0	0	0
Gm44040	57	75	59	39	53	46
Gm44043	10	19	15	4	7	8
Gm44044	46	33	28	29	48	39
Gm44045	55	41	42	33	45	38
Gm44046	0	0	0	0	0	0
Gm44049	5	3	5	3	1	1
Gm44051	2	0	0	0	2	2
Gm44056	1	4	1	1	0	2
Gm44062	0	1	0	0	0	0
Gm44064	13	12	15	9	17	15
Gm44065	53	46	46	40	50	30
Gm44068	0	2	0	5	3	5
Gm44069	0	0	0	0	0	0
Gm44070	14	17	15	2	3	4
Gm44071	7	3	4	2	3	4
Gm44072	1	0	2	0	0	0
Gm44073	10	6	5	4	5	6
Gm44078	13	16	9	9	12	14
Gm44079	0	0	0	0	0	0
Gm44080	2	0	3	0	0	2
Gm44085	46	62	40	35	33	39
Gm44086	10	3	5	2	3	1
Gm44087	11	8	10	6	20	11
Gm44089	272	258	175	187	174	194
Gm4409	415	373	288	228	320	365
Gm44090	11	17	13	15	19	22
Gm44091	54	48	50	43	71	57
Gm44093	48	64	52	64	70	84
Gm44094	0	0	0	0	0	0
Gm44095	0	0	1	1	0	2
Gm44096	2	0	0	0	0	0
Gm44097	37	25	38	32	32	33
Gm44098-001	0	0	0	0	0	0
Gm44099-001	0	0	0	0	0	0
Gm44101	91	105	66	67	70	82
Gm44102	1	2	0	0	0	0
Gm44103	601	582	427	445	490	501
Gm44104	33	30	45	18	27	23
Gm44105	12	13	15	3	5	5
Gm44106	4	4	4	5	9	12
Gm44114	45	39	38	24	47	45
Gm44116	18	15	12	4	19	4
Gm44119	51	45	28	20	17	16
Gm44120	4	4	0	4	3	4
Gm44121	0	1	0	0	0	0
Gm44123	674	623	493	416	452	501
Gm44124	1	2	1	1	2	6
Gm44130	92	119	101	61	81	60
Gm44133	0	0	0	0	2	1
Gm44134	1	1	1	0	0	0
Gm44135	0	1	0	0	0	0
Gm44136	76	72	46	46	36	56
Gm44137-001	0	0	0	0	0	0
Gm44140	75	69	66	38	59	83
Gm44141	0	0	0	0	0	0
Gm44142	0	0	0	0	0	0
Gm44143	115	84	69	45	61	59
Gm44144	117	113	85	72	105	90
Gm44145	0	0	0	0	0	0
Gm44146	6	1	3	1	1	1
Gm44150-001	0	0	0	0	0	0
Gm44151	0	1	0	2	2	0
Gm44152	48	47	42	32	40	39
Gm44153	43	36	44	32	43	33
Gm44154	24	14	10	16	10	19
Gm44157	4	5	5	2	6	7
Gm44164	361	375	320	184	192	189
Gm44165	0	0	0	0	0	0
Gm44166	37	28	33	21	31	28
Gm44167	57	39	35	34	38	32
Gm44168	92	102	96	73	83	77
Gm44170	677	666	499	418	430	501
Gm44171	1	0	0	0	0	0
Gm44177	0	1	0	0	0	0
Gm44178	3	5	1	1	0	3
Gm44179	2	6	1	1	3	3
Gm44181	0	0	0	0	0	0
Gm44183	50	49	33	33	59	50
Gm44185	6	8	4	5	4	3
Gm44186	0	2	2	0	0	2
Gm44187	56	76	47	40	55	57
Gm44188	0	1	2	1	0	0
Gm44189	3	5	3	2	3	5
Gm44190	19	24	16	26	25	13
Gm44192	0	0	0	0	0	0
Gm44193	0	2	0	0	0	1
Gm44194	10	3	8	8	6	12
Gm44198	0	0	0	0	0	0
Gm44199	44	57	36	37	42	36
Gm44200	30	32	23	25	24	30
Gm44206	51	57	56	45	84	65
Gm44207	37	18	23	21	25	23
Gm44209	0	0	0	0	0	0
Gm44210	2	0	0	1	8	2
Gm44215	26	22	23	18	21	21
Gm44220	64	56	40	25	32	32
Gm44223-001	0	0	0	0	0	0
Gm44224	4	3	2	1	1	1
Gm44228	18	25	22	12	26	19
Gm44229	32	25	24	18	19	18
Gm44230	51	63	36	30	47	33
Gm44231	12	26	18	12	25	25
Gm44234	3	1	12	4	1	6
Gm44235	48	55	25	9	49	44
Gm44236	0	0	0	1	0	0
Gm44237	18	17	18	9	14	9
Gm44239-001	0	0	0	0	0	0
Gm44240	98	91	56	46	89	69
Gm44241	20	16	16	10	15	17
Gm44242	18	36	25	15	20	19
Gm44243	57	57	66	68	87	71
Gm44247	0	0	0	0	0	0
Gm44249	118	112	90	71	98	97
Gm44250	58	79	71	45	65	35
Gm44253	0	2	0	1	0	0
Gm44255	0	0	0	0	0	0
Gm44256	29	35	22	17	28	20
Gm44258	1	4	1	1	3	1
Gm44260	8	13	7	2	12	12
Gm44264	69	79	80	42	65	69
Gm44265	16	14	10	8	8	12
Gm44266	3	2	1	0	0	0
Gm44267	6	4	3	4	10	5
Gm44268	2	4	1	2	12	11
Gm44270	36	31	33	17	30	25
Gm44274	0	0	1	0	0	0
Gm44276	2	6	0	0	0	0
Gm44280	445	459	337	340	418	389
Gm44283	72	69	61	46	79	63
Gm44284	43	24	18	33	30	28
Gm44286	37	43	29	9	44	32
Gm44287	103	106	56	59	94	90
Gm44288	12	12	8	6	9	7
Gm44291	88	92	82	50	91	55
Gm44292	69	63	57	56	62	56
Gm44293	0	0	0	0	0	0
Gm44294	0	0	0	0	0	0
Gm44296	1	1	3	0	3	4
Gm4430	348	340	232	240	280	300
Gm44317	156	164	133	113	95	153
Gm44321	208	209	150	155	202	187
Gm44362	0	0	0	0	0	0
Gm44366	10	14	7	5	14	7
Gm44369	1	1	0	3	1	1
Gm44371	17	15	6	11	19	10
Gm44379	4	11	7	8	17	26
Gm44380	2	1	2	5	4	6
Gm44388	0	0	0	0	0	0
Gm44400	0	0	0	0	0	0
Gm44401	1	1	1	1	2	2
Gm44406	5	2	2	0	0	0
Gm44414	6	6	4	5	5	12
Gm44415	4	2	2	3	5	1
Gm44416	8	1	6	2	2	2
Gm44417	12	13	6	9	4	6
Gm44418	18	13	14	3	13	10
Gm44423	108	95	90	73	104	94
Gm44424	3	9	6	5	8	6
Gm44428	7	4	1	3	8	3
Gm44430	63	63	44	35	39	53
Gm44432	11	10	7	8	9	3
Gm44433	57	86	70	15	68	38
Gm44434	91	119	60	36	83	48
Gm44435	58	101	71	11	58	67
Gm44436	0	1	1	0	1	0
Gm44437	23	27	10	15	24	14
Gm44438	59	83	46	26	74	38
Gm44439	2	4	0	1	5	2
Gm44440	2	2	0	0	1	6
Gm44441	5	6	2	2	5	4
Gm44443	47	41	29	31	42	33
Gm44444	0	1	0	0	0	0
Gm44445	44	56	49	34	35	32
Gm44470-001	0	0	0	0	0	0
Gm44472	0	0	0	0	0	0
Gm44473-001	0	0	0	0	0	0
Gm4450	0	1	0	0	2	1
Gm44501	0	0	5	0	0	0
Gm44506	0	0	0	0	0	0
Gm44508	8	3	5	1	6	2
Gm44509	363	327	240	193	187	236
Gm4451-001	0	0	0	0	0	0
Gm44510	294	289	227	228	241	247
Gm44511	0	0	0	0	0	0
Gm44518	22	77	41	28	57	37
Gm44525-001	0	0	0	0	0	0
Gm44530	48	51	45	20	14	26
Gm44531	9	7	10	4	2	3
Gm44535	0	0	0	0	0	0
Gm4454-001	0	0	0	0	0	0
Gm44541	17	30	29	15	34	26
Gm44542	19	25	14	19	29	22
Gm44544-001	13	17	19	16	26	15
Gm44545	0	0	0	0	0	0
Gm44547	0	0	0	0	0	0
Gm44549	6	6	3	7	9	2
Gm44550	48	36	37	32	50	41
Gm44552	43	29	30	32	27	47
Gm44553	55	66	68	40	83	54
Gm44554-001	0	0	0	0	0	0
Gm44556	44	44	43	19	28	23
Gm44557	19	23	17	12	29	18
Gm44558	3	0	0	1	0	0
Gm44559	42	48	25	30	46	33
Gm44560	2112	1950	1460	1321	1433	1664
Gm44561-001	0	0	0	0	0	0
Gm44562	37	55	28	29	50	51
Gm44563-001	0	0	0	0	0	0
Gm44564-001	0	0	0	0	0	0
Gm44565-001	0	0	0	0	0	0
Gm44566-001	0	0	0	0	0	0
Gm44567	88	108	92	72	93	80
Gm44570	128	93	84	56	64	70
Gm44573	47	44	44	32	48	49
Gm44575-001	0	0	0	0	0	0
Gm44577	5	1	3	4	5	2
Gm44584	11	22	15	5	15	11
Gm44585	4	4	5	4	3	2
Gm44586	6	5	9	0	3	3
Gm44587	1	2	0	2	1	1
Gm44588	0	0	0	0	0	0
Gm44596	280	263	180	185	218	255
Gm44598-001	0	0	0	0	0	0
Gm44605-001	1	0	0	0	0	0
Gm44606	3	0	3	1	2	0
Gm44607	4	2	3	1	5	0
Gm44608	0	0	0	0	0	0
Gm4461	2	6	2	0	3	1
Gm44610	0	2	0	0	0	1
Gm44613	0	0	0	0	0	0
Gm44614-001	0	0	0	0	0	0
Gm44616	152	146	110	74	90	87
Gm44620	0	1	0	1	3	0
Gm44623	107	89	83	61	96	68
Gm44624	350	349	279	240	285	286
Gm44625	46	45	47	34	43	41
Gm44627	0	0	1	0	2	0
Gm44628	0	0	0	0	0	0
Gm44631	0	0	0	0	0	0
Gm44632	15	33	16	12	21	18
Gm44633	9	11	4	6	18	20
Gm44634-001	0	0	0	0	0	0
Gm44636	5	10	13	7	12	7
Gm44638-001	0	0	0	0	1	1
Gm44639	42	31	25	20	25	35
Gm44642	1	1	1	0	0	0
Gm44645	35	31	21	25	24	18
Gm44649	51	39	52	49	64	60
Gm44650-001	1	0	3	0	0	1
Gm44652	1	2	1	0	2	1
Gm44654-001	0	0	0	0	0	0
Gm44655-001	0	0	0	0	0	0
Gm44656-001	0	0	0	0	0	0
Gm44657-001	0	0	0	0	0	0
Gm44660	12	8	10	3	6	10
Gm44661	27	25	7	12	10	17
Gm44663	6	12	9	12	11	15
Gm44664	5	7	12	6	9	7
Gm44665-001	0	0	0	0	0	0
Gm44667	136	111	98	62	96	86
Gm44668	74	98	54	61	83	62
Gm44669	3	10	2	1	2	4
Gm44672	44	35	32	31	22	38
Gm44673	31	33	28	23	25	21
Gm44674	1	8	7	6	8	1
Gm44675	21	44	31	16	29	28
Gm44676	29	37	32	17	32	34
Gm44677	29	34	32	15	29	20
Gm44678	26	36	32	21	26	25
Gm44679	45	78	54	21	49	35
Gm44680	24	32	40	14	30	11
Gm44681	6	9	8	4	1	3
Gm44682	0	0	0	0	0	0
Gm44686	225	237	167	164	225	191
Gm44688	0	0	0	0	0	0
Gm44694	6	4	10	6	8	6
Gm44695	8	14	16	7	10	10
Gm44697	2	6	1	4	1	6
Gm44699	60	69	59	41	49	33
Gm44700	0	4	1	1	0	1
Gm44701	0	0	0	0	0	0
Gm44702	143	122	116	106	115	118
Gm44704	23	19	20	18	21	23
Gm44706	42	32	31	20	38	35
Gm44708	73	79	61	44	93	73
Gm44709	763	761	640	618	641	655
Gm44710	55	55	45	35	49	55
Gm44711	2	2	0	0	2	2
Gm44712	46	44	50	37	39	49
Gm44713-001	0	0	0	0	0	0
Gm44716	0	0	0	2	3	0
Gm44719	29	32	28	33	54	29
Gm44721	3	5	4	0	1	1
Gm44722	267	268	213	147	155	151
Gm44723	0	0	0	0	0	0
Gm44729	465	448	361	406	426	477
Gm4473	2	1	3	1	0	1
Gm44731	12	7	2	2	6	5
Gm44732	219	211	155	166	175	205
Gm44735	22	24	25	14	8	22
Gm44740	0	0	0	0	0	0
Gm44741	11	26	20	8	14	8
Gm44742	11	15	8	0	3	2
Gm44745	46	43	23	27	23	16
Gm44746	17	14	10	7	12	17
Gm44749	12	11	12	8	13	9
Gm44750	7	8	5	3	8	5
Gm44752	5	11	3	1	2	1
Gm44755	1	0	1	1	2	1
Gm44756	0	0	0	0	0	0
Gm44757	0	0	0	0	0	1
Gm44758	4	2	8	5	4	1
Gm44759	261	268	192	165	201	220
Gm44760	16	18	9	6	9	10
Gm44763	19	23	14	50	48	43
Gm44765	100	96	94	34	47	34
Gm44767	4	8	7	8	2	5
Gm44769	9	23	13	13	17	18
Gm44770	7	7	14	7	8	9
Gm44771	173	162	146	135	111	136
Gm44772	1	4	0	2	0	0
Gm44775	81	82	66	70	81	87
Gm44777	1051	1009	684	704	831	800
Gm44779-001	0	0	0	0	0	1
Gm44780	4	4	3	3	14	9
Gm44781	11	5	8	14	7	6
Gm44782-001	0	0	0	0	2	0
Gm44789	3	5	2	2	4	0
Gm44792	55	65	25	35	51	52
Gm44793	60	49	33	24	28	33
Gm44794	3	14	4	11	10	8
Gm44797	58	129	64	45	100	65
Gm44798	54	92	71	52	66	56
Gm44799	50	71	44	31	61	55
Gm44800	93	80	61	47	66	57
Gm44801	56	92	83	45	95	60
Gm44802	54	58	45	41	63	43
Gm44805	0	0	1	3	0	1
Gm44806	38	43	44	44	27	48
Gm44809	6	3	6	1	1	0
Gm44811	3	7	5	3	2	4
Gm44814	0	0	0	0	0	0
Gm44815	0	2	0	0	1	0
Gm44816	4	7	3	4	3	7
Gm44817	0	0	0	0	0	0
Gm44822	182	164	98	86	77	145
Gm44826	0	0	0	0	0	0
Gm44829	118	164	102	75	133	110
Gm44830	12	22	15	17	39	22
Gm44831	41	65	35	33	46	46
Gm44832	189	196	141	118	130	154
Gm44834	8	9	11	14	20	10
Gm44835	12	12	8	4	7	5
Gm44836	32	38	34	31	45	34
Gm44842	1	0	0	2	2	0
Gm44843	0	1	0	0	1	0
Gm44846	22	36	22	21	15	24
Gm44847	14	16	12	4	16	14
Gm44848	7	12	9	2	4	9
Gm44850	0	0	0	0	0	0
Gm44851	14	12	6	16	16	9
Gm44858-001	0	0	0	0	0	0
Gm44859-001	0	0	0	0	0	0
Gm44860	12	21	17	5	3	3
Gm44861	16	14	13	1	4	2
Gm44862	22	23	20	6	20	9
Gm44863	19	33	17	15	33	13
Gm44864	9	9	10	12	6	21
Gm44867	14	15	10	6	8	5
Gm44871-001	0	0	0	0	0	0
Gm44873	8	14	14	2	3	3
Gm44874	4	0	1	1	3	3
Gm44876	12	10	17	17	18	15
Gm44877	52	55	51	66	66	55
Gm44878	320	285	243	201	280	252
Gm44882	5	10	6	6	2	3
Gm44883	30	34	23	19	28	26
Gm44888	0	0	0	0	0	0
Gm44890	137	110	84	86	107	107
Gm44891	4	7	5	1	3	4
Gm44894	1	4	2	1	0	4
Gm44895	4	5	5	4	11	3
Gm44896	1	1	2	2	4	2
Gm44897	4	2	1	5	2	2
Gm44898	10	14	9	8	18	11
Gm44900	21	28	21	6	11	12
Gm44901	94	91	88	70	103	78
Gm44907	48	40	30	35	41	46
Gm4491	0	0	1	0	0	0
Gm44913	9	8	6	2	11	14
Gm44914	15	20	17	15	14	7
Gm44916	25	28	16	17	20	23
Gm44918-001	11	11	6	5	12	10
Gm44919	0	0	0	0	1	0
Gm44922-001	0	0	0	0	0	0
Gm44923-001	0	0	0	0	0	0
Gm44925	0	0	0	0	0	0
Gm44926	12	6	12	1	7	5
Gm44927	6	9	3	1	15	5
Gm44928	4	15	6	11	16	30
Gm44930	0	0	0	0	0	0
Gm44931	6	7	11	9	7	10
Gm44932-001	0	0	0	0	0	0
Gm44936	2	0	0	1	0	0
Gm44937	3	3	2	0	1	1
Gm44940	0	2	0	0	0	0
Gm44941	32	30	26	36	51	32
Gm44943-001	0	0	0	0	0	0
Gm44945-001	0	0	0	0	0	0
Gm44949	50	39	36	28	36	33
Gm44950	958	968	627	663	797	779
Gm44951	7	2	2	1	6	2
Gm44953	14	11	10	15	17	11
Gm44959-001	0	0	0	0	0	0
Gm44960-001	0	0	0	0	0	0
Gm44963	0	0	0	0	0	0
Gm44967	45	39	29	30	36	27
Gm44973	139	122	103	101	115	124
Gm44974	1	3	0	0	0	1
Gm44975	10	10	11	2	10	4
Gm4498	0	0	0	0	0	0
Gm44981	305	342	315	227	283	230
Gm44982	18	12	21	9	16	16
Gm44985	6	4	6	1	6	7
Gm44986	342	314	289	290	320	333
Gm44987	121	90	67	63	66	95
Gm44995	53	53	34	33	50	36
Gm44996	56	63	52	34	42	32
Gm44998	0	0	0	1	0	0
Gm44999	27	15	12	9	8	13
Gm45001	135	128	105	103	136	126
Gm45003	11	11	6	5	5	12
Gm45005	1	1	0	0	0	0
Gm45006	0	0	0	0	0	0
Gm45008	2	6	3	0	8	1
Gm45010	176	150	118	123	151	145
Gm45011	3	4	8	2	3	0
Gm45012	0	2	0	2	2	0
Gm45014	3	2	8	3	1	5
Gm45015	0	0	0	0	0	0
Gm45016	22	15	12	14	14	15
Gm45021	54	56	31	31	29	22
Gm45022	150	149	92	82	92	102
Gm45025	11	23	9	9	14	11
Gm45026-001	0	0	0	0	0	0
Gm45032-001	0	0	1	1	0	0
Gm45033	42	50	43	21	42	37
Gm45034-001	0	0	0	0	0	0
Gm45039	1	0	0	0	0	0
Gm45040	0	0	0	0	0	1
Gm45041	65	90	59	55	83	80
Gm45047	3	5	2	2	1	1
Gm45051	154	164	106	132	148	161
Gm45053	113	94	114	70	91	89
Gm45058	3	4	0	0	0	2
Gm45059	36	27	24	26	24	20
Gm45060	18	19	6	13	13	23
Gm45061	25	29	17	18	17	20
Gm45066	0	0	0	0	0	0
Gm45071-001	0	0	0	0	0	0
Gm45072	2	3	2	4	2	4
Gm45073	45	45	42	29	26	26
Gm45074	17	21	16	9	22	10
Gm45077	4	2	3	3	5	5
Gm45082	1	2	4	0	2	2
Gm45084	48	46	40	30	61	57
Gm45088	31	42	31	20	27	20
Gm45089	0	1	0	0	0	1
Gm45091	4	1	0	1	7	2
Gm45093	0	0	0	0	0	0
Gm45094	47	44	21	43	32	33
Gm45095	3	4	2	3	1	1
Gm45098	2	4	3	0	0	0
Gm45102	58	45	47	20	23	18
Gm45104	49	37	34	16	25	15
Gm45107	0	0	0	1	0	0
Gm45108	0	0	0	0	0	0
Gm45109	297	246	238	177	241	240
Gm45110	232	193	206	153	232	173
Gm45112	18	17	18	9	21	28
Gm45114	0	1	1	3	3	1
Gm45115-001	0	0	0	0	0	0
Gm45116-001	0	0	0	0	0	0
Gm45117	0	2	1	1	1	0
Gm45118-001	0	1	0	1	1	1
Gm45119-001	0	0	0	0	0	0
Gm45120	10	5	8	4	9	6
Gm45122-001	0	0	0	0	0	0
Gm45124	15	16	21	30	26	27
Gm45125-001	0	0	0	0	0	0
Gm45126-001	0	0	0	0	0	0
Gm45127-001	0	0	0	0	0	0
Gm45128	0	2	3	4	2	3
Gm45129	9	15	14	9	8	8
Gm4513	0	0	0	0	0	0
Gm45130	18	30	27	15	24	22
Gm45131	5	5	6	3	4	5
Gm45132	191	144	115	71	97	76
Gm45133	1015	890	718	744	824	867
Gm45134-002	1	0	0	0	0	0
Gm45135-002	0	0	0	0	0	0
Gm45136	9	8	4	4	4	7
Gm45137	140	129	117	90	113	130
Gm45138	11	12	6	16	10	9
Gm45139	1	0	0	0	0	0
Gm45140	472	451	377	359	373	409
Gm45141	43	60	49	54	59	58
Gm45148	98	88	62	97	82	88
Gm45149	0	0	0	0	0	0
Gm45153	176	182	173	141	133	124
Gm45156-001	0	0	0	0	0	0
Gm45160	0	0	0	1	0	0
Gm45161	20	21	20	15	30	19
Gm45165	13	22	13	6	6	8
Gm45166	3	6	8	1	2	1
Gm45170	0	2	0	2	0	0
Gm45172	0	0	0	0	0	0
Gm45174	7	0	1	6	9	5
Gm45176	131	174	150	76	132	127
Gm45177	39	69	62	21	71	57
Gm45178	89	136	101	64	114	98
Gm45179	125	162	119	92	138	114
Gm45180	0	0	1	1	0	3
Gm45182	56	67	74	32	70	73
Gm45183	28	24	26	16	31	16
Gm45185	12	10	7	11	11	17
Gm45187	144	139	115	82	112	133
Gm45188	18	19	29	26	17	15
Gm45191	29	42	32	23	24	25
Gm45194	1	0	0	0	1	0
Gm45195-001	0	0	0	0	0	0
Gm45196-001	0	0	0	0	0	0
Gm45197-001	0	0	0	0	0	0
Gm45198-001	0	0	0	0	0	0
Gm45199	2	1	1	1	0	3
Gm45200	62	68	49	30	49	41
Gm45201	66	67	63	66	73	74
Gm45203	29	29	22	31	46	33
Gm45204	10	14	11	8	13	14
Gm45205	34	51	38	24	56	39
Gm45206	45	33	32	45	52	46
Gm45208	819	820	559	596	660	685
Gm45210	0	0	0	0	0	1
Gm45211	1	0	1	0	0	0
Gm45212	147	192	153	66	109	101
Gm45213	283	329	189	241	253	305
Gm45216	162	159	99	122	130	125
Gm45217	16	14	17	14	22	18
Gm45220	106	92	80	103	90	79
Gm45221	137	158	132	86	153	132
Gm45222	157	163	134	99	138	104
Gm45223	224	262	222	176	221	200
Gm45225-001	0	0	0	0	0	0
Gm45231	77	61	64	47	46	58
Gm45236	963	916	670	639	684	784
Gm4524	126	131	80	79	106	109
Gm4526-001	0	0	0	0	0	0
Gm4541-001	0	0	0	0	0	0
Gm4545-001	0	0	0	0	0	0
Gm4553	0	1	2	0	0	0
Gm4557-001	0	0	0	0	0	0
Gm4559	0	0	0	0	0	0
Gm4565	0	0	0	0	0	0
Gm4567	0	0	0	0	0	0
Gm4577	21	21	19	11	21	16
Gm4631	6256	6160	4709	4121	4886	4862
Gm4665	5	6	3	2	6	2
Gm4673	835	802	632	879	1081	1211
Gm4707	110	94	97	75	107	88
Gm4724	5500	5190	3945	3323	3955	4158
Gm4732-001	0	0	0	0	0	0
Gm4736-001	0	0	0	0	0	0
Gm4737	731	704	536	530	582	697
Gm4744	0	0	0	0	0	0
Gm4756	23	18	5	11	10	14
Gm4758	0	0	0	0	0	0
Gm4759-001	4	1	0	3	0	7
Gm4763	4	4	1	5	4	4
Gm4767	977	827	647	640	735	771
Gm4775	0	0	0	0	0	0
Gm4778	0	0	0	0	0	0
Gm4779	5	5	2	5	1	3
Gm4781	0	0	0	0	0	0
Gm4787	59	63	54	38	65	50
Gm4788	0	1	0	1	0	2
Gm4791	0	0	0	1	0	2
Gm4792	2343	2047	1717	207	303	290
Gm4793	148	134	113	72	87	78
Gm4799	15	6	6	3	4	5
Gm4836	0	0	0	0	0	0
Gm4841	0	2	0	0	0	0
Gm4846	0	0	0	0	0	0
Gm4847	0	0	0	0	3	1
Gm4856-001	0	0	0	0	0	0
Gm4858	0	0	0	9	8	8
Gm4861	0	0	0	0	0	0
Gm4866-001	0	0	0	0	0	0
Gm4869	9	10	16	3	6	7
Gm4871	0	0	0	0	0	0
Gm4876	72	59	39	38	40	35
Gm4881	16	4	8	6	9	7
Gm4884	1	0	0	0	0	0
Gm4890	163	131	115	100	123	107
Gm4894	3	0	0	1	2	1
Gm4906	0	0	0	0	0	0
Gm4907	0	0	0	1	0	1
Gm4911-001	0	0	0	0	0	0
Gm4912-001	0	0	0	0	0	0
Gm4922	6	6	7	4	4	5
Gm4924	1423	1461	1036	1229	1446	1575
Gm4950	14	10	12	9	11	12
Gm4951	9	6	11	1	3	1
Gm4952	6	7	2	6	3	6
Gm4955	0	0	1	0	0	0
Gm4956	0	0	0	0	0	0
Gm4969	14	23	12	6	12	10
Gm4978	1	3	1	3	1	5
Gm498	1	1	1	0	0	0
Gm4981	0	0	0	0	0	0
Gm4982-001	0	0	0	0	0	0
Gm4985	0	0	0	0	0	0
Gm5001-001	0	0	0	0	0	0
Gm5002-001	0	0	0	0	0	0
Gm5027-001	0	0	0	0	0	0
Gm5034-001	0	0	0	0	0	0
Gm5039	0	0	3	1	0	0
Gm5065	9	3	2	4	3	6
Gm5072	0	0	0	0	0	0
Gm5082	1	2	0	0	0	0
Gm5084	1	1	1	0	0	0
Gm5089	3	0	0	0	0	1
Gm5092	0	0	2	0	0	0
Gm5093	25	19	21	17	16	20
Gm5096	0	0	0	0	0	0
Gm5105	14	15	13	4	11	8
Gm5106	2	4	0	1	2	2
Gm5108	0	0	0	0	0	0
Gm5111	7	2	4	0	0	2
Gm5112	200	183	145	113	132	157
Gm5113	642	659	445	408	396	423
Gm5114	0	0	0	0	0	0
Gm5127	1	7	0	1	1	1
Gm5128	8	6	8	9	9	10
Gm5129	10	18	12	10	18	17
Gm5132	0	0	0	0	0	0
Gm5133-001	1	1	0	0	0	0
Gm5134	3	1	1	1	2	1
Gm5141	556	542	416	356	444	466
Gm5142	0	0	0	0	0	0
Gm5145	3	0	0	5	2	2
Gm5148	3032	2927	2122	3450	3896	4301
Gm5150	0	0	0	0	0	0
Gm5152	0	0	0	0	0	0
Gm5154-001	0	0	0	0	0	0
Gm5155-001	0	0	0	0	0	0
Gm5157	0	0	0	0	0	0
Gm5160	52	52	25	34	37	45
Gm5166-001	0	0	0	0	0	0
Gm5168	0	0	0	0	0	0
Gm5169	0	0	0	0	0	0
Gm5174	0	0	0	0	0	0
Gm5218	5	5	2	3	5	3
Gm5225	0	0	0	0	0	0
Gm5229-201	0	0	0	0	0	0
Gm5239	5	3	2	4	2	4
Gm525	5	9	12	7	3	6
Gm5269	1	1	0	0	1	0
Gm527	434	404	220	263	326	318
Gm5286	0	0	0	0	0	0
Gm5294	0	0	0	0	0	0
Gm5294-001	0	0	0	0	0	0
Gm5324-001	0	0	0	0	1	1
Gm5346	0	0	0	0	0	1
Gm5382	0	0	0	0	0	0
Gm5397-001	0	0	0	0	0	0
Gm5407	0	0	0	0	0	1
Gm5409-001	0	0	0	0	0	0
Gm5414	4	0	4	8	2	4
Gm5415	23	31	27	10	19	8
Gm5416	0	0	0	0	0	0
Gm5417-201	141	157	92	102	130	123
Gm5422	114	103	65	62	54	74
Gm5424	189	194	126	117	144	161
Gm5426	0	0	0	0	1	0
Gm5431	7	9	10	6	6	5
Gm5434	45	35	23	21	28	25
Gm5435	44	37	23	24	19	24
Gm5441	51	50	41	28	39	39
Gm5444	0	0	0	0	0	0
Gm5447	4	2	2	1	2	2
Gm5449	1	2	3	1	0	2
Gm5458	8	9	4	4	2	4
Gm5460	98	101	72	42	58	62
Gm5464	56	59	35	53	63	70
Gm5468	2	7	7	3	4	2
Gm5475	23	22	22	10	21	17
Gm5478	188	206	151	169	154	190
Gm5483	0	0	0	0	0	0
Gm5493	26	30	21	16	19	25
Gm5519	28	28	25	29	25	34
Gm5538	0	0	0	0	0	0
Gm5541-001	0	0	0	1	1	1
Gm5542-001	0	0	0	1	0	0
Gm5543-001	0	0	0	0	0	0
Gm5565	3	0	0	1	1	2
Gm5577	805	815	583	561	613	603
Gm5580	28	20	8	22	17	17
Gm5581	0	2	1	0	0	0
Gm5583-001	3	0	0	0	0	5
Gm5591	0	0	0	0	0	0
Gm5592	1	0	0	0	0	0
Gm5594-001	0	0	0	0	0	0
Gm5602	44	47	30	32	32	28
Gm5607	0	1	0	1	1	1
Gm561	578	563	424	405	451	562
Gm5611	18	37	17	14	21	19
Gm5612	5	2	4	3	1	2
Gm5615	0	0	0	0	0	0
Gm5616	127	134	98	73	73	99
Gm5617	258	258	185	249	227	290
Gm5622	0	3	0	0	0	0
Gm5624	0	0	0	0	0	0
Gm5627	0	0	0	0	0	0
Gm5640	0	0	0	0	0	0
Gm5645-001	0	0	0	0	0	0
Gm5646-001	0	0	0	0	0	0
Gm5656-001	0	0	0	0	0	0
Gm5662	0	1	2	0	1	0
Gm5678	0	3	1	0	0	2
Gm5681-001	2	5	4	3	8	1
Gm5682-001	0	0	0	0	0	2
Gm5689	0	0	0	0	0	0
Gm5709-001	0	0	0	0	0	0
Gm5717-001	0	0	0	0	0	0
Gm572	1	1	0	1	1	2
Gm5724	0	0	0	1	3	0
Gm5725	0	0	0	0	0	0
Gm5726	0	0	0	0	0	0
Gm5728	0	0	0	0	0	0
Gm5733-001	0	0	0	0	0	0
Gm5734-001	0	0	0	0	0	0
Gm5737	1	0	0	0	1	0
Gm5741	15	9	15	16	20	20
Gm5751	8	12	3	3	9	16
Gm5771	0	0	0	0	0	0
Gm5773	0	0	0	0	0	0
Gm5784	75	86	73	85	113	122
Gm5786	514	452	334	472	493	514
Gm5793-001	0	0	0	0	0	0
Gm5795	11	2	2	3	1	2
Gm5796	40	30	18	30	43	51
Gm5797	0	0	0	1	4	0
Gm5798	2	0	3	0	0	0
Gm5799	1	0	0	0	0	0
Gm5800	0	0	0	0	0	0
Gm5814	44	43	30	22	24	35
Gm5819	62	45	43	74	69	75
Gm5834-001	0	0	2	4	3	0
Gm5843-001	0	0	0	0	1	0
Gm5849	0	0	0	0	0	0
Gm5852-001	0	0	0	1	0	0
Gm5859-001	264	289	221	10	21	24
Gm5861	0	0	0	0	0	0
Gm5862	7	4	1	1	2	2
Gm5868	22	18	22	55	59	94
Gm5878	2	1	3	3	0	2
Gm5885	0	0	0	0	0	0
Gm5886	0	0	0	0	0	0
Gm5890	0	0	0	0	0	0
Gm5891	0	0	0	0	0	0
Gm590	0	0	0	0	0	0
Gm5901	206	178	150	129	151	148
Gm5916	0	0	0	0	0	0
Gm5926	0	0	0	0	0	0
Gm5929-001	0	0	0	0	0	0
Gm5930	0	0	0	0	0	0
Gm5934	0	0	0	0	0	0
Gm5935	0	0	0	0	0	0
Gm5936	0	0	0	0	0	0
Gm5938	0	0	0	0	0	0
Gm5941	0	0	0	0	1	0
Gm5947-001	0	0	0	0	0	0
Gm595	0	0	0	0	0	1
Gm5960-001	0	0	1	0	0	0
Gm5965	0	0	0	0	0	0
Gm597	0	0	0	0	0	0
Gm5977	186	143	126	189	217	235
Gm5979-001	0	0	0	0	1	1
Gm6020	2	0	0	0	0	0
Gm6026	0	0	0	0	0	0
Gm6026-001	0	0	0	0	0	0
Gm6034	1	3	1	4	7	14
Gm6040	0	0	0	0	0	0
Gm6086	0	2	0	1	3	1
Gm609	7	2	5	0	0	0
Gm6096	33	38	20	25	40	29
Gm6113-001	0	0	0	0	0	0
Gm6121	0	0	0	0	0	0
Gm6124-001	0	0	0	0	0	0
Gm6133	1	0	0	1	1	1
Gm614	1	0	3	0	3	1
Gm6164	0	0	0	0	0	0
Gm6166-201	145	172	113	276	294	286
Gm6169	181	187	149	124	154	126
Gm6176	0	0	0	0	0	0
Gm6182-001	6	4	4	2	2	4
Gm6185	13	10	6	11	11	10
Gm6205	0	0	0	0	0	0
Gm6207	0	0	0	0	0	0
Gm6221-001	0	0	0	0	0	0
Gm6228	0	0	0	0	0	0
Gm626	7637	6985	6006	5370	6181	6415
Gm6264	115	92	84	66	112	120
Gm6268	0	0	0	0	0	0
Gm6288	113	115	94	86	97	123
Gm6300-001	0	3	0	2	0	1
Gm6309	0	0	0	0	0	0
Gm6311-201	984	951	664	1116	1279	1415
Gm6325-001	0	0	0	0	0	4
Gm6337	0	0	0	0	0	1
Gm6345	2	2	3	3	2	2
Gm6346-001	0	0	0	0	0	0
Gm6348-001	0	0	0	0	0	0
Gm6351	0	0	0	0	0	0
Gm6356	0	0	0	0	0	0
Gm6358	0	0	0	0	0	0
Gm6361-201	544	618	375	405	404	455
Gm6367	0	0	0	0	0	0
Gm6370	2	1	0	2	0	0
Gm6377	3	3	4	1	2	1
Gm6395-201	1874	1734	1242	1188	1245	1441
Gm6401	0	0	0	0	0	0
Gm6408	6	2	1	1	4	1
Gm6420	1	5	4	2	7	3
Gm6445-001	3	3	0	1	6	2
Gm6460	0	0	0	0	0	0
Gm6465	0	0	0	0	1	0
Gm6467-201	37	51	35	27	38	38
Gm6468-001	0	0	0	0	0	0
Gm6473-001	47	48	42	43	29	30
Gm648	0	1	0	0	0	1
Gm6482	0	1	0	0	0	0
Gm6483-001	636	578	446	492	570	652
Gm6486-001	0	0	0	0	0	0
Gm649-001	0	0	0	0	0	0
Gm6490-001	0	0	0	0	0	0
Gm6493-001	159	132	116	87	105	108
Gm6502	0	0	0	0	0	0
Gm6509	0	0	0	0	0	0
Gm6518-001	0	0	0	0	0	0
Gm6522-001	0	0	0	0	0	0
Gm6525	22	25	16	28	65	61
Gm6526	0	0	0	0	0	0
Gm6536-001	0	0	0	0	0	0
Gm6541-001	0	0	0	0	0	0
Gm6558	0	0	0	0	0	0
Gm6563	355	283	224	196	237	281
Gm6569	8	5	5	10	8	18
Gm6576	210	174	129	160	185	194
Gm6583	24	20	19	12	21	14
Gm6584-001	0	0	0	0	0	0
Gm6586-001	2	0	1	0	0	2
Gm6588	8	2	9	2	6	4
Gm6590-001	0	0	0	0	0	0
Gm6591-001	0	0	0	0	0	0
Gm6592	2	8	1	4	4	3
Gm6594	1	1	2	71	74	105
Gm6600	0	0	0	0	0	0
Gm6605-001	1	0	1	0	0	0
Gm6606-001	19	11	15	15	21	33
Gm6610-001	0	0	0	0	0	0
Gm6614	0	0	0	0	3	5
Gm6619	0	0	0	0	1	0
Gm6620-001	0	0	0	0	0	0
Gm6647-001	1	1	0	3	0	0
Gm6650-001	0	0	0	0	0	0
Gm6657	2	2	4	0	2	1
Gm6658	275	270	206	196	204	218
Gm6660-001	0	0	0	0	0	0
Gm6664-001	0	0	0	0	0	0
Gm6665	4	5	3	2	3	4
Gm6673-001	0	0	0	0	0	0
Gm6676	1	0	0	0	1	0
Gm6685	136	162	121	153	155	211
Gm6710	2212	2141	1736	1425	1709	1663
Gm6729	2	0	0	0	0	0
Gm6741	339	373	236	238	273	290
Gm6760	0	0	0	0	0	0
Gm6763	0	0	0	0	0	0
Gm6768	2780	2675	1924	1839	2048	2239
Gm6792	17	10	5	10	21	15
Gm6793	354	363	292	274	325	296
Gm6797-001	1	0	0	0	0	0
Gm6801-001	1	0	0	0	0	0
Gm6803	0	2	0	0	0	0
Gm6811	1	2	1	1	4	0
Gm6812	0	1	0	0	0	0
Gm6818-001	0	0	0	0	0	0
Gm6819-001	0	0	0	0	0	0
Gm6820-001	0	0	0	0	0	0
Gm6821-001	2	5	0	1	1	1
Gm6838-001	0	0	1	9	8	13
Gm684	16	20	16	10	20	10
Gm6858-001	0	0	0	1	1	2
Gm6866	0	0	0	0	0	0
Gm6871	5	15	18	8	15	5
Gm6878	0	0	0	0	0	0
Gm6880	0	0	0	0	0	0
Gm6882	0	0	0	0	0	0
Gm6890	0	0	0	0	0	0
Gm6897-001	0	1	0	0	0	0
Gm6899	2	1	0	2	2	0
Gm6902	0	0	0	0	0	0
Gm6904	10	9	10	4	12	8
Gm6918-001	0	0	0	0	0	0
Gm6934	9	9	7	2	7	2
Gm6939	338	351	287	282	306	259
Gm694	30	27	17	6	12	12
Gm6956-001	0	0	0	0	0	0
Gm6960-201	0	0	0	0	0	0
Gm6970	5	10	10	3	0	2
Gm7003	0	0	0	0	0	0
Gm7008	222	214	156	162	152	168
Gm7029-001	461	451	416	1003	1109	1249
Gm7030	16	12	2	40	57	47
Gm7052-001	1	2	1	0	3	1
Gm7068-001	156	132	64	39	43	59
Gm7073	0	0	0	0	0	0
Gm7075	4	2	1	0	3	0
Gm7094-001	20	15	11	8	11	10
Gm7097	29	19	24	18	28	11
Gm7099-201	5	7	2	5	4	3
Gm7102	10	7	3	11	16	27
Gm7104	0	0	0	0	0	0
Gm7113-001	0	0	0	0	0	0
Gm7115-001	0	0	0	0	0	0
Gm7133-001	1	0	2	0	1	1
Gm7135	5	13	3	7	1	1
Gm7137	0	0	0	0	0	0
Gm7138	0	0	0	0	0	0
Gm7145	0	0	0	0	0	0
Gm7152-001	0	0	0	0	0	0
Gm7168	0	0	0	0	0	0
Gm7171-001	0	0	0	0	0	0
Gm7173	97	96	71	67	96	81
Gm7195-001	0	0	0	0	0	0
Gm7205-001	0	0	0	0	0	0
Gm7224-001	18	11	12	58	50	75
Gm7230-001	0	0	0	0	0	0
Gm7233	2	3	1	3	0	4
Gm7247	0	0	4	0	0	0
Gm7255-001	0	0	0	0	0	0
Gm7257	0	0	0	0	0	0
Gm7265	125	131	107	70	114	99
Gm7271	9	4	5	1	2	0
Gm7275	0	0	0	0	0	0
Gm7276	69	41	47	63	58	59
Gm7281-001	9	10	8	6	8	10
Gm7284-001	0	1	0	0	0	0
Gm7292	5766	5170	3798	3976	4326	4728
Gm7293	77	76	54	170	175	215
Gm7298	0	0	0	0	0	0
Gm7316-001	0	0	0	0	0	0
Gm732	0	0	0	0	0	0
Gm7325	2	1	11	2	4	2
Gm7334	182	227	148	128	176	134
Gm7346-001	0	0	0	0	0	0
Gm7347	4	4	4	11	8	4
Gm7350-001	0	0	0	0	0	0
Gm7356	1	0	0	0	0	0
Gm7358-001	0	0	0	0	0	0
Gm7361	1	1	0	3	1	8
Gm7365-001	0	0	0	0	0	0
Gm7375-001	0	0	0	0	0	0
Gm7386-001	0	0	0	0	0	0
Gm7391-001	0	0	0	0	0	0
Gm7397-001	0	0	0	0	0	0
Gm7398-001	0	0	0	0	0	0
Gm7408-001	0	0	0	0	0	0
Gm7415-001	0	0	0	0	0	0
Gm7421-001	0	0	0	0	0	0
Gm7426-201	2	0	0	0	1	0
Gm7430-001	0	0	0	0	0	0
Gm7438-001	0	0	0	0	0	0
Gm7461	25	27	17	26	18	18
Gm7467	27	29	22	23	32	33
Gm7489	6	8	2	0	5	1
Gm7534	3	1	1	1	0	0
Gm7535	22	21	9	16	18	15
Gm7546	378	329	286	230	236	221
Gm7568	5	4	2	3	3	0
Gm7579	0	1	0	0	0	0
Gm7580	2	0	1	4	3	0
Gm7582-002	0	0	0	1	0	0
Gm7592	1	0	4	0	3	1
Gm7609	1	0	1	0	1	0
Gm7616	336	278	258	209	231	289
Gm7628	105	95	102	57	54	38
Gm7631-001	0	0	0	0	0	0
Gm7646-001	0	0	0	0	0	0
Gm7647-001	0	0	0	0	0	0
Gm7648-001	3	0	0	0	0	0
Gm765	41	33	25	11	10	11
Gm7651-001	0	0	0	0	0	0
Gm7652-001	0	0	0	0	0	0
Gm7663-001	0	0	0	0	0	0
Gm7682	0	0	0	0	0	0
Gm7694	141	175	102	79	77	91
Gm7696-001	4	0	0	0	0	1
Gm7697	88	93	66	34	55	42
Gm7714	0	0	0	0	0	1
Gm7722-001	3	4	0	2	1	1
Gm7729-001	114	105	61	79	95	75
Gm773	0	0	0	0	1	1
Gm7732-001	0	0	1	0	0	1
Gm7735	0	0	0	0	0	0
Gm7736-001	0	1	0	0	0	0
Gm7740-001	0	0	2	0	1	1
Gm7742-001	0	0	0	0	2	0
Gm7792	0	0	0	0	0	0
Gm7849	0	0	0	0	0	0
Gm7853-001	0	0	0	0	0	0
Gm7854	83	79	44	33	26	29
Gm7861	0	0	0	0	0	0
Gm7871-001	0	1	0	0	0	0
Gm7876	1	2	0	1	2	2
Gm7879	11	14	2	3	10	7
Gm7889-001	23	17	24	54	62	60
Gm7897-001	0	0	1	1	7	7
Gm7903	8	6	7	9	7	10
Gm7905-001	0	0	0	0	0	0
Gm7916-001	0	0	0	1	0	2
Gm7919-001	0	0	0	0	0	0
Gm7925-001	0	0	0	0	0	0
Gm7929	0	0	0	0	0	0
Gm7939-001	0	0	0	0	0	0
Gm7942	0	0	0	0	0	0
Gm7945	0	0	0	0	0	0
Gm7950-001	0	0	0	0	0	0
Gm7951	0	0	0	0	0	0
Gm7953-001	0	0	0	0	0	0
Gm7954	0	0	0	0	0	0
Gm7958-001	0	0	0	0	0	0
Gm7961-001	0	0	0	0	0	0
Gm7970	0	0	0	0	0	0
Gm7971	0	0	0	0	0	0
Gm7972	28	30	20	18	30	23
Gm7974-001	0	0	0	0	0	0
Gm7978	0	0	0	0	0	0
Gm7980	0	0	0	0	0	0
Gm7982	0	0	0	0	0	0
Gm7991-001	0	0	0	0	0	0
Gm7995	0	0	0	0	0	0
Gm8000-001	1	0	1	0	2	1
Gm8005	0	0	0	0	0	0
Gm8010-001	56	52	42	31	47	39
Gm8011	1	0	2	0	0	0
Gm8018-001	0	0	0	0	0	0
Gm8020	0	0	0	0	0	0
Gm8024	0	0	0	0	0	0
Gm8032-001	0	0	0	0	0	0
Gm8046-001	0	0	0	0	0	0
Gm8050	17	22	18	7	10	13
Gm8065-001	0	0	0	0	0	0
Gm8068	0	0	0	0	0	0
Gm8074	0	0	0	0	0	0
Gm8080-001	0	0	0	0	0	0
Gm8082	0	0	0	0	0	0
Gm8084-001	0	0	0	0	0	0
Gm8089-001	0	0	0	0	0	1
Gm8091-001	1	1	0	0	0	1
Gm8094	1	0	0	0	0	0
Gm8104	0	3	2	0	0	0
Gm8108	30	35	11	39	42	46
Gm8113	8	14	13	5	7	7
Gm8114-001	0	0	0	0	0	0
Gm8122	0	0	0	0	0	0
Gm8126	1	1	0	0	0	0
Gm8127	1	0	0	0	0	0
Gm813	0	0	0	0	0	0
Gm8138	0	0	0	0	0	0
Gm815	0	0	0	0	0	0
Gm8159	1	0	0	2	3	0
Gm8161-001	0	0	0	0	0	0
Gm8165	0	0	0	0	0	0
Gm8180	0	0	0	0	0	0
Gm8186	183	175	133	137	111	143
Gm8206	19	10	10	13	10	25
Gm8207-001	0	0	0	0	0	0
Gm8212	0	0	0	0	0	0
Gm8220	0	0	0	0	0	0
Gm8224-001	0	0	0	0	0	0
Gm8225	260	209	218	154	149	191
Gm8229	0	0	0	0	0	0
Gm8232	0	0	0	0	0	0
Gm8237	25	20	12	23	16	22
Gm8246	0	2	1	1	2	3
Gm8247	0	0	0	0	0	0
Gm8251	61	47	35	11	22	23
Gm8256-001	0	0	0	0	0	0
Gm8257	0	0	0	0	0	0
Gm826	12	5	5	7	4	5
Gm8265	0	0	0	0	0	0
Gm8267	0	0	0	0	0	0
Gm8271	16	13	9	9	4	6
Gm8279	1	0	0	1	0	1
Gm8281	32	27	20	24	33	38
Gm8289-001	0	0	0	0	0	0
Gm8297	1	0	0	2	3	0
Gm8298	0	0	0	0	0	0
Gm8298-001	0	0	0	0	0	0
Gm8300	1	6	5	0	2	1
Gm8332	2	1	1	0	0	0
Gm8334	0	0	0	0	0	0
Gm8356	0	0	0	1	1	1
Gm8362	1	1	2	1	0	0
Gm8369	0	0	0	0	0	0
Gm8374	2	1	0	2	1	0
Gm8385-201	0	0	0	0	0	0
Gm8394	223	227	137	109	157	165
Gm8399-201	761	724	531	449	545	595
Gm8439	202	170	163	148	146	207
Gm8444	5	7	7	10	11	4
Gm8446-001	1	0	0	0	0	0
Gm8453	0	0	0	0	0	0
Gm8480-001	0	0	0	0	0	0
Gm8486-001	0	0	0	0	0	0
Gm8493-001	33	27	22	21	32	18
Gm8521-001	0	0	0	0	0	0
Gm853	0	0	0	0	0	0
Gm8540-001	6	2	1	3	3	1
Gm8546-201	28	30	15	24	30	25
Gm8582-001	0	0	0	0	0	0
Gm8584-001	0	0	0	0	0	0
Gm8597-001	1	1	2	2	9	5
Gm8600-001	0	0	0	0	0	0
Gm8603-001	25	42	45	13	30	31
Gm8653	0	0	0	0	0	0
Gm8660	0	0	0	0	0	0
Gm867	875	872	593	624	653	717
Gm8674	0	0	0	0	0	0
Gm8677	0	0	0	0	0	0
Gm8685-001	0	0	0	0	0	0
Gm8688-001	0	0	0	0	0	0
Gm8693	0	0	0	0	0	0
Gm8701-201	0	0	0	0	0	0
Gm8708-001	0	0	0	0	0	0
Gm8711-201	0	0	0	0	0	0
Gm8715-001	0	0	0	0	0	0
Gm8720	0	0	0	0	0	0
Gm8723-201	0	0	0	0	0	0
Gm8728-001	0	0	0	0	0	0
Gm8739	4	0	1	1	2	0
Gm8764	0	0	0	0	0	0
Gm8765	0	0	0	0	0	0
Gm8773	0	4	0	2	2	2
Gm8797	1474	1616	1143	3165	3372	3688
Gm8801-001	15	19	13	10	16	14
Gm8810-001	2	4	0	17	17	17
Gm8815-001	0	3	0	12	9	13
Gm8835-001	2	1	0	1	0	1
Gm8837-001	0	1	1	0	0	0
Gm884	0	1	0	0	0	0
Gm8849-201	14	10	7	6	1	5
Gm8857	0	0	0	0	0	0
Gm8868-001	0	0	0	0	0	0
Gm8871	0	0	0	0	0	0
Gm8877-001	0	0	0	0	0	0
Gm8879	0	0	0	0	0	0
Gm8882	0	0	0	0	0	0
Gm8888	0	0	0	0	0	0
Gm8890	0	0	0	0	0	0
Gm8893-001	0	0	0	5	0	2
Gm8895-001	1	0	0	0	0	0
Gm8897	0	0	0	0	0	0
Gm8906	0	0	0	0	0	0
Gm8909	5	0	1	102	84	117
Gm8914	0	0	0	0	0	0
Gm8922	0	0	0	0	0	0
Gm8926	0	0	0	0	0	0
Gm8973	3	3	1	1	1	0
Gm8978	0	0	0	0	0	0
Gm8979-001	17	9	18	2	2	5
Gm8980-001	0	1	0	0	1	2
Gm8988-001	0	0	0	0	0	0
Gm8989-001	4	2	11	1	1	1
Gm8994	11	4	6	7	5	6
Gm8995	62	56	24	28	31	33
Gm9	0	0	0	0	0	0
Gm9008	71	67	59	41	55	53
Gm9017	21	22	20	17	26	24
Gm9023-001	0	0	1	0	0	0
Gm904	2	0	1	0	0	0
Gm9043-001	7	12	4	6	7	6
Gm9047	7	5	4	3	6	6
Gm906	0	0	0	0	0	0
Gm9071-001	0	0	0	0	0	0
Gm9075-001	1	2	0	3	0	1
Gm9112	0	0	0	0	0	0
Gm9113-001	0	0	0	0	0	0
Gm9116-001	0	0	0	0	0	0
Gm9117	0	0	0	0	0	0
Gm9119-001	0	0	0	0	0	0
Gm9121-001	0	0	0	0	0	0
Gm9124-001	0	0	0	0	0	0
Gm9125	0	0	0	0	0	0
Gm9126-001	0	0	0	0	0	0
Gm9131-001	0	0	0	0	0	0
Gm9133-001	0	0	0	0	1	0
Gm9141-001	0	0	0	0	0	0
Gm9144-201	324	286	231	213	239	239
Gm9195	686	591	461	438	546	550
Gm9220-001	0	0	0	1	0	0
Gm9239-001	0	0	0	0	0	0
Gm9242	123	121	102	112	109	112
Gm9244-001	0	0	0	0	0	0
Gm9257	0	0	0	0	0	0
Gm9268	1	2	0	0	0	0
Gm9271-001	0	0	0	0	0	0
Gm9285-001	9	5	3	29	31	31
Gm9286-001	1	1	4	8	8	16
Gm9312	29	23	13	0	0	2
Gm9322-001	0	0	0	0	0	0
Gm933	0	1	0	0	0	0
Gm9376	0	0	0	1	1	1
Gm94	0	0	0	0	0	2
Gm9440-001	0	0	0	0	0	0
Gm9476	0	0	0	0	0	0
Gm9493	941	794	570	549	666	689
Gm9495	69	67	54	29	41	37
Gm9507	0	1	0	0	1	2
Gm9513	0	0	0	0	0	0
Gm9515-001	0	0	1	0	0	0
Gm9519-001	0	0	0	0	0	0
Gm9529-201	18	17	10	4	11	11
Gm9573	3	13	11	6	13	12
Gm9574-001	0	0	0	13	20	23
Gm9587-001	0	0	0	0	0	0
Gm9593-001	0	0	0	0	0	0
Gm9597-001	0	0	0	0	0	0
Gm960	80	62	54	86	104	85
Gm9602	0	0	0	1	1	1
Gm9603	0	1	0	0	0	0
Gm9611	0	0	0	0	0	0
Gm9637	0	0	0	0	0	0
Gm9671-001	0	0	0	0	0	0
Gm9672-001	0	0	0	0	0	0
Gm9678-001	0	1	0	0	1	0
Gm9694	42	42	43	33	49	43
Gm9696	0	0	0	0	0	0
Gm9725	346	345	268	269	322	344
Gm9726	638	581	487	478	540	624
Gm973	123	117	116	65	98	71
Gm9732	0	0	0	0	0	0
Gm9733	0	0	0	0	0	0
Gm9742	0	0	1	0	0	0
Gm9745	1	2	4	2	3	2
Gm9747	804	790	496	607	621	707
Gm9748	68	59	46	39	48	51
Gm9754	536	540	437	422	446	492
Gm9758	1	4	1	1	0	0
Gm9765-001	0	0	0	0	0	0
Gm9767	74	56	58	48	44	50
Gm9768	59	47	56	49	36	48
Gm9770-201	107	98	77	135	162	163
Gm9772	8	14	12	2	1	1
Gm9774	469	416	354	302	283	386
Gm9776	209	248	150	153	199	197
Gm9780	556	657	448	294	292	412
Gm9789	0	0	0	0	0	0
Gm9797	352	341	272	225	278	307
Gm9800-201	6273	6151	4187	4139	4511	5009
Gm9801-201	58	84	45	27	39	33
Gm9803	202	203	127	129	145	136
Gm9804	1	1	0	0	0	0
Gm9805	2	1	0	0	3	0
Gm9806-201	62	59	43	31	42	53
Gm9812-201	77	80	75	53	55	42
Gm9817	9	3	5	3	3	4
Gm9818-201	2	0	0	0	1	0
Gm9821	267	308	227	292	351	300
Gm9823-201	156	205	150	134	146	142
Gm9828	519	547	469	357	463	438
Gm9830	561	570	404	334	356	384
Gm9833	1201	1095	867	845	920	1024
Gm9837	0	0	0	0	1	3
Gm9839	4	13	10	4	10	5
Gm9843	1851	1799	1363	1383	1540	1604
Gm9844	305	303	218	241	237	238
Gm9847	20	21	12	4	17	17
Gm9857	4	5	4	7	1	5
Gm9864-201	19	23	12	10	16	8
Gm9867	0	0	0	0	0	0
Gm9869	69	68	38	26	29	31
Gm9870	40	29	30	32	23	36
Gm9870-201	31	25	27	23	18	27
Gm9874	44	59	53	43	73	71
Gm9877-201	26	27	21	11	21	17
Gm9881	0	0	0	0	0	0
Gm9884	62	46	30	51	73	65
Gm9885	13	16	7	8	15	12
Gm9887	51	69	50	49	54	52
Gm9888	7	8	3	7	4	0
Gm9889-201	23	16	15	11	16	21
Gm9890-001	0	0	0	0	0	0
Gm9894	2	1	1	9	9	7
Gm9899-201	41	37	29	21	19	45
Gm9903	35	38	19	25	20	24
Gm9905	130	142	99	95	99	105
Gm9910	4	3	2	4	2	4
Gm9913	84	85	60	18	20	19
Gm9917	934	828	736	674	706	717
Gm9918	1499	1345	1004	940	1204	1146
Gm9920	25	19	19	20	19	15
Gm9922	2	0	1	1	0	0
Gm9923	635	659	488	427	515	520
Gm9924	7	7	6	3	1	0
Gm9925	36	37	30	14	25	19
Gm9930	21	21	19	12	13	10
Gm9931	0	0	0	0	0	0
Gm9934	15	11	18	35	43	37
Gm9936	25	23	12	270	226	387
Gm9938	1173	1018	762	515	602	583
Gm9939	4	4	2	5	1	9
Gm9939-201	55	52	54	33	39	41
Gm9944	0	0	0	0	0	1
Gm9945	17	10	10	13	12	20
Gm9947	7	5	4	1	3	6
Gm9949	5	2	3	3	3	1
Gm9954	228	224	181	186	203	186
Gm9955	21	17	9	9	9	12
Gm9956	0	0	0	1	0	0
Gm9958	260	210	164	222	283	262
Gm9959-201	37	45	30	22	37	48
Gm996	591	569	380	441	516	551
Gm9961	4	4	3	8	5	4
Gm9962	39	32	19	27	27	26
Gm9964	0	0	1	0	1	0
Gm9970	152	139	126	100	104	130
Gm9972	0	0	1	0	0	0
Gm9978	0	0	0	0	0	0
Gm9979	19	16	7	9	8	10
Gm9985-201	0	0	1	0	1	1
Gm9987-201	14	14	9	14	5	7
Gm9988-201	54	77	45	61	76	63
Gm9992	2	3	0	3	5	1
Gm9994	0	0	0	9	15	22
Gm9996	47	40	31	34	28	42
Gm9999	0	0	1	0	0	0
Gmcl1	1178	1123	835	882	994	1104
Gmcl1l	0	0	0	0	0	0
Gmds	197	197	153	99	109	96
Gmeb1	1242	1131	908	996	1097	1140
Gmeb2	1039	971	797	622	686	773
Gmfb	5694	5460	3853	3910	4458	4785
Gmfg	10	12	10	8	9	9
Gmip	156	146	83	151	192	152
Gml	0	0	0	0	0	0
Gml2	1	0	0	0	0	0
Gmnc	0	1	0	2	0	0
Gmnn	167	149	119	142	117	161
Gmppa	891	820	682	568	588	638
Gmppb	1121	1062	815	817	912	948
Gmpr	391	343	235	344	403	429
Gmpr2	741	811	567	536	603	667
Gmps	5337	4983	3808	3607	4246	4543
Gna11	2355	2272	1648	1560	1557	1797
Gna12	1287	1237	976	797	990	1049
Gna13	2635	2698	1899	1855	2090	2188
Gna14	190	170	143	105	137	169
Gna15	9	12	4	3	9	11
Gnai1	1759	1557	1091	1059	1149	1376
Gnai2	3698	3563	2512	2493	2551	2959
Gnai3	1717	1915	1342	1387	1436	1604
Gnal	1351	1340	938	797	856	981
Gnao1	8511	8500	6056	5803	6479	6977
Gnaq	3654	3444	2397	2323	2576	2759
Gnas	17518	16557	11795	10962	11763	13387
Gnat1	363411	354269	283248	240719	253660	282136
Gnat2	9915	8945	7020	4916	5553	6191
Gnat3	13	9	8	56	53	65
Gnaz	5195	4790	3532	3392	3878	4493
Gnb1	251862	249829	178177	164471	183563	201552
Gnb1l	212	230	148	129	157	172
Gnb2	3057	2744	2058	2021	2076	2369
Gnb3	12486	11282	8288	7599	8371	9376
Gnb4	325	345	259	213	234	234
Gnb5	20013	19276	15257	12568	13929	15631
Gne	1688	1635	1279	1185	1372	1415
Gng10	451	420	261	296	307	395
Gng11	373	406	293	310	389	406
Gng12	342	378	228	202	217	243
Gng13	2723	2505	1779	1719	1879	2177
Gng2	3613	3313	2278	1834	1901	2318
Gng3	1646	1516	1145	1187	1222	1430
Gng4	806	789	562	386	365	485
Gng5	919	902	606	546	661	670
Gng7	869	839	597	665	639	824
Gng8	15	10	10	6	5	5
Gngt1	86291	85714	61794	67986	70875	78354
Gngt2	3869	3694	2882	2194	2265	2571
Gnl1	3657	3407	2647	2730	2847	3171
Gnl2	2520	2323	1836	1694	1945	2066
Gnl3	1347	1244	894	863	1054	1151
Gnl3l	11534	10671	7725	7007	7773	8730
Gnmt	83	66	71	64	68	87
Gnpat	3352	3013	2357	2082	2373	2691
Gnpda1	511	450	366	327	359	387
Gnpda2	1465	1360	981	939	995	1155
Gnpnat1	2546	2483	1737	1559	1743	1832
Gnptab	1264	1334	971	762	929	922
Gnptg	3546	3206	2439	2503	2704	2986
Gnrh1	30	31	27	20	13	25
Gnrhr	0	0	0	0	0	1
Gns	6322	5984	4718	4531	4738	5395
Golga1	2754	2707	2009	1936	2231	2305
Golga2	4037	3845	2808	2706	3038	3247
Golga3	2153	2193	1693	1660	1921	1845
Golga4	8142	7415	6161	5712	6688	6817
Golga5	2173	2247	1623	1650	1835	1900
Golga7	3017	2956	2050	1818	1984	2239
Golga7b	862	827	592	646	598	773
Golgb1	5753	5344	4451	3683	4358	4284
Golim4	2167	2130	1593	1658	1804	1943
Golm1	317	287	221	165	163	194
Golph3	3371	3180	2361	2282	2392	2661
Golph3l	1563	1507	1107	1100	1217	1296
Golt1a	8	3	6	1	3	6
Golt1b	2796	2588	1839	1724	1890	2131
Gon4l	6359	5765	4715	3391	3673	3957
Gopc	1372	1353	903	969	1022	1167
Gorab	737	653	496	403	436	474
Gorasp1	2223	2110	1571	1463	1604	1865
Gorasp2	3817	3748	2818	2677	3008	3488
Gosr1	2539	2498	1967	1870	2096	2243
Gosr2	3493	3389	2546	2192	2528	2697
Got1	11427	10268	7324	7027	7466	8243
Got1l1	9	6	3	0	2	0
Got2	9250	8555	6371	5980	6403	7223
Gp1ba	266	246	192	228	306	302
Gp1bb	980	920	671	659	697	777
Gp2	7	6	27	4	1	5
Gp5	13	12	8	19	15	27
Gp6	1	0	0	0	0	0
Gp9	4	1	0	2	1	1
Gpa33	0	0	0	0	2	0
Gpaa1	1275	1319	920	901	944	1060
Gpalpp1	4702	4481	3258	3027	3539	3815
Gpam	2802	2565	2049	1944	2175	2206
Gpank1	883	853	623	612	692	714
Gpat2	186	187	158	202	240	227
Gpat4	5319	4855	3813	3458	3611	4046
Gpatch1	958	1018	697	716	843	864
Gpatch11	2682	2678	2035	1818	2166	2150
Gpatch2	1788	1805	1428	1386	1565	1630
Gpatch2l	2626	2444	1810	1691	1951	2104
Gpatch3	297	311	240	282	302	297
Gpatch4	162	174	105	91	129	144
Gpatch8	3326	3085	2654	2447	2871	3028
Gpbar1	15	11	10	6	9	16
Gpbp1	10525	9874	7348	6979	7914	8520
Gpbp1l1	3208	3173	2346	2510	2674	2905
Gpc1	1206	1083	828	923	932	1055
Gpc2	387	354	303	237	252	333
Gpc3	375	373	268	274	330	361
Gpc4	113	134	91	47	62	69
Gpc5	30	25	20	27	21	26
Gpc6	638	700	513	376	436	472
Gpcpd1	2632	2401	1882	1695	2052	2211
Gpd1	88	98	70	72	71	62
Gpd1l	1655	1607	1129	1110	1204	1276
Gpd2	630	701	479	399	495	530
Gper1	41	36	41	27	41	33
Gpha2	28	26	20	13	23	15
Gphb5	0	0	0	0	0	0
Gphn	3861	3606	2789	2532	2883	3216
Gpi1	23703	21758	16744	15788	16906	20197
Gpihbp1	0	0	0	0	0	0
Gpkow	2611	2666	1862	1781	1912	2020
Gpld1	2518	2487	1837	1677	1988	2073
Gpm6a	22533	20609	14142	13295	13977	16149
Gpm6b	13036	12570	8682	8966	10149	11041
Gpn1	1332	1217	956	936	1057	1190
Gpn2	318	322	260	268	270	273
Gpn3	1640	1533	1202	1113	1219	1424
Gpnmb	234	588	192	33	18	19
Gpr1	12	15	4	5	12	11
Gpr101	69	51	49	40	52	61
Gpr107	2398	2292	1798	1659	1961	2148
Gpr108	2556	2309	1813	1668	1776	2022
Gpr119	3	2	1	2	5	1
Gpr12	90	97	60	93	91	109
Gpr132	0	1	1	1	1	1
Gpr135	133	114	96	86	110	103
Gpr137	1002	1011	755	839	779	892
Gpr137b	508	538	372	332	383	399
Gpr137c	1119	1065	793	861	904	1028
Gpr139	92	76	65	92	79	80
Gpr141	1	1	3	0	3	1
Gpr142	0	0	0	0	1	0
Gpr143	8	14	7	6	16	7
Gpr146	774	624	491	490	563	617
Gpr149	171	150	95	125	167	144
Gpr15	7	1	6	4	3	1
Gpr150	10	3	5	8	10	6
Gpr151	38	46	29	40	52	53
Gpr152	6219	5864	4678	3881	3920	4346
Gpr153	2777	2578	2103	1808	1901	2218
Gpr155	1163	1077	772	733	762	897
Gpr156	114	109	88	99	107	128
Gpr157	205	182	144	196	234	242
Gpr158	2628	2454	1964	1586	1782	1830
Gpr160	21	26	22	28	25	28
Gpr161	326	325	213	124	136	126
Gpr162	5933	5302	3757	4464	4710	5438
Gpr165	224	235	173	126	128	144
Gpr17	11	14	7	6	9	6
Gpr171	32	36	35	26	38	36
Gpr173	345	354	238	267	279	342
Gpr174	0	6	3	6	2	1
Gpr176	472	438	338	165	198	249
Gpr179	7936	6655	5501	5080	5831	6022
Gpr18	43	39	38	30	45	34
Gpr180	1966	1840	1282	1406	1482	1676
Gpr182	166	146	124	149	181	227
Gpr183	43	55	56	31	43	28
Gpr19	461	462	352	444	476	556
Gpr20	3	2	2	1	1	1
Gpr21	159	188	134	113	130	127
Gpr22	1466	1315	930	863	919	955
Gpr25	3	3	3	3	4	5
Gpr26	1159	1110	927	756	847	898
Gpr27	206	213	141	125	133	175
Gpr3	61	76	51	39	24	32
Gpr31b	0	0	0	0	0	0
Gpr33	0	0	0	0	0	0
Gpr34	99	82	56	47	74	70
Gpr35	82	76	61	53	70	47
Gpr37	5207	5042	3358	3606	3911	4672
Gpr37l1	55	40	41	32	35	31
Gpr39	193	167	118	142	141	166
Gpr4	87	79	67	101	122	128
Gpr45	98	99	60	70	59	70
Gpr50	2	0	1	5	1	0
Gpr55	9	7	8	2	1	1
Gpr6	7	6	6	5	9	14
Gpr61	560	612	477	428	480	512
Gpr62	1554	1574	1096	1520	1647	1671
Gpr63	38	46	38	29	27	28
Gpr65	6	5	5	0	1	2
Gpr68	75	69	46	25	30	26
Gpr75	238	264	167	199	273	258
Gpr82	38	29	28	16	31	27
Gpr83	41	38	24	27	32	34
Gpr84	34	47	24	19	39	32
Gpr85	1302	1186	922	850	957	1016
Gpr87	12	31	21	3	10	11
Gpr88	187	193	116	127	144	182
Gpr89	1560	1649	1172	1041	1283	1317
Gprasp1	24305	21483	16742	15644	17666	19180
Gprasp2	6122	5613	4168	3858	4281	4737
Gprc5a	2	4	9	1	0	1
Gprc5b	1618	1650	1035	1659	1795	1930
Gprc5c	276	272	172	118	129	130
Gprc5d	0	0	0	0	0	1
Gprc6a	0	0	0	0	0	0
Gprin1	1231	1322	800	744	796	899
Gprin2	78	61	59	52	75	70
Gprin3	672	570	428	435	485	542
Gps1	4030	3761	2880	2698	2762	3094
Gps2	1040	1029	780	709	797	868
Gpsm1	6392	5948	4905	4707	5306	5353
Gpsm2	15459	13075	10492	10264	10878	12043
Gpsm3	908	724	657	670	762	809
Gpt	195	183	129	134	139	136
Gpt2	344	336	243	191	223	225
Gpx1	901	830	623	596	606	679
Gpx2	2	1	0	6	2	1
Gpx3	1394	1206	627	63	57	55
Gpx4	13736	13062	10412	9288	9495	10936
Gpx5	0	0	0	0	0	0
Gpx6	3	0	3	1	2	0
Gpx7	58	60	38	36	53	53
Gpx8	364	384	241	221	176	221
Gramd1a	1548	1465	1106	771	938	1033
Gramd1b	14336	13794	10928	9468	10611	10810
Gramd1c	62	51	36	41	46	37
Gramd2	2968	2459	1921	1586	2012	1914
Gramd3	79	110	55	44	56	43
Gramd4	736	698	485	523	597	635
Grap	36	27	20	24	25	25
Grap2	98	81	72	96	123	121
Grasp	65	86	56	47	37	59
Grb10	3311	3060	2383	2145	2446	2693
Grb14	217	197	134	127	141	137
Grb2	1138	1200	798	780	880	921
Grb7	20	21	24	25	18	24
Grcc10	2810	2810	2050	1903	2020	2277
Greb1	425	418	367	332	349	387
Greb1l	492	526	388	381	418	391
Grem1	55	60	35	38	15	17
Grem2	343	275	209	399	430	509
Grhl1	225	249	203	144	138	158
Grhl2	41	44	44	30	41	24
Grhl3	50	51	40	40	44	51
Grhpr	729	669	546	564	608	732
Gria1	1828	1785	1334	1261	1467	1506
Gria2	6982	6773	4834	4597	5469	5372
Gria3	1501	1417	1161	958	1117	1145
Gria4	4900	4515	3251	3265	3841	3990
Grid1	901	867	649	564	602	664
Grid2	591	574	431	326	413	433
Grid2ip	94	72	70	59	53	65
Grifin	2	12	6	1	0	2
Grik1	4274	3985	2723	2959	3328	3633
Grik2	953	924	763	689	764	770
Grik3	342	303	246	463	512	603
Grik4	102	88	74	79	97	87
Grik5	949	937	772	655	759	715
Grin1	1583	1590	1231	1113	1282	1279
Grin1os	764	794	636	546	654	668
Grin2a	1142	1072	836	642	806	786
Grin2b	1295	1379	1009	1042	1318	1248
Grin2c	111	105	72	98	107	116
Grin2d	349	291	235	235	263	233
Grin3a	506	500	378	280	303	335
Grin3b	161	168	145	135	142	143
Grina	13433	12792	10213	9083	9539	10619
Grip1	2438	2309	1738	1662	1880	1981
Grip1os1	19	36	28	10	23	18
Grip1os2	13	13	18	14	11	17
Grip1os3	12	20	11	5	16	14
Grip2	583	525	428	366	422	452
Gripap1	2793	2622	1998	1998	2278	2380
Grk1	124007	113939	93039	70360	77079	83616
Grk4	342	332	269	299	310	300
Grk5	563	502	398	568	637	665
Grk6	1458	1310	940	952	1063	1128
Grm1	1250	1093	807	772	969	991
Grm2	278	286	217	243	275	271
Grm3	134	135	114	83	106	82
Grm4	289	283	191	217	231	261
Grm5	2407	2151	1580	1382	1517	1756
Grm6	2048	2040	1421	1279	1597	1601
Grm7	694	713	516	505	574	564
Grm8	1992	1928	1459	1064	1192	1241
Grn	828	793	563	491	585	614
Grp	31	21	17	43	47	52
Grpel1	2137	2058	1585	1481	1574	1772
Grpel2	1959	1972	1491	1449	1571	1624
Grpr	5	9	3	4	7	4
Grrp1	59	32	18	26	25	16
Grsf1	4205	4119	2935	2798	3159	3501
Grtp1	6978	6691	4975	4878	5389	5811
Grwd1	516	383	358	349	343	447
Grxcr1	0	0	0	0	0	0
Grxcr2	5	1	1	2	0	0
Gsap	324	350	236	192	220	206
Gsc	0	0	0	0	0	0
Gsc2	77	67	55	23	44	27
Gsdma	11	4	5	3	2	2
Gsdma2	0	0	0	1	0	0
Gsdma3	0	0	0	0	0	0
Gsdmc	0	0	0	0	0	0
Gsdmc2	0	0	0	0	0	0
Gsdmc3	0	1	0	0	0	1
Gsdmc4	3	6	0	0	2	3
Gsdmcl-ps-001	10	7	8	7	8	8
Gsdmcl1	1	0	0	0	0	0
Gsdmcl2	0	0	0	0	0	0
Gsdmd	34	50	38	30	20	23
Gse1	3286	3038	2451	2305	2568	2551
Gsg1	1516	1377	1032	956	963	1193
Gsg1l	436	415	380	301	332	355
Gsg1l2	636	517	350	279	311	345
Gsg2	18	23	7	48	34	35
Gsk3a	3644	3328	2613	2572	2745	3066
Gsk3b	9955	9504	6574	5781	6757	6964
Gskip	900	948	654	653	629	712
Gsn	322	322	241	138	125	157
Gspt1	4638	4467	3324	2612	2831	2939
Gspt2	855	824	593	674	702	801
Gsr	1257	1231	913	1254	1359	1445
Gss	732	685	545	482	559	575
Gssos1	21	31	23	23	22	30
Gssos2	51	37	52	49	41	46
Gsta1	6	17	23	10	20	9
Gsta2	8	12	17	6	9	2
Gsta3	99	140	67	66	82	70
Gsta4	989	983	731	1128	1226	1323
Gstcd	1282	1202	839	783	983	1042
Gstk1	144	154	102	99	139	129
Gstm1	424	400	270	150	180	148
Gstm2	37	43	45	13	9	3
Gstm3	3	0	1	1	0	1
Gstm4	111	138	80	72	113	99
Gstm5	1861	1717	1297	1301	1424	1626
Gstm6	62	51	40	41	42	51
Gstm7	221	212	123	145	132	173
Gsto1	967	1868	1600	482	687	748
Gsto2	49	51	48	26	36	42
Gstp1	4468	4087	3004	3086	3285	3827
Gstp2	3726	3327	2581	2552	2674	3014
Gstt1	485	431	343	304	316	341
Gstt2	192	217	176	269	280	290
Gstt3	141	157	103	56	79	80
Gstt4	4	1	1	4	1	3
Gstz1	851	870	633	691	850	878
Gsx1	13	6	7	6	6	4
Gsx2	4	6	1	5	2	1
Gt(ROSA)26Sor	1456	1275	887	873	1048	1172
Gtdc1	952	859	620	563	608	713
Gtf2a1	6239	6090	4392	3664	4179	4280
Gtf2a1l	10	8	6	13	19	10
Gtf2a2	1667	1630	1126	1155	1439	1531
Gtf2b	1496	1446	1108	1108	1135	1298
Gtf2e1	1329	1334	1002	1011	1090	1188
Gtf2e2	1207	1172	879	1036	1080	1282
Gtf2f1	2718	2626	1915	1858	1966	2218
Gtf2f2	1910	1662	1221	1259	1395	1550
Gtf2h1	3109	3001	2210	2045	2313	2570
Gtf2h2	761	706	472	487	601	625
Gtf2h3	785	782	529	564	602	657
Gtf2h4	660	636	502	370	415	425
Gtf2h5	2459	2391	1790	1680	1819	2068
Gtf2i	7437	7169	5313	4903	5558	5885
Gtf2ird1	3614	3544	2781	2581	3039	3047
Gtf2ird2	1005	885	682	589	675	738
Gtf3a	694	716	488	449	513	528
Gtf3c1	7181	6214	5140	4832	5417	5708
Gtf3c2	3639	3540	2631	2497	3081	2861
Gtf3c3	3079	2971	2156	2255	2640	2807
Gtf3c4	3312	3396	2436	2201	2352	2637
Gtf3c5	737	815	602	574	612	646
Gtf3c6	524	479	404	384	443	498
Gtpbp1	5955	5595	4270	2306	2596	2755
Gtpbp10	948	934	641	676	784	843
Gtpbp2	2270	2194	1696	1528	1764	1770
Gtpbp3	882	832	729	660	763	772
Gtpbp4	2484	2601	1867	1802	1938	2107
Gtpbp4-ps1-001	0	0	0	0	0	0
Gtpbp4-ps2-001	1	0	0	0	0	0
Gtpbp4-ps3-001	1	0	0	0	0	0
Gtpbp4-ps4-001	0	0	0	0	1	0
Gtpbp4-ps5-002	0	2	0	0	1	0
Gtpbp6	1322	1243	1047	995	1081	1165
Gtpbp8	1591	1435	1023	1159	1371	1451
Gtse1	16	16	12	13	11	10
Gtsf1	3	4	0	4	5	4
Gtsf1l	0	1	0	0	2	2
Guca1a	35381	34729	27380	22022	23708	27215
Guca1b	36142	38463	26867	23321	25083	27632
Guca2a	0	1	0	0	1	0
Guca2b	0	0	0	0	0	0
Gucd1	3592	3298	2807	2352	2593	2878
Gucy1a2	505	455	325	346	347	345
Gucy1a3	9890	8865	6435	5683	6250	7098
Gucy1b2	6	4	2	2	2	1
Gucy1b3	6197	5498	3990	4474	5008	5622
Gucy2c	5	4	9	0	1	3
Gucy2d	0	1	2	0	2	3
Gucy2e	26260	24066	20401	17304	19076	20039
Gucy2f	20634	18862	14950	13853	15966	16449
Gucy2g	23	31	19	33	38	39
Guf1	2198	2127	1573	1537	1765	1873
Guk1	7921	7080	5537	5764	6121	6537
Gulo	785	718	606	1098	1058	1131
Gulp1	1874	1866	1356	1809	2162	2356
Gusb	321	325	240	242	250	242
Gvin1	328	230	210	82	71	106
Gxylt1	876	1039	793	782	806	884
Gxylt2	1	7	4	3	0	1
Gyg	768	741	533	493	461	557
Gykl1	0	0	0	0	0	0
Gyltl1b	36	32	25	26	26	30
Gypa	1	1	0	1	1	0
Gypc	23	27	15	8	10	6
Gys1	475	517	362	316	382	454
Gys2	7	0	4	1	5	2
Gzf1	2158	1941	1516	1416	1480	1733
Gzma	2	0	1	2	0	1
Gzmb	0	0	0	0	0	0
Gzmc	0	1	0	0	0	0
Gzmd	0	0	0	0	0	0
Gzme	0	0	0	0	0	0
Gzmf	0	0	0	0	0	0
Gzmg	0	0	0	0	0	0
Gzmk	0	1	1	0	0	0
Gzmm	1070	976	781	546	676	674
Gzmn	0	0	0	0	0	0
H13	1447	1375	1137	1026	1135	1258
H1f0	3466	3139	2235	2484	2803	3183
H1fnt	0	0	0	0	0	0
H1foo	15	10	14	5	16	19
H1fx	50	43	41	35	31	42
H2-Aa	36	49	26	4	3	17
H2-Ab1	51	65	36	90	95	110
H2-Bl	2	4	2	26	41	32
H2-D1	1990	1772	1464	1465	1531	1819
H2-DMa	101	99	64	55	59	66
H2-DMb1	18	15	13	1	1	2
H2-DMb2	6	3	3	4	5	9
H2-Ea-ps-001	0	0	0	2	3	8
H2-Eb1	27	32	12	3	4	8
H2-Eb2	0	0	0	0	0	1
H2-K1	905	934	709	742	809	977
H2-K2-001	496	493	420	48	48	55
H2-Ke6	1423	1357	1050	1120	1220	1335
H2-M1	0	0	0	0	0	0
H2-M10.1	0	2	0	0	1	0
H2-M10.2	6	16	9	7	9	7
H2-M10.3	0	0	0	0	0	0
H2-M10.4	0	0	0	0	0	0
H2-M10.5	0	0	0	0	0	0
H2-M10.5-ps1-001	0	0	0	0	0	0
H2-M10.6	0	0	0	0	1	0
H2-M11	0	0	0	0	0	0
H2-M2	0	0	0	0	105	4
H2-M3	73	60	39	28	33	33
H2-M5	7	13	6	3	12	6
H2-M6-ps-001	13	21	9	5	8	7
H2-M9	0	0	0	0	0	0
H2-Oa	3	3	1	0	0	2
H2-Ob	3	5	3	0	5	4
H2-Pa-001	0	0	0	0	0	0
H2-Q1	30	25	13	140	157	192
H2-Q10	12	14	8	24	19	33
H2-Q2	11	17	8	72	75	98
H2-Q3-001	0	0	0	3	2	10
H2-Q4	164	158	122	374	340	444
H2-Q6	80	67	58	256	258	266
H2-Q7	39	23	20	84	89	98
H2-T-ps-001	2	4	0	67	74	82
H2-T10	14	25	8	38	46	44
H2-T22	326	273	186	194	204	198
H2-T23	206	216	128	104	105	130
H2-T24	230	230	203	81	82	67
H2-T3	0	0	0	14	8	22
H2afb1	6	4	2	2	2	2
H2afb2	0	0	0	0	0	0
H2afb3	0	0	0	0	0	0
H2afj	532	545	403	374	370	388
H2afv	1988	1862	1358	1348	1374	1623
H2afx	634	629	502	453	490	536
H2afy	5197	4947	3568	3218	3496	4104
H2afy2	655	622	458	430	503	520
H2afz	4897	4640	3384	3163	3298	3740
H2bfm	1	0	0	1	2	0
H3f3a	23794	21897	15482	17208	19179	20926
H3f3aos	145	136	110	82	112	105
H3f3b	40446	36755	26417	27385	33057	38151
H60b	6	3	4	3	0	0
H60c	1	13	13	7	4	8
H6pd	202	236	141	150	178	173
Haao	3	15	7	1	1	3
Habp2	4	5	3	0	8	4
Habp4	3216	3096	2200	1897	2088	2438
Hacd1	355	360	255	227	240	293
Hacd2	404	495	334	317	368	331
Hacd3	11318	10218	7440	7612	8459	9550
Hacd4	331	331	244	158	209	194
Hace1	2502	2402	1854	1718	1937	2231
Hacl1	695	648	517	516	563	630
Hadh	809	794	613	514	602	580
Hadha	3565	3313	2647	2747	3167	3228
Hadhb	1168	1194	766	920	1079	1131
Hagh	2201	2031	1603	1787	1970	2110
Haghl	1859	1711	1326	1373	1514	1683
Hal	0	5	2	2	4	3
Hamp	29	17	22	1	0	1
Hamp2	2	10	4	4	2	3
Hand1	0	1	0	0	0	0
Hand2	0	0	0	0	0	0
Hao1	3	2	3	3	1	5
Hao2	42	41	28	76	72	98
Hap1	4531	3975	2954	3457	3634	4067
Hapln1	85	92	45	26	36	51
Hapln2	4	8	0	6	4	5
Hapln3	125	124	72	72	109	112
Hapln4	303	265	174	210	214	240
Harbi1	471	482	307	323	336	409
Hars	2697	2558	2000	1876	2132	2409
Hars2	1952	1892	1365	1443	1555	1628
Has1	18	35	21	18	29	33
Has2	19	18	8	4	1	2
Has3	800	771	588	529	560	608
Hat1	1990	1831	1370	1205	1341	1558
Haus1	514	534	346	255	320	341
Haus2	1016	840	642	618	735	763
Haus3	370	416	286	255	352	328
Haus4	243	232	188	237	278	262
Haus5	736	698	559	440	450	529
Haus6	1209	1067	795	811	905	969
Haus7	311	352	226	249	300	315
Haus8	1173	1057	863	595	566	711
Havcr1	6	2	3	1	1	3
Havcr2	19	20	9	12	13	12
Hax1	1686	1714	1244	1146	1231	1471
Hba-a1	831	1098	918	2345	1349	1380
Hba-a2	401	521	446	903	508	512
Hba-ps4-001	15	11	12	14	20	15
Hba-x	0	0	0	0	0	0
Hbb-bh0-001	0	0	0	0	0	0
Hbb-bh1	0	0	0	0	0	0
Hbb-bh2	0	0	0	0	0	0
Hbb-bh3-001	0	0	0	0	0	0
Hbb-bs	1359	1770	1527	3230	2010	1873
Hbb-bt	382	486	436	897	552	513
Hbb-y	0	0	0	0	0	0
Hbegf	330	352	230	277	315	354
Hbp1	3584	3589	2666	2655	3104	3190
Hbq1a	3	0	0	1	2	1
Hbq1b	1	0	0	0	0	1
Hbs1l	2356	2371	1734	1618	1922	1937
Hc	0	5	3	0	0	0
Hcar1	1	0	3	5	4	1
Hcar2	2	1	2	4	5	0
Hccs	1320	1190	807	902	1023	1084
Hcfc1	3735	3488	2815	2469	2719	2885
Hcfc1r1	794	777	558	578	546	656
Hcfc2	2212	2060	1428	1427	1611	1677
Hck	10	16	11	5	14	13
Hcls1	1523	1530	1088	1098	1038	1166
Hcn1	21386	20331	15047	15202	17184	18056
Hcn2	861	753	569	462	545	614
Hcn3	657	683	485	527	551	575
Hcn4	456	418	251	220	266	259
Hcrt	0	2	1	1	0	0
Hcrtr1	67	61	45	36	25	36
Hcrtr2	9	12	5	6	5	4
Hcst	8	7	3	1	2	3
Hdac1	1027	1061	715	750	805	872
Hdac10	1053	965	839	774	917	958
Hdac11	4591	4363	3113	3563	3688	4378
Hdac2	4146	4174	2965	2945	3266	3568
Hdac3	2232	1961	1416	1491	1609	1710
Hdac4	1593	1598	1265	1024	1105	1185
Hdac5	8478	8108	6469	5540	5832	6416
Hdac6	1936	1808	1348	1472	1553	1657
Hdac7	326	314	249	252	257	292
Hdac8	331	313	193	220	248	257
Hdac9	5538	5203	3669	3340	3661	3926
Hdc	1072	990	768	62	56	53
Hddc2	199	166	115	109	145	178
Hddc3	3321	3272	2577	2696	2931	3237
Hdgf	4290	4048	2926	3288	3497	3889
Hdgfl1	0	0	0	0	0	0
Hdgfrp2	2665	2534	1927	1782	2055	2130
Hdgfrp3	10231	9453	6737	6103	6918	7731
Hdhd1a	1	0	0	0	0	0
Hdhd2	3294	3193	2334	2084	2263	2472
Hdhd3	109	129	77	271	336	329
Hdlbp	6738	6310	4785	4398	5073	5376
Hdx	475	493	323	271	316	348
Heatr1	1682	1590	1257	1033	1215	1230
Heatr3	1306	1177	840	880	962	1079
Heatr4	11	17	4	7	15	11
Heatr5a	5927	5544	4770	4000	4720	5090
Heatr5b	3793	3377	2744	2264	2450	2734
Heatr6	1407	1318	1077	985	1195	1328
Heatr9	22	17	10	9	12	8
Hebp1	80	73	58	117	102	131
Hebp2	128	132	88	91	123	105
Heca	1159	1124	787	823	978	1046
Hectd1	14743	13332	10977	9394	11189	11516
Hectd2	706	656	472	448	531	532
Hectd3	2127	2058	1548	1458	1641	1716
Hecw1	2796	2470	1903	1702	2008	2119
Hecw2	797	730	555	373	474	480
Heg1	4536	4287	3441	2916	3377	3258
Helb	580	572	455	401	441	433
Hells	311	287	203	231	302	272
Helq	1127	1209	823	831	982	1038
Helt	0	0	0	0	0	2
Helz	4942	4870	3769	3269	3661	3974
Helz2	138	137	131	79	109	108
Hemgn	0	1	0	0	1	0
Hemk1	655	634	480	507	599	554
Henmt1	23	18	16	35	20	43
Hepacam	85	59	52	74	71	97
Hepacam2	23	16	15	6	14	15
Heph	660	616	490	381	374	465
Hephl1	2	3	0	2	1	3
Herc1	13991	12703	10756	8573	10416	10480
Herc2	13782	12412	10479	7827	9690	9678
Herc3	35050	30467	23831	21833	24331	26078
Herc4	3493	3144	2428	2209	2698	2823
Herc6	183	178	123	102	111	124
Herpud1	1552	1579	1105	957	1039	1170
Herpud2	1262	1322	957	917	950	1035
Hes1	694	524	429	444	511	544
Hes2	2	1	1	0	0	0
Hes3	9	12	8	5	15	9
Hes5	327	333	247	334	368	408
Hes6	673	640	451	455	530	595
Hes7	27	33	18	32	23	28
Hesx1	2	3	0	1	0	2
Hexa	1430	1458	1176	993	1086	1148
Hexb	1615	1445	1008	736	805	882
Hexdc	2564	2375	1997	1737	1967	2148
Hexim1	995	1045	707	647	765	772
Hexim2	893	803	616	717	758	848
Hey1	564	540	390	410	467	537
Hey2	366	420	258	316	406	402
Heyl	30	27	19	7	32	26
Hfe	712	657	527	932	1064	1316
Hfe2	12	14	7	11	7	21
Hfm1	247	237	175	165	182	213
Hgd	10	9	3	4	6	2
Hgf	309	286	252	237	243	281
Hgfac	1	5	3	1	1	3
Hgh1	437	429	332	282	341	319
Hgs	2281	2162	1690	1438	1589	1822
Hgsnat	2448	2279	1671	1213	1229	1409
Hhat	42	48	43	44	50	50
Hhatl	73	92	71	50	45	51
Hhex	10	10	11	4	8	8
Hhip	51	62	30	39	44	41
Hhipl1	71	53	50	20	30	26
Hhipl2	7	6	7	6	5	2
Hhla1	0	1	0	1	0	0
Hibadh	3016	3047	2157	1965	2130	2469
Hibch	728	726	475	591	639	694
Hic1	41	31	34	21	17	16
Hic2	663	646	474	396	485	429
Hid1	1568	1472	1106	1185	1348	1415
Hif1a	43332	39195	28722	29349	32068	35034
Hif1an	2844	2993	2207	1841	2100	2212
Hif3a	83	121	90	62	78	51
Higd1a	3498	3209	2216	2243	2549	2911
Higd1b	39	44	35	13	28	36
Higd1c	1	1	0	1	1	0
Higd2a	1104	1014	754	791	898	959
Hilpda	633	657	510	392	482	510
Hils1	0	0	0	0	0	0
Hinfp	922	824	699	635	686	729
Hint1	3437	3169	2369	1865	2080	2235
Hint2	571	527	382	377	445	431
Hint3	777	703	535	602	578	636
Hip1	2240	2215	1605	1490	1750	1755
Hip1r	2246	2143	1433	1450	1681	1770
Hipk1	9678	9075	6910	6010	6731	7138
Hipk2	2190	2247	1795	1425	1608	1605
Hipk3	16635	15580	11949	11583	12737	14108
Hipk4	189	187	116	90	106	109
Hira	1480	1349	1073	916	1046	1094
Hirip3	964	990	738	621	742	775
Hist1h1a	1312	1121	837	717	874	1081
Hist1h1b	115	107	70	74	96	103
Hist1h1c	8763	7499	6223	6464	8977	10207
Hist1h1d	1048	847	674	481	771	831
Hist1h1e	4865	3936	2856	2186	3265	3892
Hist1h1t	6	13	6	14	14	10
Hist1h2aa	2	4	2	1	2	6
Hist1h2ab	347	351	298	199	238	263
Hist1h2ac	639	689	580	241	358	408
Hist1h2ad	350	407	294	223	310	339
Hist1h2ae	392	426	375	210	275	299
Hist1h2af	99	99	91	76	106	109
Hist1h2ag	541	549	508	210	265	337
Hist1h2ah	264	287	240	180	233	252
Hist1h2ai	349	378	309	210	289	304
Hist1h2aj-001	176	184	165	129	159	174
Hist1h2ak	309	317	297	110	168	198
Hist1h2al	673	710	502	313	432	529
Hist1h2an	138	149	137	109	135	151
Hist1h2ao	295	316	287	110	136	181
Hist1h2ap	329	352	312	123	149	198
Hist1h2ba	30	17	28	11	12	16
Hist1h2bb	1549	1476	1162	747	995	1079
Hist1h2bc	6774	6477	5383	3729	4191	4988
Hist1h2be	2209	2006	1738	1107	1393	1683
Hist1h2bf	428	397	328	189	187	241
Hist1h2bg	2566	2590	2089	1223	1497	1779
Hist1h2bh	150	159	144	76	100	140
Hist1h2bj	279	247	220	449	554	644
Hist1h2bk	920	874	762	1111	1364	1577
Hist1h2bl	444	405	352	336	418	452
Hist1h2bm	60	54	57	32	53	68
Hist1h2bn	615	544	514	337	426	483
Hist1h2bp	363	337	310	184	274	267
Hist1h2bq	1055	1007	830	776	933	1109
Hist1h2br	1113	1055	878	1120	1384	1617
Hist1h3a	478	499	420	205	319	369
Hist1h3b	192	169	158	131	157	196
Hist1h3c	83	70	66	28	55	59
Hist1h3d	259	240	200	174	194	242
Hist1h3e	1013	1012	908	599	745	801
Hist1h3f	783	792	672	466	584	714
Hist1h3g	246	213	164	132	145	204
Hist1h3h	245	215	193	191	266	271
Hist1h3i	253	235	180	173	190	228
Hist1h4a	2045	1989	1487	4241	4720	5837
Hist1h4b	1596	1662	1237	925	1020	1156
Hist1h4c	12948	12273	9380	9804	11104	13938
Hist1h4d	6948	6229	4769	3167	3718	4408
Hist1h4f	1449	1346	1020	3343	3693	4644
Hist1h4h	4452	4192	3151	2321	2741	3309
Hist1h4i	1525	1371	1146	1532	1935	2299
Hist1h4j	1492	1425	1019	745	793	960
Hist1h4k	2435	2348	1650	1257	1431	1759
Hist1h4m	2584	2618	1782	1095	1266	1596
Hist1h4n	2550	2567	1725	1450	1647	2060
Hist2h2aa1	4923	5071	4071	2587	3338	4148
Hist2h2aa2	4961	5110	4097	2604	3367	4171
Hist2h2ab	213	208	138	156	166	186
Hist2h2ac	364	368	275	259	321	326
Hist2h2bb	1649	1522	1137	1014	1270	1418
Hist2h2be	1056	954	749	637	696	801
Hist2h3b	207	165	153	138	133	150
Hist2h3c1	830	937	780	449	470	595
Hist2h3c2	557	601	541	341	360	464
Hist2h4	1379	1315	988	765	882	1039
Hist3h2a	8481	7773	5853	7138	7821	9077
Hist3h2ba	1023	832	715	684	793	855
Hist4h4	928	886	673	1744	1963	2526
Hivep1	1786	1779	1391	1151	1319	1284
Hivep2	2124	1880	1505	1160	1369	1356
Hivep3	200	211	170	151	167	169
Hjurp	1917	1832	1330	622	703	776
Hk1	27072	26345	19349	17526	18856	21032
Hk1os	67	56	51	42	56	53
Hk2	16952	14205	10036	7402	8812	9744
Hk3	13	16	21	17	24	26
Hkdc1	323	338	200	269	296	325
Hlcs	600	567	443	413	431	497
Hlf	8777	8654	5777	5811	6499	7096
Hltf	5059	4814	3558	2573	2919	3197
Hlx	12	2	2	2	6	2
Hm629797	9	7	10	4	5	9
Hmbox1	1382	1382	1015	990	1185	1213
Hmbs	460	531	355	444	535	521
Hmces	585	534	402	400	456	521
Hmcn1	243	259	204	148	166	192
Hmcn2	180	202	162	136	175	161
Hmg20a	3710	3538	2661	2601	2826	3154
Hmg20b	757	698	553	462	526	571
Hmga1	2185	2071	1514	1102	1177	1293
Hmga1-rs1	927	890	646	995	1097	1213
Hmga2	14	21	10	3	11	11
Hmgb1	11472	11006	7373	7774	8343	9653
Hmgb1-rs17-001	2	2	4	0	1	2
Hmgb2	1457	1674	1179	1033	1311	1453
Hmgb3	923	855	572	533	652	684
Hmgb4	0	1	1	1	1	5
Hmgb4os	0	0	0	0	3	2
Hmgcl	971	1002	686	663	723	805
Hmgcll1	917	859	562	451	515	548
Hmgcr	8190	7830	5678	4506	5087	5644
Hmgcs1	9071	9026	6309	7622	8277	9344
Hmgcs2	88	102	121	45	96	75
Hmgn1	30295	28635	21867	20987	23664	25493
Hmgn2	9824	9441	6829	4791	5360	6099
Hmgn3	1935	1806	1310	911	954	1057
Hmgn5	94	96	70	74	67	84
Hmgxb3	2090	2104	1727	1517	1694	1700
Hmgxb4	1796	1693	1188	1295	1465	1599
Hmha1	46	37	31	47	28	37
Hmmr	3	4	2	6	6	3
Hmox1	60	59	54	21	41	43
Hmox2	2407	2288	1731	1606	1748	1910
Hmx1	561	538	344	347	359	431
Hmx2	0	0	0	0	0	0
Hmx3	0	0	0	0	0	0
Hn1	1067	1080	776	703	782	869
Hn1l	565	503	398	338	417	400
Hnf1a	66	56	52	62	85	73
Hnf1aos1	0	0	0	0	0	0
Hnf1aos2	0	0	0	0	0	0
Hnf1b	0	1	0	0	0	0
Hnf4a	4	4	8	5	14	4
Hnf4aos	2	0	0	0	0	0
Hnf4g	5	3	0	1	0	1
Hnmt	640	666	418	429	458	501
Hnrnpa0	5769	5834	3901	4030	4413	5013
Hnrnpa1	5389	5847	4062	3703	4543	4555
Hnrnpa2b1	5867	6611	4629	4475	5604	5231
Hnrnpa3	5714	5977	4466	3878	4616	4379
Hnrnpab	5899	6005	4337	4028	4432	4967
Hnrnpc	9898	9802	6761	7077	7993	8874
Hnrnpd	3149	3146	2358	1949	2224	2294
Hnrnpdl	12870	12569	8773	9010	10089	10866
Hnrnpf	14296	14084	10453	10168	11074	12664
Hnrnph1	9391	10751	7343	7671	8952	8838
Hnrnph2	5819	5974	4029	3687	4210	4331
Hnrnph3	1378	1560	1295	1231	1460	1357
Hnrnpk	16133	15678	10551	10153	11280	12137
Hnrnpl	10368	9806	7360	7357	7822	8630
Hnrnpll	2087	2144	1595	1425	1602	1713
Hnrnpm	6730	7062	5423	4797	5522	5681
Hnrnpr	7412	7573	5254	4794	6031	5898
Hnrnpu	32344	32151	23356	22362	26138	26476
Hnrnpul1	6684	6075	4858	4583	5128	5334
Hnrnpul2	4948	5132	3734	3112	3784	3682
Hoga1	25	19	24	14	16	11
Homer1	3020	2740	2079	2028	2196	2342
Homer2	1024	943	691	472	493	545
Homer3	1552	1380	1162	1036	1086	1183
Homez	937	783	593	761	894	1020
Hook1	16688	15125	11707	11563	13217	14138
Hook2	1286	1229	942	709	790	764
Hook3	13443	12783	9924	9453	10829	10892
Hopx	648	725	502	548	565	689
Hopxos	170	197	142	161	149	158
Hormad1	0	0	0	0	0	0
Hormad2	14	6	5	7	4	6
Hotairm1	0	0	0	0	0	0
Hoxa1	0	0	0	0	0	0
Hoxa10	0	0	0	0	0	0
Hoxa11	0	0	0	0	0	0
Hoxa13	0	0	0	0	0	0
Hoxa2	0	0	0	0	0	0
Hoxa3	0	0	0	0	0	0
Hoxa4	0	0	0	0	0	0
Hoxa5	0	0	0	0	1	0
Hoxa6	0	0	0	0	0	0
Hoxa7	1	1	0	1	0	0
Hoxa9	0	0	0	0	0	0
Hoxaas3	1	1	0	1	0	0
Hoxb1	0	0	1	1	0	0
Hoxb13	0	0	0	0	0	0
Hoxb2	0	0	0	0	0	0
Hoxb3	1	0	0	0	0	1
Hoxb3os	1	0	0	0	0	0
Hoxb4	0	1	0	0	0	0
Hoxb5	0	0	0	0	0	0
Hoxb5os	0	0	0	0	0	0
Hoxb6	0	0	0	0	0	0
Hoxb7	0	0	0	0	0	0
Hoxb8	0	0	0	0	0	0
Hoxb9	0	0	1	0	0	0
Hoxc10	0	0	0	1	0	0
Hoxc11	0	0	0	0	0	0
Hoxc12	0	0	0	0	1	0
Hoxc13	1	0	0	0	1	0
Hoxc4	1	0	0	0	1	0
Hoxc5	1	0	0	0	0	0
Hoxc6	0	1	0	0	0	0
Hoxc8	1	0	0	0	0	0
Hoxc9	0	0	0	2	0	0
Hoxd1	0	0	0	0	0	0
Hoxd10	0	0	0	0	0	0
Hoxd11	0	0	0	0	0	0
Hoxd12	0	0	0	0	0	0
Hoxd13	0	0	0	0	0	0
Hoxd3	0	0	0	0	0	0
Hoxd3os1	0	0	0	1	0	0
Hoxd4	0	0	1	0	0	0
Hoxd8	0	1	0	0	1	0
Hoxd9	0	0	0	0	0	0
Hp	9	8	3	3	5	6
Hp1bp3	10616	9830	7204	6531	7180	7893
Hpca	2822	2644	1897	2282	2166	2635
Hpcal1	1833	1902	1365	1097	1168	1318
Hpcal4	2643	2399	1746	1738	1911	2171
Hpd	0	0	0	0	0	0
Hpdl	128	104	97	105	102	130
Hpf1	2130	2060	1450	1365	1611	1736
Hpgd	523	526	317	733	734	824
Hpgds	72	71	63	47	69	70
Hpn	3	12	8	6	8	6
Hprt	7302	6566	4863	4794	5436	5836
Hps1	131	113	96	84	98	85
Hps3	3900	3619	2730	2263	2373	2702
Hps4	1036	924	702	649	727	782
Hps5	1535	1469	1153	1018	1182	1203
Hps6	300	285	196	188	216	220
Hpse	80	106	76	49	50	52
Hpse2	1	1	0	2	2	1
Hpx	11	11	10	8	16	18
Hr	1888	1972	1450	1472	1600	1797
Hras	1322	1196	855	843	947	1073
Hrasls	387	362	243	209	251	253
Hrasls5	0	0	0	0	0	1
Hrc	19	23	13	15	11	16
Hrct1	22	28	16	11	12	15
Hrg	0	0	0	0	0	1
Hrh1	34	22	20	7	10	9
Hrh2	88	80	70	71	94	102
Hrh3	603	596	479	449	444	516
Hrh4	0	0	1	0	0	1
Hrk	69	63	42	39	47	36
Hrnr	0	0	0	0	7	0
Hs1bp3	307	291	209	219	218	219
Hs2st1	3340	3203	2289	2033	2383	2465
Hs3st1	180	167	100	128	132	142
Hs3st2	58	68	54	29	56	49
Hs3st3a1	121	113	89	81	92	79
Hs3st3b1	5163	5194	3835	3764	4090	4540
Hs3st4	387	370	264	257	284	335
Hs3st5	509	506	336	317	340	419
Hs3st6	5	8	8	4	3	11
Hs6st1	1188	1094	789	699	840	910
Hs6st2	525	498	328	333	294	320
Hs6st3	167	128	130	100	95	96
Hsbp1	4345	4266	3084	2939	3259	3472
Hsbp1l1	827	895	693	598	712	738
Hscb	197	182	126	160	152	169
Hsd11b1	35	23	23	17	15	22
Hsd11b2	38	35	29	24	28	12
Hsd17b1	19	14	15	12	10	14
Hsd17b10	478	463	332	302	350	380
Hsd17b11	447	416	307	318	322	380
Hsd17b12	4630	4111	3036	2858	3141	3594
Hsd17b13	0	2	0	1	1	2
Hsd17b14	7	7	6	7	6	4
Hsd17b2	25	17	12	8	7	8
Hsd17b3	0	0	0	0	0	0
Hsd17b4	2528	2359	1778	1571	1698	1900
Hsd17b6	0	2	1	7	9	2
Hsd17b7	940	970	604	617	675	707
Hsd3b1	0	0	0	2	1	1
Hsd3b2	1	1	4	3	2	4
Hsd3b3	4	1	2	4	2	3
Hsd3b4	0	2	1	0	2	0
Hsd3b5	0	0	0	0	0	0
Hsd3b6	0	1	0	0	0	0
Hsd3b7	245	240	206	193	202	205
Hsdl1	3749	3660	2632	2606	2708	3242
Hsdl2	1323	1295	948	830	984	1004
Hsf1	881	887	676	625	740	758
Hsf2	2061	1862	1322	1335	1547	1547
Hsf2bp	35	33	30	26	36	32
Hsf3	4	2	0	6	3	6
Hsf4	138	145	107	78	89	114
Hsf5	12	14	11	10	18	13
Hsfy2	0	0	0	0	0	0
Hsh2d	2	3	1	0	1	2
Hsp25-ps1-201	20	12	6	10	9	9
Hsp90aa1	96742	93506	69668	65861	73114	81527
Hsp90ab1	15392	15693	10717	12074	13335	14712
Hsp90b1	13189	13354	9365	9358	10562	11103
Hspa12a	9647	9009	6645	5500	6189	6866
Hspa12b	184	185	137	120	157	154
Hspa13	3077	3027	2196	2299	2385	2811
Hspa14	4254	4026	3217	3052	3406	3678
Hspa1a	6789	6177	5209	3540	3583	4148
Hspa1b	3135	2957	2632	1743	1743	2008
Hspa1l	439	409	282	260	302	284
Hspa2	380	325	229	163	187	191
Hspa4	10958	10132	7915	6900	7655	8261
Hspa4l	22242	20566	15481	14402	16059	16583
Hspa5	14022	12876	9708	8991	9598	11081
Hspa8	57094	55342	41934	29595	29987	35342
Hspa9	9098	9124	6667	6215	6890	7711
Hspb1	83	93	79	46	55	83
Hspb11	318	278	196	245	261	291
Hspb2	10	9	10	8	5	5
Hspb3	8	21	12	12	10	11
Hspb6	906	1071	779	458	523	537
Hspb7	2	2	4	1	3	0
Hspb8	298	278	214	195	199	214
Hspb9	11	7	6	8	3	7
Hspbap1	253	271	209	174	237	235
Hspbp1	914	913	646	565	696	758
Hspd1	5395	5141	3783	3514	3706	4284
Hspe1	1376	1365	987	964	1030	1156
Hspg2	186	200	148	112	147	87
Hsph1	1082	1224	910	721	792	855
Htatip2	23	14	12	9	9	18
Htatsf1	3823	3598	2616	2607	2911	3163
Htr1a	56	59	49	29	39	31
Htr1b	654	629	422	375	387	433
Htr1d	208	202	144	184	208	227
Htr1f	12	21	10	6	23	17
Htr2a	148	159	105	86	101	112
Htr2b	86	84	62	55	78	64
Htr2c	227	201	136	115	115	135
Htr3a	78	78	47	59	72	78
Htr3b	1	2	0	0	0	1
Htr4	4	1	3	0	0	2
Htr5a	149	136	77	94	133	117
Htr5b	12	14	13	4	3	4
Htr6	1	4	2	7	2	4
Htr7	32	41	21	31	41	31
Htra1	2360	2278	1602	1490	1713	2103
Htra2	887	983	668	599	649	703
Htra3	40	45	24	36	20	28
Htra4	19	14	10	10	6	10
Htt	7384	6836	5785	3893	5035	4917
Hunk	2152	2078	1349	1168	1306	1433
Hus1	826	859	689	606	722	788
Hus1b	6	10	8	5	11	2
Huwe1	13570	13308	10622	8317	10771	10297
Hvcn1	549	489	427	434	473	545
Hyal1	431	470	354	297	329	410
Hyal2	194	196	167	164	165	160
Hyal3	200	177	140	129	166	174
Hyal4	0	2	0	2	1	1
Hyal5	0	0	0	0	0	0
Hyal6	0	0	1	0	0	0
Hydin	68	48	34	20	26	24
Hyi	176	158	110	193	227	256
Hykk	152	154	143	117	129	126
Hyls1	287	258	212	208	192	231
Hyou1	4447	4388	3189	2864	3130	3484
Hypk	4117	4342	3295	3393	3828	3909
Hypm	0	0	0	1	0	0
I0C0044D17Rik	0	0	0	0	0	0
I830077J02Rik	4	11	5	5	6	4
I830127L07Rik	0	0	0	0	0	0
Iah1	320	310	229	161	156	177
Iapp	0	0	0	0	0	0
Iars	3143	2953	2369	1830	2109	2203
Iars2	4007	3679	2871	2648	2894	3116
Iba57	233	263	210	142	165	172
Ibsp	0	0	0	0	0	0
Ibtk	3074	3000	2145	2106	2496	2701
Ica1	770	619	486	356	398	447
Ica1l	584	557	365	349	376	427
Icam1	31	37	15	16	17	15
Icam2	30	39	25	19	22	28
Icam4	9	12	10	4	13	13
Icam5	79	100	70	61	70	85
Ice1	4205	4377	3238	2844	3449	3532
Ice2	1542	1563	1141	1224	1321	1343
Ick	2404	2314	1780	1503	1753	1846
Icmt	34357	32376	25691	24158	26102	28330
Icos	0	2	1	0	1	0
Icosl	56	45	38	37	41	56
Ict1	1319	1347	1002	921	1103	1128
Ict1os	160	226	138	134	134	133
Id1	211	239	151	85	113	133
Id2	441	449	231	340	360	498
Id3	591	469	361	295	340	337
Id4	1118	1109	705	825	850	884
Ide	7886	7451	5569	2643	3185	3338
Idh1	3761	3532	2527	4028	4295	4848
Idh2	840	879	638	645	690	711
Idh3a	4789	4586	3212	2815	3294	3605
Idh3b	5615	5476	4096	3971	4331	4759
Idh3g	2861	2524	1992	2007	2125	2317
Idi1	3621	3533	2424	2460	2762	2998
Idi2	13	11	11	5	14	10
Idnk	884	773	621	576	606	715
Ido1	0	0	0	0	0	0
Ido2	5	4	3	2	3	3
Ids	4048	3984	2773	2692	2956	3130
Idua	385	386	278	180	264	247
Ier2	505	470	282	269	292	313
Ier3	1588	1424	1133	1064	1069	1328
Ier3ip1	1663	1676	1096	1046	1205	1422
Ier5	713	679	481	452	543	589
Ier5l	157	190	134	95	105	131
Iffo1	2144	1957	1622	1662	1909	1836
Iffo2	1396	1376	898	799	902	899
Ifi202b	0	3	4	5	7	8
Ifi203	40	55	42	3	8	7
Ifi204	15	18	13	1	3	2
Ifi205	7	4	3	0	0	4
Ifi27	291	329	214	158	176	186
Ifi27l2a	11	17	3	1	2	8
Ifi27l2b	0	2	1	0	0	0
Ifi30	132	147	118	85	103	109
Ifi35	182	169	133	138	132	142
Ifi44	18	14	15	5	6	6
Ifi44l	0	0	0	0	0	0
Ifi47	10	17	20	12	10	12
Ifih1	285	295	227	86	97	104
Ifit1	181	147	130	34	24	56
Ifit1bl1	55	133	113	51	89	107
Ifit1bl2	30	28	28	16	9	22
Ifit2	844	693	506	471	491	539
Ifit3	713	615	544	273	262	285
Ifit3b	398	335	274	188	169	181
Ifitm1	31	70	81	26	57	42
Ifitm10	167	121	88	50	70	77
Ifitm2	92	87	61	45	51	49
Ifitm3	184	220	138	76	49	61
Ifitm5	2	4	3	1	1	5
Ifitm6	1	3	0	0	1	0
Ifitm7	362	355	279	307	307	353
Ifna-ps1-001	0	0	0	0	0	0
Ifna1	0	0	0	0	0	0
Ifna11	0	0	0	0	0	0
Ifna12	0	0	0	0	0	0
Ifna13	1	0	0	0	0	1
Ifna14	0	0	0	0	0	0
Ifna15	0	0	0	0	0	0
Ifna16	0	0	0	0	0	0
Ifna2	0	0	0	0	0	0
Ifna4	0	0	0	0	0	0
Ifna5	0	0	0	0	0	0
Ifna6	0	0	0	0	0	0
Ifna7	0	0	0	0	0	0
Ifna9	0	0	0	0	0	0
Ifnab	1	0	0	0	0	0
Ifnar1	2206	2018	1568	1498	1777	1885
Ifnar2	294	293	187	170	179	240
Ifnb1	0	0	0	0	0	0
Ifne	0	0	0	0	0	0
Ifng	0	0	1	0	0	0
Ifngr1	1676	1548	1104	1170	1251	1373
Ifngr2	798	807	558	547	606	649
Ifnk	3	3	3	4	2	2
Ifnl2	0	0	0	0	0	0
Ifnl3	0	0	0	0	0	0
Ifnlr1	13	19	10	16	11	11
Ifnz	20	16	10	5	6	1
Ifrd1	2429	2250	1611	1731	1828	2028
Ifrd2	559	534	420	424	402	473
Ift122	2246	2077	1741	1467	1714	1893
Ift140	1685	1583	1220	1069	1163	1316
Ift172	3139	2996	2381	1887	2231	2213
Ift20	2611	2412	1815	1820	2064	2210
Ift22	1524	1467	1128	904	1114	1172
Ift27	413	387	280	311	265	338
Ift43	809	880	638	690	735	813
Ift46	1102	1044	794	864	969	1068
Ift52	740	823	543	519	596	639
Ift57	1137	1176	822	807	892	973
Ift74	1892	1824	1234	1226	1334	1632
Ift80	3742	3653	2652	2834	3136	3459
Ift81	4579	4404	3187	3411	3897	4110
Ift88	1715	1610	1203	1118	1300	1323
Ift88os	96	88	78	56	107	86
Igbp1	1468	1332	956	929	1001	1173
Igbp1b	1	1	0	0	0	0
Igdcc3	49	49	25	29	30	33
Igdcc4	570	559	391	418	414	443
Igf1	1780	1742	1224	1189	1363	1400
Igf1os	7	1	3	1	3	2
Igf1r	8452	7811	6194	5613	6684	6651
Igf2	1034	1065	645	964	911	1154
Igf2bp1	15	26	21	11	7	3
Igf2bp2	240	235	188	88	121	89
Igf2bp3	441	439	365	286	335	362
Igf2os	20	21	15	15	15	15
Igf2r	2065	1967	1605	1391	1681	1690
Igfals	4	10	5	4	3	7
Igfbp1	5	12	7	9	6	5
Igfbp2	436	418	292	480	517	553
Igfbp3	47	61	32	24	22	29
Igfbp4	1253	1231	885	620	633	686
Igfbp5	1095	1301	855	969	1093	1226
Igfbp6	50	58	47	44	46	61
Igfbp7	513	525	386	291	249	316
Igfbpl1	20	18	21	17	16	30
Igfl3	0	0	0	0	0	0
Igflr1	467	505	374	431	460	456
Igfn1	443	407	326	809	1070	892
Ighd5-1	0	0	0	0	0	0
Ighd6-1	0	0	0	0	0	0
Ighd6-2	0	0	0	0	0	0
Ighg2c	28	40	15	0	0	0
Ighj1	1	2	3	2	1	0
Ighj2	0	0	0	0	0	0
Ighj3	1	0	0	0	0	0
Ighj4	1	0	0	1	0	0
Ighmbp2	572	527	439	421	472	485
Ighv1-1	0	0	0	0	0	0
Ighv1-10	0	0	0	0	0	0
Ighv1-11	0	0	0	0	0	0
Ighv1-12	0	0	0	0	0	0
Ighv1-13	0	0	0	0	0	0
Ighv1-14	0	0	0	0	0	0
Ighv1-15	0	0	0	0	0	0
Ighv1-16	0	0	0	0	0	0
Ighv1-17	0	0	0	0	0	0
Ighv1-17-1	0	0	0	0	0	0
Ighv1-18	0	0	0	0	0	0
Ighv1-19	0	0	0	0	0	0
Ighv1-19-1	0	0	0	0	0	0
Ighv1-2	0	0	0	0	0	0
Ighv1-20	0	0	0	0	0	0
Ighv1-21	0	0	0	0	0	0
Ighv1-21-1	0	0	0	0	0	0
Ighv1-22	0	0	0	0	0	0
Ighv1-23	0	0	0	0	0	0
Ighv1-24	0	0	0	0	0	0
Ighv1-25	0	0	0	0	0	0
Ighv1-26	0	0	0	0	0	0
Ighv1-27	0	0	0	0	0	0
Ighv1-28	0	0	0	0	0	0
Ighv1-29	0	0	0	0	0	0
Ighv1-3	0	0	0	0	0	0
Ighv1-30	0	0	0	0	0	0
Ighv1-31	0	0	0	0	0	0
Ighv1-32	0	0	0	0	0	0
Ighv1-33	0	0	0	0	0	0
Ighv1-34	0	0	0	0	0	0
Ighv1-35	0	0	0	0	0	0
Ighv1-36	0	0	0	0	0	0
Ighv1-37	0	0	0	0	0	0
Ighv1-38	0	0	0	0	0	0
Ighv1-39	0	0	0	0	0	0
Ighv1-4	0	0	0	0	0	0
Ighv1-40	0	0	0	0	0	0
Ighv1-41	0	0	0	0	0	0
Ighv1-42	0	0	0	0	0	0
Ighv1-43	0	0	0	0	0	0
Ighv1-44	0	0	0	0	0	0
Ighv1-45	0	0	0	0	0	0
Ighv1-46	0	0	0	0	0	0
Ighv1-47	0	1	0	0	0	0
Ighv1-48	0	0	0	0	0	0
Ighv1-49	0	0	0	0	0	0
Ighv1-5	0	0	0	0	0	0
Ighv1-50	0	0	0	0	0	0
Ighv1-51	0	0	0	0	0	0
Ighv1-52	0	0	0	0	0	0
Ighv1-53	0	0	0	0	0	0
Ighv1-54	0	0	0	0	0	0
Ighv1-55	0	0	0	0	0	0
Ighv1-56	0	0	0	0	0	0
Ighv1-57	0	0	0	0	0	0
Ighv1-58	0	0	0	0	0	0
Ighv1-59	0	0	0	0	0	0
Ighv1-6	0	0	0	0	0	0
Ighv1-60	0	0	0	0	0	0
Ighv1-61	0	0	0	0	0	0
Ighv1-62	0	0	0	0	0	0
Ighv1-62-1	0	0	0	0	0	0
Ighv1-62-2	0	0	0	0	0	0
Ighv1-62-3	0	0	0	0	0	0
Ighv1-63	0	0	0	0	0	0
Ighv1-64	0	0	0	0	0	0
Ighv1-65	0	0	0	0	0	0
Ighv1-66	0	0	0	0	0	0
Ighv1-67	0	0	0	0	0	0
Ighv1-68	0	0	0	0	0	0
Ighv1-69	0	0	0	0	0	0
Ighv1-7	0	0	0	0	0	0
Ighv1-70	0	0	0	0	0	0
Ighv1-71	0	0	0	0	0	0
Ighv1-72	0	0	0	0	0	0
Ighv1-73	0	0	0	0	0	0
Ighv1-74	0	0	0	0	0	0
Ighv1-75	0	0	0	0	0	0
Ighv1-76	0	0	0	0	0	0
Ighv1-77	0	0	0	0	0	0
Ighv1-78	0	0	0	0	0	0
Ighv1-79	0	0	0	0	0	0
Ighv1-8	0	0	0	0	0	0
Ighv1-80	0	0	0	0	0	0
Ighv1-81	0	0	0	0	0	0
Ighv1-82	0	0	1	0	0	0
Ighv1-83	0	0	0	0	0	0
Ighv1-84	0	0	0	0	0	0
Ighv1-85	0	0	0	0	0	0
Ighv1-86	0	0	0	0	0	0
Ighv1-9	0	0	0	0	0	0
Ighv10-1	0	0	0	0	0	0
Ighv10-2	0	0	0	0	0	0
Ighv10-3	0	0	0	0	0	0
Ighv10-4	0	0	0	0	0	0
Ighv11-1	0	0	0	0	0	0
Ighv11-2	0	0	0	0	0	0
Ighv12-1	0	0	0	0	0	0
Ighv12-2	0	0	0	0	0	0
Ighv12-3	0	0	0	0	0	0
Ighv13-1	0	0	0	0	0	0
Ighv13-2	0	0	0	0	0	0
Ighv14-1	0	0	0	0	0	0
Ighv14-2	0	0	0	0	0	0
Ighv14-3	0	0	0	0	0	0
Ighv14-4	0	0	0	0	0	0
Ighv15-1	0	0	0	0	0	0
Ighv15-2	0	0	0	0	0	0
Ighv16-1	0	0	0	0	0	0
Ighv2-1	0	0	0	0	0	0
Ighv2-2	0	0	0	0	0	0
Ighv2-3	0	0	0	0	0	0
Ighv2-4	0	0	0	0	0	0
Ighv2-5	0	0	0	0	0	0
Ighv2-6	0	0	0	0	0	0
Ighv2-6-8	0	0	0	0	0	0
Ighv2-7	0	0	0	0	0	0
Ighv2-8	0	0	0	0	0	0
Ighv2-9	0	0	0	0	0	0
Ighv2-9-1	0	0	0	0	0	0
Ighv3-1	0	0	0	0	0	0
Ighv3-2	0	0	0	0	0	0
Ighv3-3	0	0	0	0	0	0
Ighv3-4	0	0	0	0	0	0
Ighv3-5	0	0	0	0	0	0
Ighv3-6	0	0	0	0	0	0
Ighv3-7	0	0	0	0	0	0
Ighv3-8	0	0	0	0	0	0
Ighv4-1	0	0	0	0	0	0
Ighv4-2	0	0	0	0	0	0
Ighv5-1	0	0	0	0	0	0
Ighv5-10	0	0	0	0	0	0
Ighv5-11	0	0	0	0	0	0
Ighv5-12	0	0	0	0	0	0
Ighv5-12-4	0	0	0	0	0	0
Ighv5-13	0	0	0	0	0	0
Ighv5-15	0	0	0	0	0	0
Ighv5-16	0	0	0	0	0	0
Ighv5-17	0	0	0	0	0	0
Ighv5-18	0	0	0	0	0	0
Ighv5-19	0	0	0	0	0	0
Ighv5-2	0	0	0	0	1	0
Ighv5-21	0	0	0	0	0	0
Ighv5-3	0	0	0	0	0	0
Ighv5-4	0	0	0	0	0	0
Ighv5-5	0	0	0	0	0	0
Ighv5-6	0	0	0	0	0	0
Ighv5-7	0	0	0	0	0	0
Ighv5-8	0	0	0	0	0	0
Ighv5-9	0	0	0	0	0	0
Ighv5-9-1	0	0	0	0	0	0
Ighv6-1	0	0	0	0	0	0
Ighv6-2	0	0	0	0	0	0
Ighv6-3	0	0	0	0	0	0
Ighv6-4	0	0	0	0	0	0
Ighv6-5	0	0	0	0	0	0
Ighv6-6	0	1	0	0	0	0
Ighv6-7	0	0	0	0	0	0
Ighv7-1	0	1	0	0	0	0
Ighv7-2	0	0	0	0	0	0
Ighv7-3	0	0	0	0	0	0
Ighv7-4	0	0	0	0	0	0
Ighv8-1	0	0	0	0	0	0
Ighv8-10	0	0	0	0	0	0
Ighv8-11	0	0	0	0	0	0
Ighv8-12	0	0	0	0	0	0
Ighv8-13	0	0	0	0	0	0
Ighv8-14	0	0	0	0	0	0
Ighv8-15	0	0	0	0	0	0
Ighv8-16	0	0	0	0	0	0
Ighv8-2	0	0	0	0	0	0
Ighv8-3	0	0	0	0	0	0
Ighv8-4	0	0	0	0	0	0
Ighv8-5	0	0	0	0	0	0
Ighv8-6	0	0	0	0	0	0
Ighv8-7	0	0	0	0	0	0
Ighv8-8	0	0	0	0	0	0
Ighv8-9	0	0	0	0	0	0
Ighv9-1	0	0	0	0	0	0
Ighv9-2	0	0	0	0	0	1
Ighv9-3	0	0	0	0	0	0
Ighv9-4	0	0	0	0	0	0
Igip	1046	987	707	710	854	740
Igkj1	0	0	0	0	0	0
Igkj2	0	0	0	0	0	0
Igkj3	0	0	1	0	0	0
Igkj4	0	0	0	0	0	0
Igkj5	0	0	0	0	0	0
Igkv1-108	0	0	0	0	0	0
Igkv1-110	0	0	0	0	0	0
Igkv1-115	0	0	0	0	0	0
Igkv1-117	0	0	0	0	0	0
Igkv1-122	0	0	0	0	0	0
Igkv1-131	0	0	0	0	0	0
Igkv1-132	0	0	0	0	0	0
Igkv1-133	0	0	0	0	0	0
Igkv1-135	0	0	0	0	0	0
Igkv1-136	0	0	0	0	0	0
Igkv1-35	0	0	0	0	0	0
Igkv1-88	0	0	0	0	0	0
Igkv1-99	0	0	0	0	0	0
Igkv10-94	0	0	0	0	0	0
Igkv10-95	0	0	0	0	0	0
Igkv10-96	0	0	0	0	0	0
Igkv11-106	0	0	0	0	0	0
Igkv11-114	0	0	0	0	0	0
Igkv11-118	0	0	0	0	0	0
Igkv11-125	0	0	0	0	0	0
Igkv12-38	0	0	0	0	0	0
Igkv12-40	0	0	0	0	0	0
Igkv12-41	0	0	0	0	0	0
Igkv12-42	0	0	0	0	0	0
Igkv12-44	0	0	0	0	0	0
Igkv12-46	0	0	0	0	0	0
Igkv12-47	0	0	0	0	0	0
Igkv12-49	0	0	0	0	0	0
Igkv12-66	0	0	0	0	0	0
Igkv12-67	0	0	0	0	0	0
Igkv12-89	0	0	0	0	0	0
Igkv12-98	0	0	0	0	0	0
Igkv13-54-1	0	0	0	0	0	0
Igkv13-55-1	0	0	0	0	0	0
Igkv13-56-1	0	0	0	0	0	0
Igkv13-57-1	0	0	0	0	0	0
Igkv13-57-2	0	0	0	0	0	0
Igkv13-61-1	0	0	0	0	0	0
Igkv13-62-1	0	0	0	0	0	0
Igkv13-64	0	0	0	0	0	0
Igkv13-71-1	0	0	0	0	0	0
Igkv13-73-1	0	0	0	0	0	0
Igkv13-74-1	0	0	0	0	0	0
Igkv13-76	0	0	0	0	0	0
Igkv13-78-1	0	0	0	0	0	0
Igkv13-80-1	0	0	0	0	0	0
Igkv13-82	0	0	0	0	0	0
Igkv13-84	0	0	0	0	0	0
Igkv13-85	0	0	0	0	0	0
Igkv13-87	0	0	0	0	0	0
Igkv14-100	0	0	0	0	0	0
Igkv14-111	0	0	0	0	0	0
Igkv14-118-1	0	0	0	0	0	0
Igkv14-118-2	0	0	0	0	2	0
Igkv14-126	0	0	0	0	0	0
Igkv14-126-1	0	0	0	0	0	0
Igkv14-130	0	0	0	0	0	0
Igkv14-134-1	0	0	0	0	0	0
Igkv15-101	0	0	0	0	0	0
Igkv15-101-1	0	0	0	0	0	0
Igkv15-102	0	0	0	0	0	0
Igkv15-103	0	0	0	0	0	0
Igkv15-97	0	0	0	0	0	0
Igkv16-104	0	0	0	0	0	0
Igkv17-121	0	0	0	0	0	0
Igkv17-127	0	0	0	0	0	0
Igkv17-134	0	0	0	0	0	0
Igkv18-36	0	0	0	0	0	0
Igkv19-93	0	0	0	0	0	0
Igkv2-105	0	0	0	0	0	0
Igkv2-107	0	0	0	0	0	0
Igkv2-109	0	0	0	0	0	0
Igkv2-112	0	0	0	0	0	0
Igkv2-113	0	0	0	0	0	0
Igkv2-116	0	0	0	0	0	0
Igkv2-137	0	0	1	0	0	1
Igkv2-93-1	0	0	0	0	0	0
Igkv2-95-1	0	0	0	0	0	0
Igkv2-95-2	0	0	0	0	0	0
Igkv20-101-2	0	0	0	0	0	0
Igkv3-1	0	0	0	0	0	0
Igkv3-10	0	0	0	0	0	0
Igkv3-11	0	0	0	0	0	0
Igkv3-12	0	0	0	0	0	0
Igkv3-12-1	0	0	0	0	0	0
Igkv3-2	0	0	0	0	0	0
Igkv3-3	0	0	0	0	0	0
Igkv3-4	0	0	0	0	0	0
Igkv3-5	0	0	0	0	0	0
Igkv3-6	0	0	0	0	0	0
Igkv3-7	0	0	0	0	0	0
Igkv3-8	0	0	0	0	0	0
Igkv3-9	0	0	0	0	0	0
Igkv4-50	0	0	0	0	0	0
Igkv4-51	0	0	0	0	1	0
Igkv4-53	0	0	0	0	0	0
Igkv4-54	0	0	0	0	0	0
Igkv4-55	0	0	0	0	0	0
Igkv4-56	0	0	0	0	0	0
Igkv4-57	0	0	0	0	0	0
Igkv4-57-1	0	0	0	0	0	0
Igkv4-58	0	0	0	0	0	0
Igkv4-59	0	0	0	0	0	0
Igkv4-60	0	0	0	0	0	0
Igkv4-61	0	0	0	0	0	0
Igkv4-62	0	0	0	0	0	0
Igkv4-63	0	0	0	0	0	0
Igkv4-65	0	0	0	0	0	0
Igkv4-68	0	0	0	0	0	0
Igkv4-69	0	0	0	0	0	0
Igkv4-70	0	0	0	0	0	0
Igkv4-71	0	0	0	0	0	0
Igkv4-72	0	0	0	0	0	0
Igkv4-73	0	0	0	0	0	0
Igkv4-74	0	0	0	0	0	0
Igkv4-75	0	0	0	0	0	0
Igkv4-77	0	0	0	0	0	0
Igkv4-78	0	0	0	0	0	0
Igkv4-79	0	0	0	0	0	0
Igkv4-80	0	0	0	0	0	0
Igkv4-81	0	0	0	0	0	0
Igkv4-83	0	0	0	0	0	0
Igkv4-86	0	0	0	0	0	0
Igkv4-90	0	0	0	0	0	0
Igkv4-91	0	0	0	0	0	0
Igkv4-92	0	0	0	0	0	0
Igkv5-37	0	0	0	0	0	0
Igkv5-39	0	0	0	0	0	0
Igkv5-40-1	0	0	0	0	0	0
Igkv5-43	0	0	0	0	0	1
Igkv5-45	0	0	0	0	0	0
Igkv5-48	0	0	0	0	0	0
Igkv6-13	0	0	0	0	0	0
Igkv6-14	0	0	0	0	0	0
Igkv6-15	0	0	0	0	0	0
Igkv6-17	0	0	0	0	0	0
Igkv6-20	0	0	0	0	0	0
Igkv6-23	0	0	0	0	0	0
Igkv6-25	0	0	0	0	0	0
Igkv6-29	0	0	0	0	0	0
Igkv6-32	0	0	0	0	0	0
Igkv7-33	0	0	0	0	0	0
Igkv8-16	0	0	0	0	0	0
Igkv8-18	0	0	0	0	0	0
Igkv8-19	0	0	0	0	0	0
Igkv8-21	0	0	0	0	0	0
Igkv8-22	0	0	0	5	0	0
Igkv8-24	0	0	0	0	0	0
Igkv8-26	0	0	0	0	0	0
Igkv8-27	0	0	0	0	0	0
Igkv8-28	0	0	0	0	0	0
Igkv8-30	0	0	0	0	0	0
Igkv8-31	0	0	0	0	0	0
Igkv8-34	0	0	0	0	0	0
Igkv9-119	0	0	0	0	0	0
Igkv9-120	0	0	0	0	0	0
Igkv9-123	0	0	0	0	0	0
Igkv9-124	0	0	0	0	0	0
Igkv9-128	0	0	0	0	0	0
Igkv9-129	0	0	0	0	0	0
Iglc2	0	0	0	0	0	1
Iglj1	0	0	0	0	0	0
Iglj2	0	0	0	0	0	0
Iglj3	0	0	0	0	0	1
Iglj3p	0	0	0	0	0	0
Iglj4	0	0	0	0	0	0
Igll1	0	0	0	0	0	0
Iglon5	627	575	455	362	417	435
Iglv1	0	0	0	0	0	0
Iglv2	0	0	0	0	0	0
Iglv3	0	0	0	0	0	0
Igsf1	19	9	13	5	15	18
Igsf10	476	503	318	269	338	325
Igsf11	1378	1350	997	1252	1404	1546
Igsf21	731	787	569	947	1039	1263
Igsf23	1	0	0	0	0	0
Igsf3	759	693	563	484	527	539
Igsf5	6571	6175	4549	5311	5542	6509
Igsf6	69	63	48	41	45	42
Igsf8	4800	4642	3356	3213	3331	3699
Igsf9	2313	2263	1870	3290	3724	3705
Igsf9b	337	343	264	250	305	280
Igtp	266	216	155	91	76	120
Ihh	3	1	1	2	1	3
Iigp1	50	45	46	20	16	33
Ik	4588	4589	3354	3128	3497	3738
Ikbip	2470	2278	1593	1680	1714	2003
Ikbkap	4379	3861	3151	2706	3110	3265
Ikbkb	1397	1411	1063	960	1095	1102
Ikbke	17	24	16	7	16	10
Ikbkg	3871	3611	2799	2645	2920	3243
Ikzf1	25	20	14	10	9	13
Ikzf2	2290	2223	1697	1605	1887	2041
Ikzf3	2	0	4	0	0	2
Ikzf4	269	250	167	195	211	227
Ikzf5	3066	2959	2107	2025	2354	2542
Il10	0	0	2	0	0	0
Il10ra	31	32	25	26	28	30
Il10rb	212	201	133	110	115	116
Il11	8	12	6	3	10	8
Il11ra1	876	811	618	580	659	730
Il11ra2	351	350	249	262	226	288
Il12a	27	19	21	17	16	14
Il12b	1	5	1	0	0	0
Il12rb1	2	2	1	2	0	2
Il12rb2	541	494	424	354	432	390
Il13	1	1	0	2	1	0
Il13ra1	48	38	25	18	26	18
Il13ra2	5	6	2	4	4	8
Il15	165	148	99	68	64	77
Il15ra	28	36	32	11	21	19
Il16	32	37	31	21	14	16
Il17a	0	0	0	0	0	0
Il17b	0	0	0	0	1	0
Il17c	3	1	1	2	2	2
Il17d	145	138	88	107	122	136
Il17f	0	1	1	2	0	2
Il17ra	170	170	157	103	139	143
Il17rb	91	88	61	50	72	68
Il17rc	180	211	153	113	149	154
Il17rd	166	149	130	68	87	109
Il17re	33	33	31	17	18	18
Il18	174	200	147	105	135	138
Il18bp	510	527	386	266	343	383
Il18r1	1	0	4	0	3	1
Il18rap	2	0	0	0	0	1
Il19	1	0	0	0	0	0
Il1a	42	41	35	17	31	22
Il1b	11	6	8	1	2	1
Il1bos	5	7	1	1	1	0
Il1f10	0	0	0	0	0	0
Il1f5	0	0	0	0	0	0
Il1f6	0	0	0	0	1	0
Il1f8	0	0	0	0	0	0
Il1f9	7	6	6	0	1	1
Il1r1	331	348	205	182	203	215
Il1r2	6	7	13	1	10	2
Il1rap	780	747	617	495	579	604
Il1rapl1	486	422	338	267	339	333
Il1rapl2	154	118	84	78	106	126
Il1rl1	7	3	3	2	2	8
Il1rl2	2	2	3	2	7	7
Il1rn	5	3	5	2	9	1
Il2	57	70	58	51	42	49
Il20	0	1	0	0	0	1
Il20ra	84	81	72	66	69	83
Il20rb	12	29	13	3	8	7
Il21	1	1	2	0	0	0
Il21r	2	3	2	1	0	3
Il22	57	34	25	50	40	51
Il22ra1	1	0	0	0	1	1
Il22ra2	0	1	0	0	1	0
Il23a	2	0	0	2	1	0
Il23r	7	3	0	0	1	4
Il24	0	0	0	0	0	0
Il25	1	1	1	1	1	2
Il27	3	1	0	1	0	2
Il27ra	5	2	0	3	2	1
Il2ra	3	2	2	1	0	1
Il2rb	6	2	1	1	5	3
Il2rg	21	31	17	23	20	13
Il3	1	0	1	0	0	1
Il31	0	1	0	0	0	1
Il31ra	16	16	10	7	8	11
Il33	2361	2312	1449	829	909	980
Il34	207	215	134	138	129	183
Il3ra	50	57	32	76	82	91
Il4	2	1	4	1	1	2
Il4i1	561	542	394	448	512	547
Il4ra	329	327	260	282	281	286
Il5	0	1	1	0	1	3
Il5ra	12	13	18	6	1	9
Il6	1	0	1	0	0	0
Il6ra	23	24	14	11	14	15
Il6st	4418	4490	3331	2911	3324	3536
Il7	12	11	7	2	4	6
Il7r	0	3	2	0	3	1
Il9	0	0	0	0	0	0
Il9r	104	96	97	28	44	29
Ildr1	3	6	5	1	5	2
Ildr2	1887	1810	1309	699	767	789
Ilf2	3763	4022	2549	2796	3391	3515
Ilf3	3883	3564	2561	2508	2966	3091
Ilk	3477	3311	2302	2249	2394	2703
Ilkap	1461	1432	1045	1022	1146	1192
Iltifb	25	20	14	7	8	7
Ilvbl	1288	1192	900	867	913	1078
Immp1l	1546	1467	1131	1070	1208	1281
Immp2l	318	294	248	159	152	178
Immt	7428	7025	5228	5037	5419	5926
Imp3	711	678	523	470	488	531
Imp4	1326	1347	1026	903	1010	987
Impa1	4328	4026	2929	2337	2540	2846
Impa2	23	27	13	10	16	11
Impact	15960	14683	10574	10643	11225	12896
Impad1	7031	6348	4367	4384	5095	5679
Impdh1	25003	23134	18168	15824	16643	18366
Impdh2	2190	2073	1609	1350	1510	1737
Impg1	11002	10212	8170	9924	10884	11501
Impg2	28866	25790	20151	16235	18179	19481
Ina	2419	2328	1577	1707	1882	2087
Inadl	2876	2822	2086	2214	2459	2709
Inafm1	1015	910	764	647	746	752
Inafm2	2884	2568	1890	1774	1943	2085
Inca1	85	67	39	71	84	89
Incenp	693	680	477	431	521	593
Inf2	503	476	365	321	380	396
Ing1	1198	1170	806	782	843	926
Ing2	788	830	603	512	575	615
Ing3	1523	1403	1082	1009	1159	1247
Ing4	2508	2386	1882	1942	2157	2313
Ing5	1646	1700	1269	1295	1281	1464
Inha	193	194	164	169	191	246
Inhba	61	77	40	39	55	46
Inhbb	204	218	168	99	103	100
Inhbc	0	0	0	0	0	0
Inhbe	1	0	0	0	0	0
Inip	1379	1362	1039	962	1072	1075
Inmt	3	3	1	3	1	0
Ino80	2582	2509	1848	1725	2071	2072
Ino80b	509	449	300	324	367	432
Ino80c	1402	1537	1039	916	1031	1079
Ino80d	2775	2864	2257	1853	2362	2221
Ino80e	1538	1387	1109	1023	1013	1305
Inpp1	3249	2931	2205	2100	2307	2500
Inpp4a	2426	2340	1653	1653	1920	2072
Inpp4b	2856	2565	1994	2006	2261	2473
Inpp5a	898	960	616	515	592	668
Inpp5b	1820	1735	1365	1255	1427	1589
Inpp5d	128	94	68	81	102	92
Inpp5e	1928	1865	1408	1423	1591	1566
Inpp5f	3805	3506	2431	2150	2478	2652
Inpp5j	267	258	209	164	201	163
Inpp5k	2350	2306	1805	1713	2022	2026
Inppl1	1343	1313	885	1313	1364	1451
Ins1	0	0	0	0	0	3
Ins2	1	2	1	0	0	1
Insc	39	47	30	30	41	42
Insig1	8235	7868	5533	5510	5748	6542
Insig2	1407	1445	917	1035	1203	1385
Insl3	4	3	1	3	5	8
Insl5	67	63	52	31	41	55
Insl6	13	8	8	4	6	4
Insm1	1377	1231	961	1006	1100	1283
Insm2	43	43	23	24	36	29
Insr	3657	3542	2715	2273	2889	2861
Insrr	126	103	63	57	56	57
Ints1	4572	4066	3436	2974	3379	3500
Ints10	1940	2001	1473	1774	2034	2232
Ints12	1062	1007	733	735	770	870
Ints2	2513	2402	1834	1896	2124	2183
Ints3	2466	2383	1789	1707	1913	2027
Ints4	2056	1955	1551	1160	1331	1504
Ints5	9290	8475	6558	6445	6911	7814
Ints6	2227	2146	1713	1543	1768	1956
Ints7	1526	1520	1127	895	976	1046
Ints8	2502	2400	1787	1642	1842	2037
Ints9	399	396	306	304	333	317
Intu	1061	1058	941	776	956	957
Invs	606	560	415	397	483	440
Ip6k1	11307	10207	7945	7187	7758	8603
Ip6k2	6044	8966	5455	6505	5909	6065
Ip6k3	206	179	106	47	67	78
Ipcef1	470	418	258	311	341	387
Ipmk	9464	8994	6838	7334	7648	8109
Ipo11	2064	1957	1422	1323	1437	1631
Ipo13	1499	1523	1118	1056	1281	1403
Ipo4	1469	1416	1067	1083	1311	1308
Ipo5	6684	6016	4701	4214	4658	5150
Ipo7	7381	7094	5302	4861	5536	5954
Ipo8	2870	2614	2054	1736	1970	2081
Ipo9	6633	6185	4763	5123	5642	5870
Ipp	1049	1001	682	832	938	910
Ippk	866	936	659	631	654	783
Iqca	2	2	2	0	1	0
Iqcb1	1204	1174	811	799	944	973
Iqcc	898	828	643	665	715	770
Iqcd	389	363	303	394	425	453
Iqce	1379	1315	988	1056	1170	1188
Iqcf1	0	0	0	4	11	1
Iqcf3	0	0	0	0	0	0
Iqcf4	0	0	0	0	0	0
Iqcf5	1	0	0	1	0	0
Iqcf6	0	0	0	0	0	0
Iqcg	987	950	740	727	807	814
Iqch	66	67	54	37	40	47
Iqcj	9	12	8	4	9	8
Iqck	737	714	459	733	884	899
Iqgap1	1240	1179	962	1418	1639	1645
Iqgap2	744	771	609	336	341	294
Iqgap3	34	51	23	16	34	35
Iqsec1	4461	4443	3505	2882	3280	3398
Iqsec2	248	239	196	121	166	159
Iqsec3	8007	7578	5767	5134	5562	5730
Iqub	204	160	109	110	143	128
Irak1	854	829	600	624	651	650
Irak1bp1	680	740	451	483	538	538
Irak2	771	686	457	502	522	612
Irak3	21	21	17	16	9	10
Irak4	491	436	327	337	380	408
Ireb2	3470	3178	2374	2141	2600	2583
Irf1	278	304	223	162	182	185
Irf2	451	481	339	279	361	326
Irf2bp1	1922	1827	1324	1468	1544	1637
Irf2bp2	3946	3632	2485	2537	2687	2999
Irf2bpl	2560	2621	1931	1625	1801	1938
Irf3	1904	1777	1493	1225	1269	1314
Irf4	31	54	26	17	29	18
Irf5	309	333	220	194	245	269
Irf6	231	251	173	143	192	192
Irf7	488	451	375	341	428	496
Irf8	37	41	51	26	58	51
Irf9	631	570	453	361	374	424
Irgc1	2	2	3	2	0	2
Irgm1	254	227	163	115	94	123
Irgm2	241	229	143	74	73	98
Irgq	2115	2115	1616	1634	1710	1787
Irs1	1936	1839	1281	1461	1529	1737
Irs2	1421	1452	1114	1103	1202	1291
Irs3	19	17	14	6	16	11
Irs4	14	9	9	11	9	10
Irx1	29	21	9	11	16	20
Irx2	109	101	69	73	58	91
Irx3	120	90	76	55	59	73
Irx3os	16	13	8	5	9	7
Irx4	198	191	133	116	131	122
Irx5	178	168	123	140	165	208
Irx6	602	580	379	394	507	573
Isca1	4203	3928	2836	2585	2777	3178
Isca2	919	845	628	609	653	715
Iscu	995	979	749	660	638	775
Isg15	22	15	26	5	6	11
Isg20	10	11	15	9	8	2
Isg20l2	1242	1217	920	939	985	1020
Isl1	3403	2991	2171	1925	2184	2503
Isl2	179	164	110	112	107	135
Islr	62	90	55	83	42	20
Islr2	629	636	448	380	410	423
Ism1	50	42	25	56	55	83
Ism2	80	85	62	29	35	28
Isoc1	1301	1354	920	785	832	965
Isoc2a	619	646	431	688	838	810
Isoc2b	129	93	90	141	244	191
Ispd	733	698	547	474	546	574
Ist1	4534	4283	3161	3370	3705	4056
Isx	0	0	0	0	0	0
Isy1	1251	1211	854	840	996	1093
Isyna1	737	733	609	320	301	352
Itch	5884	5306	4164	4110	4520	4962
Itfg1	6566	5962	4303	4408	4714	5456
Itfg2	3894	3884	2878	2686	2948	3153
Itga1	150	138	97	86	116	122
Itga10	82	95	80	75	90	74
Itga11	19	23	16	12	29	23
Itga2	48	40	23	38	42	43
Itga2b	76	63	57	87	74	64
Itga3	405	381	319	272	313	354
Itga4	2819	2704	2163	9280	10712	10381
Itga5	100	109	96	87	91	88
Itga6	296	284	185	181	197	234
Itga7	251	234	186	168	172	186
Itga8	71	89	54	51	61	57
Itga9	337	377	270	239	254	326
Itgad	0	0	2	1	1	0
Itgae	38	27	24	298	290	286
Itgal	11	12	4	1	8	7
Itgam	95	96	102	77	73	65
Itgav	3821	3688	2615	2291	3034	2867
Itgax	2	4	3	1	0	3
Itgb1	2729	2606	1846	2261	2363	2578
Itgb1bp1	1140	1081	755	777	850	937
Itgb1bp2	76	60	50	57	62	64
Itgb2	29	25	22	14	16	13
Itgb2l	2	0	0	0	0	0
Itgb3	20	22	13	14	10	12
Itgb3bp	415	389	281	255	302	319
Itgb4	213	171	130	135	200	162
Itgb5	1623	1507	1213	1226	1298	1511
Itgb6	9	7	8	3	12	1
Itgb7	35	28	31	32	36	30
Itgb8	2148	2371	2014	1027	1753	1237
Itgbl1	247	258	164	165	185	202
Itih1	0	0	0	0	0	0
Itih2	4	5	2	9	8	7
Itih3	0	1	0	2	2	0
Itih4	6	6	2	3	4	3
Itih5	140	126	118	102	102	87
Itih5l-ps	0	0	0	0	0	0
Itk	13	6	8	13	20	21
Itln1	0	0	0	0	0	0
Itm2a	492	549	330	293	350	371
Itm2b	19964	18913	13619	12197	12759	14541
Itm2c	11934	10644	7694	6582	6890	8026
Itpa	1809	1727	1334	1246	1362	1534
Itpk1	1122	1029	792	775	862	939
Itpka	63	48	27	46	37	46
Itpkb	435	457	322	312	386	388
Itpkc	583	619	496	449	480	520
Itpr1	3314	2980	2231	2133	2447	2531
Itpr2	1088	1077	756	501	615	661
Itpr3	158	131	138	79	91	114
Itpr3os	5	3	5	4	1	3
Itpripl1	31	32	18	15	9	9
Itpripl2	360	340	213	87	57	82
Itsn1	7324	6727	5209	4592	5268	5379
Itsn2	9629	8843	6816	5483	6142	6754
Ivd	2745	2550	2095	1343	1529	1489
Ivl	0	0	0	0	0	0
Ivns1abp	9663	9347	6898	6658	7324	7858
Iws1	4587	4419	3392	3206	3771	3829
Iyd	46	38	36	17	25	18
Izumo1	0	1	0	0	0	2
Izumo1r	0	0	0	0	0	0
Izumo2	0	0	0	0	0	0
Izumo3	0	0	0	0	0	0
Izumo4	464	502	348	364	412	432
Jade1	4298	4043	3104	2873	3320	3640
Jade2	1844	1728	1394	1322	1448	1547
Jade3	394	404	310	267	319	327
Jag1	6084	6605	4932	4355	4705	4838
Jag2	990	986	671	740	752	829
Jagn1	819	825	587	576	633	674
Jak1	6373	5850	4549	3997	4571	4856
Jak2	2889	2694	2167	2143	2281	2488
Jak3	85	63	44	75	74	84
Jakmip1	554	572	362	383	363	426
Jakmip2	1011	909	685	574	700	672
Jakmip3	322	328	226	222	250	264
Jam2	5681	5370	4146	4306	4697	5052
Jam3	1352	1430	1019	943	1086	1108
Jarid2	5014	4831	3565	3145	3701	3829
Jazf1	479	442	333	307	281	327
Jchain	241	333	220	233	270	316
Jdp2	443	427	335	278	312	341
Jhy	1	1	1	3	8	6
Jkamp	2384	2239	1622	1621	1826	1952
Jmjd1c	10022	8521	6916	6412	7536	7706
Jmjd4	1287	1326	974	894	1093	1045
Jmjd6	2121	2030	1485	1264	1348	1561
Jmjd7	504	448	404	379	433	545
Jmjd8	4303	4096	3146	3025	3107	3535
Jmy	4215	4157	2969	2822	3300	3381
Josd1	2153	2206	1558	1485	1661	1790
Josd2	582	590	485	438	542	488
Jph1	100	117	76	69	87	97
Jph2	51	53	29	31	39	36
Jph3	1295	1173	852	880	835	1025
Jph4	494	484	351	391	399	431
Jrk	1164	1050	795	819	899	953
Jrkl	1062	1017	650	632	785	865
Jsrp1	66	61	58	63	64	62
Jtb	1320	1264	935	955	1074	1210
Jun	1148	1144	956	750	901	934
Junb	674	663	457	400	403	443
Jund	1517	1409	1080	1233	1293	1429
Junos	142	112	108	88	115	85
Jup	895	807	661	620	591	692
K230010J24Rik	101	100	62	70	66	65
KIAA1683	20	33	27	7	17	10
Kalrn	1188	1062	826	755	961	947
Kank1	4335	3878	3225	3316	3732	4073
Kank2	684	592	428	318	339	336
Kank3	553	570	423	293	323	333
Kank4	193	191	136	86	81	100
Kank4os	0	2	2	1	2	0
Kansl1	4207	4221	2952	2765	3175	3350
Kansl1l	4182	3998	2976	5187	5588	6352
Kansl2	2363	2461	1731	1682	2006	2028
Kansl3	4619	4219	3271	2851	3431	3636
Kap	0	0	0	0	0	0
Kars	3100	2915	2204	1867	2022	2363
Kat2a	768	829	602	542	589	681
Kat2b	7712	7050	5168	5801	6174	6833
Kat5	2423	2383	1760	1819	1872	2095
Kat6a	6359	5997	4620	4009	4802	4829
Kat6b	4493	4357	3081	3029	3193	3458
Kat7	2497	2638	1852	1740	1948	2021
Kat8	1066	985	759	776	861	912
Katna1	1151	1090	898	766	843	945
Katnal1	2324	2360	1737	1660	1822	2000
Katnal2	649	668	522	258	318	336
Katnb1	1437	1435	1050	971	1095	1256
Katnbl1	1739	1610	1131	1181	1283	1340
Kazald1	196	225	166	124	145	174
Kazn	631	577	405	504	517	595
Kbtbd11	1699	1651	1194	1072	1241	1380
Kbtbd12	24	24	17	20	30	25
Kbtbd13	2	5	4	5	5	5
Kbtbd2	3198	2902	2243	2081	2249	2511
Kbtbd3	1301	1117	852	739	873	935
Kbtbd4	1806	1698	1329	1273	1372	1445
Kbtbd6	234	221	169	203	201	222
Kbtbd7	4263	3983	2904	3005	3347	3566
Kbtbd8	1051	1103	794	779	779	856
Kbtbd8os	1	1	3	5	5	7
Kcmf1	2356	2334	1628	1435	1644	1841
Kcna1	1232	1053	821	677	746	859
Kcna10	1	3	2	0	0	0
Kcna2	5210	5002	3618	3533	4144	4184
Kcna3	221	221	173	153	184	214
Kcna4	978	953	657	620	694	724
Kcna5	4145	3747	2851	2573	2661	3154
Kcna6	2402	2136	1619	1587	1661	1931
Kcna7	3	2	4	1	0	1
Kcnab1	2268	2255	1679	1717	1837	2191
Kcnab2	12858	12338	9232	8355	9557	11125
Kcnab3	1589	1511	1066	1534	1684	1753
Kcnab3os	218	224	159	214	245	227
Kcnb1	60926	53822	43380	35142	39616	41624
Kcnb2	1424	1347	926	631	810	890
Kcnc1	2936	2647	2091	1823	2048	2117
Kcnc2	2552	2287	1680	1775	1952	2165
Kcnc3	807	871	610	527	591	598
Kcnc4	653	538	436	418	444	504
Kcnd1	131	137	120	116	141	121
Kcnd2	696	669	391	435	485	524
Kcnd3	4133	3707	2740	3106	3411	3744
Kcnd3os	28	28	23	21	22	26
Kcne1	0	0	0	0	0	1
Kcne1l	162	147	94	67	82	88
Kcne2	1557	1593	1186	1075	1201	1389
Kcne3	1	2	3	0	1	1
Kcne4	9	12	6	2	5	7
Kcnf1	190	176	161	196	196	250
Kcng1	11	9	8	12	2	10
Kcng2	37	33	11	22	25	16
Kcng3	49	42	37	32	39	26
Kcng4	1021	937	676	665	737	864
Kcnh1	512	485	313	240	258	305
Kcnh2	2500	2303	1691	1633	1794	1974
Kcnh3	18	15	14	19	13	34
Kcnh4	6	3	7	2	4	3
Kcnh5	3092	2918	2137	1786	2188	2376
Kcnh6	921	895	736	520	637	704
Kcnh7	1674	1690	1223	891	1011	1132
Kcnh8	122	107	72	71	76	70
Kcnip1	1262	1262	953	782	860	975
Kcnip2	404	344	229	283	328	385
Kcnip3	1309	1158	897	850	861	1064
Kcnip4	2091	1934	1400	927	1114	1193
Kcnj1	1	0	0	0	1	1
Kcnj10	984	957	685	1365	1500	1686
Kcnj11	224	220	140	91	141	143
Kcnj12	363	334	251	238	283	278
Kcnj13	185	258	255	104	169	103
Kcnj14	26152	23233	17515	15127	16031	18083
Kcnj15	0	0	3	2	0	3
Kcnj16	12	18	8	13	14	18
Kcnj2	952	885	680	671	700	845
Kcnj3	1212	1154	853	726	834	830
Kcnj4	10	9	10	9	14	12
Kcnj5	746	623	493	479	523	591
Kcnj6	303	271	235	185	254	262
Kcnj8	97	70	79	39	62	61
Kcnj9	4796	4457	3439	3702	4079	4395
Kcnk1	1453	1332	841	866	901	932
Kcnk10	74	42	47	33	24	52
Kcnk12	68	67	51	68	51	44
Kcnk13	21	24	12	13	15	12
Kcnk15	4	5	3	10	17	19
Kcnk16	0	0	0	0	0	0
Kcnk18	0	0	0	0	2	1
Kcnk2	121	118	83	88	87	99
Kcnk3	953	809	616	583	640	687
Kcnk4	59	52	40	37	36	52
Kcnk5	4	5	3	1	1	3
Kcnk6	16	18	7	9	7	9
Kcnk7	4	2	1	2	5	3
Kcnk9	124	110	91	75	79	95
Kcnma1	5698	5406	4488	3555	4217	4424
Kcnmb1	4	7	6	5	9	2
Kcnmb2	121	130	86	72	99	66
Kcnmb3	6	14	13	16	18	12
Kcnmb4	454	401	303	323	367	409
Kcnmb4os1	191	204	148	154	154	198
Kcnmb4os2	138	105	93	79	116	121
Kcnn1	671	622	510	287	307	342
Kcnn2	499	496	329	307	381	372
Kcnn3	25	27	24	19	23	28
Kcnn4	6	3	3	5	1	0
Kcnq1	27	27	22	20	30	25
Kcnq1ot1	4986	5369	4410	3140	4381	3794
Kcnq2	3686	3354	2642	2071	2181	2447
Kcnq3	667	693	539	321	408	368
Kcnq4	123	125	94	75	91	99
Kcnq5	59	62	31	38	52	37
Kcnrg	22	33	30	34	29	36
Kcns1	24	20	24	29	10	21
Kcns2	469	385	288	298	322	336
Kcns3	53	57	46	17	32	36
Kcnt1	789	798	542	586	633	653
Kcnt2	152	113	98	59	72	83
Kcnu1	60	53	42	32	50	45
Kcnv1	30	38	30	11	7	7
Kcnv2	11590	11956	8887	7909	8874	9277
Kcp	17	18	16	11	23	20
Kctd1	1102	1123	810	786	829	947
Kctd10	2000	1842	1294	1602	1675	1857
Kctd11	123	134	82	139	133	164
Kctd12	877	760	555	591	633	700
Kctd12b	216	181	116	70	86	115
Kctd13	318	339	242	207	237	292
Kctd14	143	138	77	62	58	64
Kctd15	1363	1276	961	1022	1111	1192
Kctd16	296	352	247	242	244	260
Kctd17	631	640	430	477	548	559
Kctd18	524	519	347	367	407	437
Kctd19	65	81	40	64	50	76
Kctd2	1345	1281	895	970	1014	1175
Kctd20	2889	2795	2052	1984	2123	2412
Kctd21	314	289	230	175	187	213
Kctd3	2034	2017	1438	1476	1651	1774
Kctd4	312	283	229	178	202	211
Kctd5	882	898	671	562	564	692
Kctd6	789	818	552	593	676	676
Kctd7	715	753	534	451	514	553
Kctd8	1276	1130	785	790	830	921
Kctd9	527	517	373	343	407	405
Kdelc1	611	640	466	382	413	486
Kdelc2	110	152	78	90	100	98
Kdelr1	1919	1744	1342	1293	1326	1461
Kdelr2	1344	1274	906	938	909	1045
Kdelr3	100	109	74	66	78	91
Kdf1	27	28	24	28	35	28
Kdm1a	3296	3131	2301	2477	2819	3022
Kdm1b	1329	1278	942	889	967	1079
Kdm2a	7230	6345	5270	4732	5201	5645
Kdm2b	1178	1122	849	912	950	1061
Kdm3a	4360	3649	2760	2503	2826	3152
Kdm3b	6659	6502	4816	4231	5115	5228
Kdm4a	2863	2531	2126	2886	3279	3542
Kdm4b	2288	2137	1691	1566	1820	1940
Kdm4c	15152	14307	11179	9830	11461	12470
Kdm4d	133	110	84	94	78	122
Kdm5a	5607	5313	4138	3700	4261	4472
Kdm5b	13053	11639	9393	6555	7315	7822
Kdm5c	4962	5161	3780	3223	3645	3804
Kdm5d	2259	2144	1697	1644	1915	1901
Kdm6a	2131	2004	1636	1462	1745	1730
Kdm6b	624	613	457	462	579	552
Kdm6bos	68	75	59	42	48	52
Kdm7a	4401	4127	3033	2883	3489	3622
Kdm8	484	439	307	334	378	406
Kdr	8243	7299	5552	5673	6490	7115
Kdsr	4498	4360	3084	3253	3566	4120
Keap1	2308	2118	1598	1466	1592	1825
Keg1	0	0	0	0	0	0
Kel	0	0	0	0	0	0
Kera	0	1	1	2	0	1
Khdc1a	0	1	0	0	1	1
Khdc1b	1	3	1	0	0	0
Khdc1c	0	0	0	0	1	1
Khdc3	5	9	4	11	4	5
Khdrbs1	7030	6603	4713	2888	3193	3560
Khdrbs2	606	629	444	506	571	589
Khdrbs3	12312	11706	8602	7262	7755	8671
Khk	546	480	405	393	441	498
Khnyn	2011	1798	1467	2007	2250	2357
Khsrp	4840	4769	3661	3412	3809	4044
Kidins220	12733	11577	9290	9567	10844	11073
Kif11	76	79	69	39	64	60
Kif12	0	2	0	0	0	0
Kif13a	5427	5089	3914	3661	4096	4468
Kif13b	1748	1582	1300	1211	1466	1381
Kif14	85	84	83	16	22	26
Kif15	275	259	189	144	170	162
Kif16b	1905	1879	1464	1378	1468	1639
Kif16bos	10	11	10	10	8	12
Kif17	194	193	163	139	168	162
Kif18a	499	460	318	301	365	426
Kif18b	6	3	1	1	4	3
Kif19a	116	110	81	46	43	51
Kif1a	20268	17913	14527	12848	14943	15393
Kif1b	57392	52233	43319	32913	36598	37897
Kif1bp	3552	3534	2544	2489	2675	2898
Kif1c	2134	2118	1576	1556	1643	1812
Kif20a	744	709	557	637	750	764
Kif20b	278	278	184	187	242	267
Kif21a	11639	10928	8331	8150	9331	9760
Kif21b	9174	8517	7015	6843	7847	7898
Kif22	377	344	274	260	327	335
Kif23	15	11	7	15	11	13
Kif24	192	238	186	196	237	203
Kif26a	193	183	136	237	248	254
Kif26b	424	448	305	250	290	292
Kif27	185	185	149	73	90	100
Kif2a	4009	3824	2844	3134	3593	3712
Kif2b	0	0	0	1	0	0
Kif2c	3	2	2	2	0	0
Kif3a	2752	2646	1993	1979	2225	2395
Kif3b	6403	5845	4497	4800	5143	5633
Kif3c	6690	6284	4482	4484	5007	5503
Kif4	246	284	176	117	200	166
Kif5a	11010	9588	7699	7281	7749	6955
Kif5b	10214	9710	6917	6595	7436	7804
Kif5c	12610	11593	8565	7620	8606	9352
Kif6	41	45	24	19	9	28
Kif7	52	66	45	45	67	60
Kif9	324	297	256	199	255	251
Kifap3	7635	7032	5138	3880	4270	4729
Kifc1	439	451	387	414	565	474
Kifc2	2060	1817	1344	1485	1527	1628
Kifc3	1342	1270	1042	861	963	1042
Kifc5b	181	176	130	180	261	248
Kin	743	848	514	591	654	719
Kir3dl1	0	0	0	0	0	0
Kir3dl2	0	0	0	0	0	0
Kirrel	2896	2907	2246	2588	3164	3111
Kirrel2	137	111	104	93	116	110
Kirrel3	860	822	604	592	657	731
Kirrel3os	55	44	38	24	31	18
Kiss1	2	2	0	2	0	6
Kiss1r	215	212	150	144	172	181
Kit	294	260	210	220	287	261
Kitl	875	837	569	530	504	600
Kiz	1820	1670	1366	1224	1336	1508
Kl	91	82	74	88	118	95
Klb	10	10	15	16	13	13
Klc1	15334	14364	10810	10439	11449	12617
Klc2	3307	3050	2323	2203	2448	2524
Klc3	5615	5210	4083	4394	4525	4876
Klc4	3268	3030	2331	2307	2484	2675
Klf1	10	9	7	20	12	23
Klf10	612	499	383	283	304	347
Klf11	397	415	307	276	281	326
Klf12	613	575	545	466	568	561
Klf13	1029	1109	767	933	1017	1049
Klf14	1	0	0	0	0	0
Klf15	261	290	225	206	207	264
Klf16	588	505	379	389	368	455
Klf17	0	1	2	1	1	0
Klf2	59	99	63	21	29	26
Klf3	814	784	556	578	711	710
Klf4	70	104	94	46	54	59
Klf5	6	3	6	1	1	6
Klf6	1672	1608	1130	880	999	1079
Klf7	1141	1134	824	726	804	858
Klf8	73	67	43	49	41	52
Klf9	4684	4527	3158	2974	3246	3583
Klhdc1	1416	1279	957	1032	1101	1195
Klhdc10	3512	3269	2546	2419	2616	2918
Klhdc2	5747	5320	3830	3535	4014	4595
Klhdc3	1960	1967	1306	1310	1448	1581
Klhdc4	1319	1283	975	880	1026	1045
Klhdc7a	138	107	102	43	35	25
Klhdc7b	5	7	4	5	6	4
Klhdc8a	1996	2090	1351	1455	1489	1755
Klhdc8b	1773	1754	1343	1383	1490	1540
Klhdc9	174	162	107	78	80	94
Klhl1	735	658	462	427	496	536
Klhl10	30	15	25	20	28	29
Klhl11	3827	3494	2852	2478	2711	3009
Klhl12	2598	2516	1964	1787	2022	2159
Klhl13	1393	1222	863	851	880	1061
Klhl14	14	17	10	16	18	11
Klhl15	2608	2565	1748	1736	2026	2212
Klhl17	1890	1795	1412	1356	1496	1527
Klhl18	9914	9395	7578	7450	8019	8500
Klhl2	1411	1441	1042	1006	1104	1231
Klhl20	1048	1082	787	531	624	656
Klhl21	1440	1234	1028	909	922	1052
Klhl22	1655	1599	1200	1194	1359	1465
Klhl23	3154	3138	2324	1268	1508	1492
Klhl24	7297	6623	4964	5292	5923	6270
Klhl25	778	732	596	568	550	703
Klhl26	862	830	618	622	747	806
Klhl28	1570	1449	1160	1064	1183	1404
Klhl29	964	1130	773	711	853	871
Klhl3	2327	2202	1786	1396	1609	1763
Klhl30	31	31	23	18	27	19
Klhl31	4	1	0	1	1	1
Klhl32	717	668	538	608	710	689
Klhl33	104	94	75	148	174	161
Klhl34	141	129	112	90	118	73
Klhl35	37	46	23	22	18	33
Klhl36	2042	1979	1580	1251	1356	1417
Klhl38	59	66	33	45	57	56
Klhl4	529	462	319	266	287	295
Klhl40	10	9	9	11	9	9
Klhl41	320	260	224	206	210	215
Klhl42	923	804	570	568	621	737
Klhl5	1213	1088	902	734	857	942
Klhl6	27	25	19	12	9	13
Klhl7	4216	3986	2825	2498	2894	3209
Klhl8	2098	1947	1417	1518	1566	1862
Klhl9	12847	11510	8332	8030	8461	9906
Klk1	0	1	1	0	1	0
Klk10	0	0	0	1	0	0
Klk11	0	0	2	0	1	0
Klk12	0	0	1	0	0	0
Klk13	0	0	0	0	0	0
Klk14	0	0	0	0	1	0
Klk15	0	0	0	0	0	0
Klk1b1	0	0	0	0	0	0
Klk1b10-ps-001	0	0	0	0	0	0
Klk1b11	0	0	0	0	0	0
Klk1b12-ps-001	0	0	0	0	0	0
Klk1b14-ps-001	0	0	0	0	0	0
Klk1b15-ps-001	0	0	0	0	0	0
Klk1b16	0	0	0	0	0	0
Klk1b18-ps-001	0	0	0	0	0	1
Klk1b19-ps-001	0	0	0	0	0	0
Klk1b2-ps-001	0	0	0	0	0	0
Klk1b21	0	0	2	0	0	0
Klk1b22	0	0	0	0	0	0
Klk1b23-ps-001	0	0	0	0	0	0
Klk1b24	2	1	0	0	0	1
Klk1b26	0	0	0	0	0	0
Klk1b27	2	0	1	0	0	0
Klk1b28-ps-001	0	0	0	0	0	0
Klk1b3	0	0	0	0	0	0
Klk1b4	0	1	0	0	0	0
Klk1b5	1	0	0	0	0	0
Klk1b7-ps	0	0	0	0	0	0
Klk1b8	0	0	0	0	0	0
Klk1b9	0	0	0	0	0	0
Klk2-ps	0	0	0	0	0	0
Klk4	0	0	0	0	0	0
Klk5	0	0	0	0	0	0
Klk6	0	0	1	4	2	0
Klk7	0	0	0	0	0	1
Klk8	6	7	4	0	6	7
Klk9	0	0	0	0	0	0
Klkb1	550	489	363	329	357	334
Klra1	0	0	0	0	0	0
Klra10	0	0	0	0	0	0
Klra11-ps-001	0	0	0	0	0	0
Klra13-ps	0	0	0	0	0	0
Klra14-ps	0	0	0	0	0	0
Klra17	0	0	0	0	0	0
Klra2	14	12	9	13	7	3
Klra3	0	0	0	1	0	2
Klra4	0	0	0	0	0	0
Klra5	0	0	0	0	0	0
Klra6	0	0	0	0	0	0
Klra7	0	0	0	0	0	0
Klra8	0	0	0	0	0	0
Klra9	0	0	0	0	0	0
Klrb1	0	0	0	0	0	1
Klrb1-ps1	1	2	0	0	0	0
Klrb1a	1	1	0	0	0	0
Klrb1b	0	0	0	0	0	0
Klrb1c	0	0	0	0	0	0
Klrb1f	0	0	1	0	2	2
Klrc1	0	1	0	0	0	0
Klrc2	1	2	0	1	0	0
Klrc3	1	0	0	0	0	0
Klrd1	0	1	1	0	0	0
Klre1	0	0	0	0	0	0
Klrg1	1	1	0	1	0	0
Klrg2	40	29	33	21	30	24
Klri1	1	0	0	0	0	0
Klri2	1	1	0	0	0	0
Klrk1	0	0	1	0	0	0
Kmo	6	2	1	2	3	4
Kmt2a	6672	6630	5352	3649	4816	4528
Kmt2b	2450	2380	1805	1706	1886	1835
Kmt2c	13314	12194	9948	8350	10348	10254
Kmt2d	7359	7372	6125	4930	6554	5917
Kmt2e	5328	5462	4189	3731	4713	4502
Kmt5a	776	747	566	616	713	685
Kncn	3	1	0	1	1	0
Kndc1	512	536	359	361	415	392
Kng1	0	0	0	0	0	0
Kng2	0	0	0	0	0	0
Knop1	2460	2410	1962	2156	2443	2695
Knstrn	402	350	274	216	227	257
Kntc1	25	18	13	11	11	15
Kpna1	5858	5676	4137	4206	4604	4983
Kpna2	15754	14877	11570	11259	11895	13242
Kpna3	4168	4147	3005	2849	3174	3323
Kpna4	6032	5827	4132	4242	4728	5070
Kpna6	5505	5440	3973	3805	4221	4565
Kpna7	71	46	42	47	31	30
Kpnb1	8980	8079	6214	5902	6420	6939
Kprp	0	1	0	0	3	1
Kptn	798	728	543	751	802	927
Kras	5328	5140	3682	3347	3671	4145
Krba1	1733	1842	1453	1539	1846	1785
Krcc1	1168	1026	836	697	851	883
Kremen1	1554	1546	1073	944	1109	1168
Kremen2	99	113	83	97	113	102
Kri1	1702	1497	1252	1207	1321	1341
Krit1	3168	2977	2240	2054	2444	2585
Krr1	3893	3818	2917	2634	2992	3242
Krt1	34	30	26	17	21	35
Krt10	480	481	341	369	463	502
Krt12	51	73	72	12	34	34
Krt13	40	106	115	37	73	84
Krt14	7	10	11	2	17	8
Krt15	85	172	300	56	135	193
Krt16	2	0	1	0	0	1
Krt17	4	0	1	3	4	5
Krt18	1452	1436	1079	1376	1693	1787
Krt19	22	30	24	11	28	35
Krt2	1	0	0	0	0	1
Krt20	8	3	0	7	6	5
Krt222	875	722	567	504	564	657
Krt23	15	25	18	7	17	15
Krt24	3	8	7	5	1	1
Krt25	5	3	2	3	4	7
Krt26	2	3	3	7	1	1
Krt27	0	0	1	0	0	1
Krt28	9	7	12	0	2	5
Krt31	0	0	0	0	0	0
Krt32	0	0	0	0	0	0
Krt33a	0	0	0	0	0	0
Krt33b	1	0	0	0	0	0
Krt34	1	0	0	0	0	0
Krt35	0	0	0	0	0	0
Krt36	0	0	2	1	2	0
Krt39	0	0	0	0	0	0
Krt4	26	45	51	17	22	45
Krt40	0	0	0	0	0	0
Krt42	0	3	5	7	0	3
Krt5	29	58	100	19	40	76
Krt6a	60	150	236	66	122	121
Krt6b	49	117	167	32	91	94
Krt7	23	37	40	13	21	28
Krt71	5	3	3	4	5	5
Krt72	0	0	0	0	0	0
Krt73	0	0	0	0	0	0
Krt74	0	0	0	0	0	0
Krt75	3	6	8	8	6	7
Krt76	0	0	1	1	0	0
Krt77	2	2	0	0	2	4
Krt78	2	5	4	6	8	5
Krt79	1	0	0	0	0	0
Krt8	30	44	40	17	41	20
Krt80	4	18	31	7	19	23
Krt81	1	0	0	0	0	1
Krt82	0	0	0	3	0	0
Krt83	0	0	0	0	0	0
Krt84	0	0	0	0	0	0
Krt86	0	0	0	0	0	0
Krt87	2	0	0	4	1	2
Krt88	0	0	1	0	0	0
Krt9	1	0	0	0	0	0
Krt90	0	3	1	0	1	3
Krtap1-3	0	0	0	0	0	0
Krtap1-4	0	0	0	0	0	0
Krtap1-5	0	0	0	0	0	0
Krtap10-4	0	0	0	0	0	0
Krtap11-1	0	0	0	0	0	0
Krtap12-1	0	0	1	0	0	0
Krtap13	0	0	0	0	0	0
Krtap13-1	1	1	0	0	0	1
Krtap14	0	0	0	0	0	0
Krtap15	0	0	0	0	0	1
Krtap16-1	0	0	0	0	0	0
Krtap16-3	4	10	4	6	2	3
Krtap17-1	0	0	0	0	0	0
Krtap19-1	0	0	0	0	0	0
Krtap19-2	0	0	0	0	0	0
Krtap19-3	0	0	0	0	0	0
Krtap19-4	0	0	0	0	0	0
Krtap19-5	0	0	0	0	0	0
Krtap19-9a	0	0	0	0	0	0
Krtap19-9b	0	0	0	0	0	0
Krtap2-4	0	0	0	0	0	0
Krtap20-2	0	0	0	0	0	0
Krtap21-1	0	0	0	0	1	0
Krtap22-2	0	0	0	0	0	0
Krtap24-1	0	0	0	0	0	0
Krtap26-1	0	0	0	0	0	0
Krtap27-1	0	0	0	0	0	0
Krtap28-13	1	0	0	0	0	0
Krtap29-1	0	0	0	0	0	0
Krtap3-1	0	0	0	0	0	0
Krtap3-2	0	0	0	0	0	0
Krtap3-3	0	0	0	0	0	0
Krtap31-1	0	0	0	0	0	0
Krtap31-2	0	0	0	0	0	0
Krtap4-1	0	0	0	0	0	0
Krtap4-13	0	0	0	0	4	0
Krtap4-16	0	0	0	0	0	0
Krtap4-2	0	0	0	0	0	0
Krtap4-6	0	0	0	0	0	0
Krtap4-7	0	0	0	0	0	0
Krtap4-8	0	0	0	0	0	0
Krtap4-9	0	0	0	0	0	0
Krtap5-1	0	0	0	0	0	0
Krtap5-2	0	1	0	0	0	1
Krtap5-3	0	0	0	2	0	0
Krtap5-4	0	0	0	0	0	0
Krtap5-5	0	0	0	0	0	0
Krtap6-1	0	0	0	0	0	0
Krtap6-2	0	0	0	0	0	0
Krtap6-3	0	0	0	0	0	0
Krtap6-5	0	0	0	0	0	0
Krtap7-1	0	0	0	0	1	0
Krtap8-1	0	0	0	0	1	0
Krtap9-1	0	0	0	0	0	0
Krtap9-3	0	0	0	0	0	0
Krtap9-5	0	0	0	0	0	0
Krtcap2	713	648	537	504	543	610
Krtcap3	187	171	128	128	127	134
Krtdap	2	0	2	0	0	0
Ksr1	1460	1463	1079	1039	1163	1208
Ksr2	612	687	483	386	448	451
Kti12	368	351	280	238	225	270
Ktn1	14278	13397	10189	10603	12598	13366
Kxd1	6789	6382	5061	5080	5725	6069
Ky	49	41	35	31	26	29
Kyat1	813	816	616	655	710	769
Kyat3	188	186	137	202	221	220
Kynu	16	10	4	18	19	10
L1cam	1007	1040	740	574	787	674
L1td1	0	0	0	0	0	0
L2hgdh	911	880	650	785	875	1009
L3hypdh	298	294	191	241	282	303
L3mbtl1	62	65	51	50	61	51
L3mbtl2	1704	1673	1276	1150	1228	1462
L3mbtl3	509	500	353	369	359	406
L3mbtl4	135	137	83	118	98	135
Lacc1	47	49	29	14	18	20
Lace1	737	717	472	543	546	616
Lactb	535	514	360	430	462	545
Lactb2	1265	1278	823	884	981	1161
Lactbl1	3903	3610	2853	2294	2704	2737
Lad1	55	51	29	18	24	33
Lag3	116	105	74	90	94	123
Lage3	419	423	309	293	332	375
Lair1	191	174	137	130	175	160
Lalba	0	1	0	0	3	1
Lama1	413	458	322	290	370	314
Lama2	98	109	91	56	32	36
Lama3	157	121	113	92	128	101
Lama4	136	138	106	70	119	82
Lama5	824	798	611	381	454	442
Lamb1	849	781	583	663	711	670
Lamb2	970	990	711	515	569	619
Lamb3	29	15	13	13	6	13
Lamc1	960	1015	734	427	509	489
Lamc2	35	29	13	11	11	14
Lamc3	129	94	81	86	83	82
Lamp1	8490	8211	6112	5598	5793	6571
Lamp2	4574	4272	3229	2832	3027	3195
Lamp3	146	143	79	53	80	92
Lamp5	1296	1326	815	1020	1083	1343
Lamtor1	1648	1518	1161	1106	1202	1309
Lamtor2	491	513	417	355	398	436
Lamtor3	2208	2054	1544	1386	1507	1669
Lamtor4	1358	1253	989	937	1043	1166
Lamtor5	1872	1788	1352	1231	1400	1514
Lancl1	1313	1248	980	632	739	780
Lancl2	3025	3004	2184	2049	2295	2573
Lancl3	231	224	131	109	113	146
Lao1	0	0	0	0	0	1
Lap3	936	855	632	641	724	792
Laptm4a	5548	5243	3637	3405	3518	3902
Laptm4b	18742	17839	13413	12717	13540	15758
Laptm5	125	113	120	62	43	75
Large	3052	2866	2180	1998	2159	2422
Larp1	3475	3297	2509	2376	2736	2851
Larp1b	324	301	238	276	255	325
Larp4	6252	6035	4200	3895	4461	4694
Larp4b	5526	5215	3888	3557	4047	4308
Larp6	541	516	323	351	403	442
Larp7	1280	1220	907	784	929	1006
Lars	3722	3481	2651	2794	3155	3259
Lars2	581443	383327	523058	737137	474112	378353
Las1l	1767	1842	1469	1519	1850	1777
Lasp1	2354	2200	1647	1510	1646	1820
Lat	45	58	28	33	39	54
Lat2	110	98	68	64	68	86
Lats1	4757	4548	3411	3246	3717	3952
Lats2	2282	2291	1732	1419	1657	1662
Lax1	4	3	1	2	2	4
Layn	28	27	20	28	32	28
Lbh	8247	6957	4957	4213	4697	5280
Lbhd1	30937	28160	21413	21469	23480	25797
Lbp	0	5	0	3	5	1
Lbr	1855	1835	1275	1369	1530	1625
Lbx1	1	3	0	0	0	0
Lbx2	2	2	1	0	2	1
Lca5	7238	6684	5213	4168	4637	4939
Lca5l	77	83	47	70	70	66
Lcat	44	44	31	26	31	27
Lce1a1	0	0	0	0	0	0
Lce1a2	0	0	0	0	1	0
Lce1b	0	0	0	0	0	0
Lce1c	0	0	0	0	0	1
Lce1d	0	0	0	0	0	0
Lce1e	0	0	0	0	0	0
Lce1f	0	0	0	0	0	0
Lce1g	0	0	0	0	0	0
Lce1h	0	0	0	0	0	0
Lce1i	0	0	0	0	0	0
Lce1j	0	0	0	0	0	0
Lce1k	0	0	0	0	0	0
Lce1l	1	0	0	0	1	0
Lce1m	0	0	0	0	0	0
Lce3a	0	2	2	1	2	1
Lce3b	0	0	0	0	0	0
Lce3c	0	0	0	0	0	0
Lce3d	0	0	0	0	0	0
Lce3e	0	0	0	0	0	0
Lce3f	0	0	0	0	0	0
Lce6a	0	0	0	0	1	0
Lck	25	31	21	14	18	17
Lclat1	2070	1886	1445	1272	1523	1658
Lcmt1	1213	1087	850	746	807	975
Lcmt2	1031	992	737	538	626	681
Lcn10	0	0	0	0	0	0
Lcn11	0	0	0	0	0	0
Lcn12	2	3	0	0	0	0
Lcn2	102	95	63	30	46	44
Lcn3	0	0	0	0	0	0
Lcn4	0	0	0	0	0	0
Lcn5	0	0	0	0	0	0
Lcn6	0	0	0	0	0	0
Lcn8	0	0	0	0	0	0
Lcn9	0	0	0	0	1	0
Lcor	1697	1676	1207	1063	1240	1196
Lcorl	2783	2439	1763	2092	2314	2534
Lcp1	67	82	45	24	28	26
Lcp2	12	7	13	5	7	10
Lct	55	50	35	34	33	56
Lctl	9	25	13	9	6	10
Ldah	1071	1055	773	728	815	864
Ldb1	2215	2016	1526	1370	1496	1641
Ldb2	786	840	537	524	547	585
Ldb3	114	74	73	79	80	73
Ldha	40269	37686	27024	23451	25894	31547
Ldhal6b	23	22	11	19	15	14
Ldhb	5942	5599	3867	3651	3968	4433
Ldhc	8	8	3	4	4	3
Ldhd	146	129	104	96	106	115
Ldlr	668	759	549	541	551	575
Ldlrad1	4	2	2	1	5	7
Ldlrad2	0	0	0	1	0	0
Ldlrad3	216	201	141	111	159	132
Ldlrad4	460	507	339	312	407	419
Ldlrap1	162	185	132	110	132	132
Ldoc1	3	6	3	0	2	0
Ldoc1l	2093	2045	1732	1573	1590	1841
Leap2	26	21	15	18	17	20
Lect1	492	475	362	305	333	381
Lect2	2	1	0	0	1	1
Lef1	65	72	48	49	35	56
Lefty1	8	7	5	6	0	7
Lefty2	1	1	0	0	1	1
Lekr1	362	349	247	234	246	240
Lelp1	0	0	0	0	0	0
Lemd1	65	56	49	48	46	53
Lemd2	1379	1439	1158	1043	1136	1172
Lemd3	3869	3326	2413	2510	2821	3055
Lenep	398	380	281	338	322	288
Leng1	727	776	548	467	494	491
Leng8	8235	8191	6583	6504	7859	7022
Leng9	1402	1276	984	978	1197	1119
Leo1	2573	2440	1781	1815	1956	2196
Lep	2	1	0	0	0	0
Lepr	14	23	10	13	7	7
Leprot	916	936	636	609	605	665
Leprotl1	2165	2123	1495	1415	1522	1720
Letm1	2150	2190	1655	1445	1685	1842
Letm2	982	1021	800	674	816	790
Letmd1	896	881	611	608	726	726
Lexm	1	0	0	5	3	2
Lfng	418	425	260	216	235	193
Lgals1	386	343	257	180	213	214
Lgals12	60	54	46	37	61	49
Lgals2	40	43	20	19	23	22
Lgals3	63	65	76	93	115	135
Lgals3bp	326	298	231	111	137	161
Lgals4	296	303	239	242	278	239
Lgals7	2	3	2	0	1	1
Lgals8	1956	1746	1303	1342	1594	1707
Lgals9	58	49	43	25	22	24
Lgalsl	20608	18689	13548	12111	12897	14456
Lgi1	439	393	265	257	314	350
Lgi2	816	920	498	314	326	411
Lgi3	702	642	418	413	444	512
Lgi4	345	337	287	342	381	387
Lgmn	6386	5489	4177	4591	5042	5522
Lgr4	2843	2683	1865	1725	1906	2023
Lgr5	802	740	515	503	592	664
Lgr6	23	11	10	2	3	5
Lgsn	17	68	54	9	13	28
Lhb	129	121	64	80	102	116
Lhcgr	0	1	1	2	2	1
Lhfp	1563	1440	1026	996	1156	1230
Lhfpl1	1	4	2	1	1	0
Lhfpl2	1666	1559	1136	1100	1220	1384
Lhfpl3	3669	3523	2355	2040	2303	2684
Lhfpl4	2810	2856	2133	2268	2736	2778
Lhfpl5	122	103	76	90	87	95
Lhpp	654	699	483	489	511	558
Lhx1	163	154	123	94	110	116
Lhx2	694	677	479	434	458	491
Lhx3	318	278	195	197	183	196
Lhx4	2351	2139	1456	1592	1748	1931
Lhx5	0	0	0	1	0	0
Lhx6	1	5	3	2	3	4
Lhx8	0	0	0	0	0	0
Lhx9	576	535	337	431	451	534
Lias	923	981	599	519	543	589
Lif	26	33	26	12	14	18
Lifr	5996	5627	4577	4265	4957	5188
Lig1	637	640	482	499	579	651
Lig3	1766	1711	1378	1323	1540	1442
Lig4	425	476	295	282	372	341
Lilr4b	2	3	5	1	1	1
Lilra5	2	3	0	0	0	2
Lilra6	0	0	0	1	0	0
Lilrb4a	2	3	3	4	0	1
Lim2	3	8	3	1	3	2
Lima1	3874	3609	2911	2298	2739	2854
Limch1	3757	3542	2654	2772	3119	3237
Limd1	843	928	604	660	795	798
Limd2	449	414	335	299	341	399
Lime1	1529	1610	1215	1091	1255	1307
Limk1	919	864	541	474	509	591
Limk2	4954	5017	3805	3254	3664	3876
Lims1	2402	2295	1778	1636	1878	1931
Lims2	32	40	24	22	24	23
Lin28a	256	209	161	121	151	130
Lin28b	75	82	74	52	59	52
Lin37	451	452	379	389	397	430
Lin52	1804	1707	1247	1229	1388	1516
Lin54	1169	1210	803	781	851	966
Lin7a	8663	7832	5660	5062	5959	6574
Lin7b	331	270	183	179	209	212
Lin7c	10004	9756	6871	6750	7663	8358
Lin9	329	357	218	265	279	336
Lingo1	916	906	591	586	636	722
Lingo2	432	442	312	268	325	290
Lingo3	2287	2087	1608	1609	1801	1939
Lingo4	57	55	43	30	32	38
Lins1	414	420	344	302	332	366
Lipa	889	846	611	447	501	546
Lipc	1	2	2	2	0	2
Lipe	565	517	420	388	434	431
Lipf	0	0	0	0	0	0
Lipg	330	301	224	219	203	312
Liph	33	33	31	32	40	47
Lipi	0	0	0	0	1	0
Lipk	0	0	1	0	0	0
Lipm	1	0	3	0	5	1
Lipn	0	0	0	0	0	0
Lipo1	8	13	2	3	1	1
Lipo2	360	363	267	165	221	236
Lipo3	1239	1195	873	629	794	770
Lipo4	4	3	0	0	1	0
Lipo5	0	0	0	0	0	0
Lipt1	200	165	135	160	145	179
Lipt2	167	128	98	118	149	137
Litaf	94	96	61	101	103	123
Lix1	190	191	130	82	129	118
Lix1l	1830	1732	1249	1261	1326	1402
Lkaaear1	4	1	1	0	0	0
Llgl1	1074	976	812	782	794	847
Llgl2	3448	3235	2601	2457	2719	2927
Llph	1148	1087	800	686	750	835
Lman1	7899	7750	5805	6571	7407	8171
Lman1l	469	472	396	303	416	394
Lman2	3333	3233	2471	2261	2459	2710
Lman2l	1033	960	805	651	719	841
Lmbr1	1763	1700	1198	1114	1196	1435
Lmbr1l	1948	1845	1521	1497	1705	1619
Lmbrd1	5220	4962	3532	3245	3814	4195
Lmbrd2	1259	1146	893	790	927	974
Lmcd1	30	36	31	11	17	12
Lmf1	228	238	190	254	253	297
Lmf2	458	459	351	354	380	451
Lmln	2174	2080	1710	1651	1817	1994
Lmna	566	605	449	338	399	441
Lmnb1	1114	1053	743	789	891	933
Lmnb2	1474	1508	1249	1018	1100	1242
Lmntd1	1	7	0	2	1	1
Lmntd2	48	50	37	25	50	29
Lmo1	715	700	553	585	652	800
Lmo2	203	227	162	309	324	334
Lmo3	32	31	12	26	35	18
Lmo4	1615	1517	1031	1124	1152	1260
Lmo7	178	172	130	111	95	132
Lmod1	349	348	235	41	46	45
Lmod2	0	2	2	2	3	1
Lmod3	2	1	0	3	1	0
Lmtk2	4352	3839	3142	2767	3119	3314
Lmtk3	969	990	719	848	845	868
Lmx1a	0	0	2	0	0	1
Lmx1b	3	7	0	5	1	4
Lnp1	902	752	567	655	725	794
Lnpep	4373	3902	2977	2482	3041	3102
Lnpk1	2493	2468	1776	1696	1985	2143
Lnx1	1611	1505	1097	1037	1172	1347
Lnx2	1167	1169	831	783	953	986
Lonp1	2922	2772	2211	1930	2084	2270
Lonp2	4113	3767	2861	2340	2598	2915
Lonrf1	549	582	450	244	304	351
Lonrf2	4811	4366	3412	3108	3591	3890
Lonrf3	215	191	165	143	169	165
Lor	5	5	5	3	1	4
Lox	12	12	13	6	6	4
Loxhd1	8	12	2	4	5	3
Loxl1	197	191	134	131	103	114
Loxl2	392	379	323	201	202	220
Loxl3	536	566	396	384	400	406
Loxl4	117	101	75	49	63	48
Lpar1	258	236	178	84	107	122
Lpar2	20	19	17	20	31	30
Lpar3	9	12	9	1	5	7
Lpar4	32	16	23	26	21	21
Lpar5	4	9	4	8	5	6
Lpar6	234	226	183	126	191	189
Lpcat1	9465	8709	6911	7252	7848	8973
Lpcat2	1757	1608	1185	1035	1128	1122
Lpcat2b	0	2	2	1	2	1
Lpcat3	573	570	429	346	420	489
Lpcat4	257	248	214	221	250	228
Lpgat1	13279	12673	9148	8064	9290	9888
Lpin1	2266	2128	1629	1290	1449	1697
Lpin2	5208	4631	3589	3292	3648	3991
Lpin3	41	45	32	33	24	28
Lpl	392	391	256	242	251	285
Lpo	2	3	3	3	2	1
Lpp	469	568	396	319	355	333
Lpxn	29	29	16	14	23	15
Lrat	172	374	485	102	370	122
Lrba	14787	13503	10901	10121	11488	12587
Lrch1	594	586	425	343	412	414
Lrch2	688	707	478	490	590	619
Lrch3	4170	3988	3221	2873	3364	3337
Lrch4	1210	1302	925	884	1079	1002
Lrcol1	2	0	0	0	0	0
Lrfn1	347	335	263	252	220	275
Lrfn2	503	535	373	249	332	364
Lrfn3	368	331	230	222	214	243
Lrfn4	421	393	299	290	298	299
Lrfn5	868	880	607	536	591	634
Lrg1	9	7	4	3	2	3
Lrguk	230	235	187	115	189	165
Lrif1	2095	1922	1465	1260	1414	1429
Lrig1	2362	2105	1712	2079	2333	2657
Lrig2	4205	3967	3053	2656	3095	3304
Lrig3	149	190	106	143	116	127
Lrit1	20116	19029	14810	13513	14475	16161
Lrit2	11042	10137	7831	7164	7935	8832
Lrit3	1375	1412	1129	941	1072	1097
Lrmp	25	20	18	26	24	37
Lrp1	4953	4761	3920	2953	3733	3375
Lrp10	1010	987	763	750	876	978
Lrp11	3736	3569	2628	2487	2641	2892
Lrp12	2830	2542	1817	1777	1972	2159
Lrp1b	1212	1331	1041	826	1119	1112
Lrp2	1055	986	770	563	680	702
Lrp2bp	619	619	437	381	471	521
Lrp3	1171	1102	779	945	1014	1177
Lrp4	3351	2981	2639	2852	3193	3156
Lrp5	402	423	304	275	263	304
Lrp6	4812	4511	3488	3333	3877	4088
Lrp8	1659	1587	1160	1000	1213	1161
Lrp8os1	6	4	9	5	10	2
Lrp8os2	76	92	60	64	60	74
Lrp8os3	47	47	30	14	15	25
Lrpap1	5239	4976	3671	3620	3943	4329
Lrpprc	6273	5742	4521	1893	2229	2351
Lrr1	2	3	2	0	3	0
Lrrc1	2460	2202	1736	1521	1720	1903
Lrrc10	8	12	15	9	10	5
Lrrc10b	13	8	7	5	13	9
Lrrc14	1735	1794	1268	1232	1355	1483
Lrrc14b	853	733	673	586	685	758
Lrrc15	0	5	3	1	4	4
Lrrc16a	1543	1451	1091	1039	1195	1343
Lrrc16b	1313	1325	953	1104	1302	1257
Lrrc17	3	5	3	7	6	4
Lrrc18	7	5	6	2	5	2
Lrrc19	90	65	45	53	60	58
Lrrc2	1405	1416	986	702	784	876
Lrrc20	610	513	377	346	380	454
Lrrc23	54	60	48	102	90	107
Lrrc24	1849	1917	1355	1263	1460	1535
Lrrc25	7	2	3	0	1	5
Lrrc26	17	24	21	27	33	19
Lrrc27	442	476	399	641	745	792
Lrrc28	376	355	254	242	318	325
Lrrc29	171	156	116	127	153	139
Lrrc3	98	122	81	97	98	119
Lrrc30	0	0	0	0	0	0
Lrrc31	0	3	1	1	1	1
Lrrc32	21	11	5	5	11	8
Lrrc34	19	21	17	5	15	9
Lrrc36	19	16	21	21	19	25
Lrrc37a	0	1	0	0	1	0
Lrrc38	106	129	92	78	98	88
Lrrc39	357	348	304	330	381	356
Lrrc3b	72	72	62	63	72	80
Lrrc3c	0	0	2	0	3	2
Lrrc4	1350	1212	972	892	888	1012
Lrrc40	2109	1926	1411	1363	1541	1756
Lrrc41	1233	1236	841	856	947	1023
Lrrc42	823	770	544	553	665	687
Lrrc43	0	0	0	0	0	2
Lrrc45	973	1003	743	817	828	900
Lrrc46	124	103	86	100	122	115
Lrrc47	1083	1096	784	832	857	905
Lrrc48	1059	987	850	673	802	883
Lrrc49	3381	2952	2268	2264	2389	2814
Lrrc4b	1405	1327	964	997	1046	1163
Lrrc4c	1624	1635	1113	917	1029	1124
Lrrc51	354	286	227	332	375	397
Lrrc52	1	1	0	0	2	0
Lrrc55	97	103	86	87	84	95
Lrrc56	195	209	152	180	171	166
Lrrc57	1277	1215	858	960	1069	1202
Lrrc58	4349	4308	3011	2959	3244	3364
Lrrc59	3612	3564	2459	2174	2421	2767
Lrrc6	42	43	28	19	18	20
Lrrc61	1107	1141	832	814	886	1097
Lrrc63	3	2	1	1	1	1
Lrrc66	402	355	280	67	80	68
Lrrc69	92	95	79	65	57	89
Lrrc7	168	164	137	101	134	144
Lrrc71	582	561	433	408	497	472
Lrrc72	2	1	1	7	3	0
Lrrc73	323	323	208	220	266	287
Lrrc74a	0	0	0	1	0	1
Lrrc74b	1	1	0	1	1	0
Lrrc75a	208	253	148	203	218	219
Lrrc75aos1	4	1	1	2	1	2
Lrrc75aos2	61	51	38	41	48	53
Lrrc75b	855	804	642	640	707	785
Lrrc8a	2345	2272	1717	1619	1810	1926
Lrrc8b	5871	5457	4064	5500	6169	6754
Lrrc8c	394	393	274	199	226	215
Lrrc8d	898	847	606	592	739	755
Lrrc8dos	64	52	41	51	65	63
Lrrc8e	53	58	37	50	46	54
Lrrc9	88	75	36	36	52	46
Lrrcc1	2479	2408	1788	1878	2215	2261
Lrrd1	18	9	9	10	7	16
Lrrfip1	649	659	505	481	505	497
Lrrfip2	1865	1790	1382	1243	1324	1463
Lrriq1	7	20	4	10	8	16
Lrriq3	72	93	45	43	42	44
Lrriq4	0	0	0	0	0	0
Lrrk1	144	153	114	648	721	814
Lrrk2	665	582	450	443	426	438
Lrrn1	824	818	514	506	569	649
Lrrn2	292	288	188	187	208	245
Lrrn3	3203	2783	2140	2335	2409	2749
Lrrn4	10	8	7	7	2	11
Lrrn4cl	312	268	250	248	287	260
Lrrtm1	328	322	256	202	202	249
Lrrtm2	1089	1094	718	757	855	985
Lrrtm3	486	495	342	346	437	442
Lrrtm4	1009	898	684	596	825	909
Lrsam1	1631	1586	1159	1194	1363	1567
Lrtm1	10722	10411	6870	6985	7984	8761
Lrtm2	1425	1445	1064	971	1148	1181
Lrwd1	1355	1314	1020	965	1036	1189
Lsamp	10806	10226	7584	6534	7109	7661
Lsg1	1432	1488	1074	1049	1165	1199
Lsm1	535	551	407	333	355	375
Lsm10	137	138	110	115	133	101
Lsm11	1557	1565	1185	1219	1459	1459
Lsm12	2148	2090	1476	1469	1532	1802
Lsm14a	4942	4805	3461	3571	4113	4337
Lsm14b	3209	3291	2369	2364	2562	2699
Lsm2	273	316	229	162	217	225
Lsm3	660	595	421	442	505	519
Lsm4	1284	1208	924	757	909	950
Lsm5	500	421	303	313	329	325
Lsm6	1940	1986	1403	1274	1419	1543
Lsm7	997	942	703	694	744	807
Lsm8	948	873	628	630	678	756
Lsmem1	2	3	2	6	2	3
Lsp1	62	69	41	44	53	39
Lsr	488	477	336	469	605	659
Lss	2247	2036	1508	1479	1614	1721
Lst1	5	9	8	12	7	6
Lta	2	3	2	2	2	2
Lta4h	1731	1634	1238	975	1050	1193
Ltb	2	3	1	2	7	3
Ltb4r1	1	2	3	1	1	2
Ltb4r2	2	1	0	4	3	1
Ltbp1	686	641	499	226	201	165
Ltbp2	484	430	410	99	64	27
Ltbp3	1310	1258	1023	928	991	1011
Ltbp4	266	265	213	193	222	224
Ltbr	194	203	149	105	116	136
Ltc4s	9	9	3	4	3	1
Ltf	3	14	5	2	8	8
Ltk	70	48	43	35	38	47
Ltn1	2939	2763	2147	1793	2197	2349
Ltv1	836	861	588	622	693	732
Luc7l	5859	5603	4192	4684	5066	5365
Luc7l2	6659	6782	4695	4508	5167	5354
Luc7l3	15433	15263	11067	11143	13362	13361
Lum	5	24	3	20	4	3
Lurap1	1067	999	814	874	907	1017
Lurap1l	2810	2543	1922	2260	2498	2790
Luzp1	3528	3401	2572	2221	2529	2688
Luzp2	2151	1884	1298	1184	1268	1448
Luzp4	0	0	0	0	0	0
Lvrn	3	6	1	11	12	8
Lxn	71	59	41	35	35	29
Ly6a	211	225	185	120	194	207
Ly6c1	294	263	205	180	228	216
Ly6c2	29	16	29	29	29	26
Ly6d	1	0	0	0	0	1
Ly6e	576	574	460	405	450	499
Ly6f	0	0	0	0	0	0
Ly6g	0	0	0	0	0	0
Ly6g5b	22	26	16	19	15	18
Ly6g5c	0	0	0	0	0	0
Ly6g6c	0	3	0	0	1	1
Ly6g6d	12	17	11	2	3	8
Ly6g6e	11	10	9	3	7	5
Ly6g6f	0	0	1	0	1	0
Ly6h	542	501	360	413	431	515
Ly6i	2	2	0	1	0	2
Ly6k	0	0	0	13	8	11
Ly6l	0	0	0	0	0	0
Ly75	241	225	164	71	101	95
Ly86	55	55	36	36	44	55
Ly9	5	4	5	2	2	2
Ly96	27	17	24	13	10	16
Lyar	3800	3686	2775	2892	3169	3261
Lyg1	0	0	0	0	1	0
Lyg2	0	2	2	1	5	2
Lyl1	16	20	9	13	12	10
Lyn	123	109	93	56	55	50
Lynx1	8096	7472	5601	5045	5358	6082
Lypd1	328	301	201	213	190	226
Lypd2	4	10	31	8	13	18
Lypd3	0	2	2	0	1	1
Lypd4	1	0	0	0	0	1
Lypd5	0	1	0	1	3	2
Lypd6	563	603	425	368	408	519
Lypd6b	251	204	149	125	164	175
Lypd8	0	0	0	0	0	0
Lypla1	5015	4579	3257	2722	2822	3250
Lypla2	1809	1790	1281	1192	1208	1354
Lyplal1	236	200	134	281	336	328
Lyrm1	345	295	266	199	227	256
Lyrm2	688	627	419	464	556	505
Lyrm4	766	642	547	501	527	649
Lyrm5	1613	1582	1194	1084	1237	1408
Lyrm7	264	277	167	198	236	243
Lyrm7os	1	2	0	1	1	0
Lyrm9	1672	1548	1224	1269	1480	1438
Lysmd1	1127	1012	811	722	828	918
Lysmd2	557	488	387	380	387	429
Lysmd3	1998	1829	1395	1211	1305	1440
Lysmd4	1097	1090	824	806	891	929
Lyst	6327	5643	4649	3900	4714	4797
Lyve1	536	464	325	357	454	487
Lyz1	6	7	5	4	1	8
Lyz2	112	130	89	30	20	33
Lyzl1	0	0	0	2	0	0
Lyzl4	1	3	2	1	1	0
Lyzl4os	0	0	0	0	0	0
Lyzl6	0	1	0	0	0	0
Lzic	730	739	535	474	488	554
Lztfl1	3751	3456	2600	2385	2867	3025
Lztr1	2477	2354	1853	1652	1947	1983
Lzts1	209	205	136	121	120	166
Lzts2	1145	1101	850	825	932	963
Lzts3	910	904	736	687	779	798
M1ap	1	5	2	2	3	2
M6pr	5491	5045	3826	3598	3956	4477
Maats1	8	12	3	3	3	5
Maats1os	1	2	0	0	0	2
Mab21l1	10347	9316	7536	5868	6542	7150
Mab21l2	1597	1549	1130	1011	1027	1132
Mab21l3	18	21	4	5	3	7
Macc1	2	2	0	0	0	1
Macf1	40211	35529	30216	21466	27178	26359
Macrod1	340	336	261	227	278	302
Macrod2	1406	1311	954	834	956	1042
Macrod2os1	33	45	40	22	38	16
Macrod2os2	48	49	39	22	53	22
Mad1l1	1360	1325	1049	1011	1079	1210
Mad2l1	1148	1164	757	822	885	988
Mad2l1bp	359	296	232	218	216	215
Mad2l2	197	203	158	176	182	214
Madcam1	1	4	1	1	4	1
Madd	13408	12824	10463	11284	12739	12779
Maea	1927	1887	1377	1331	1382	1478
Mael	1	0	1	16	7	8
Maf	613	637	425	470	501	532
Maf1	4216	3966	3018	3067	3189	3654
Mafa	11	6	11	7	10	12
Mafb	406	433	267	230	258	285
Maff	39	47	39	22	21	20
Mafg	2195	2137	1595	1551	1757	1768
Mafk	396	404	286	264	252	271
Mag	9	6	6	94	90	78
Magea1	0	0	0	0	0	0
Magea10	0	0	0	0	1	0
Magea2	0	0	0	0	0	0
Magea3	0	0	0	0	0	0
Magea4	0	0	0	0	0	0
Magea5	0	0	0	0	0	0
Magea6	0	0	0	0	0	0
Magea7-ps-001	0	0	0	0	0	0
Magea8	0	0	0	0	0	0
Mageb1	0	1	0	3	2	2
Mageb10-ps-001	0	0	0	0	0	0
Mageb16	4	5	4	1	3	1
Mageb17-ps-001	0	0	0	0	0	0
Mageb18	0	0	0	0	0	0
Mageb2	0	1	0	2	2	0
Mageb3	11	9	12	9	6	5
Mageb4	0	0	0	0	0	0
Mageb5	0	0	0	0	0	0
Mageb6-ps-001	0	0	0	0	0	0
Mageb7-ps-001	0	0	0	2	1	3
Mageb8-ps-001	0	0	0	0	0	0
Maged1	13049	12128	9195	8547	9061	9945
Maged2	2090	1894	1364	1372	1478	1640
Magee1	3692	3210	2357	2461	2537	2891
Magee2	154	153	100	97	92	124
Mageh1	1746	1704	1135	1170	1274	1437
Magel2	16	23	29	14	19	26
Magi1	3649	3467	2544	2320	2656	2760
Magi2	1925	1711	1368	1123	1333	1342
Magi3	4662	4292	3358	2892	3266	3554
Magix	6	6	6	5	7	6
Magoh	1340	1269	968	939	975	1085
Magohb	377	398	287	467	575	559
Magt1	810	730	621	535	555	699
Majin	11	5	4	3	2	10
Mak	6466	6284	4856	4556	5235	5312
Mak16	1772	1753	1251	998	1198	1266
Mal	163	235	250	134	183	212
Mal2	295	285	225	227	274	330
Mall	5	14	8	3	6	4
Malrd1	15	7	12	16	16	19
Malsu1	678	667	524	472	530	600
Malt1	924	882	714	775	896	853
Mamdc2	169	177	145	160	133	189
Mamdc4	454	437	403	352	393	369
Maml1	763	751	580	516	574	552
Maml2	439	469	332	247	302	317
Maml3	576	559	416	445	539	539
Mamld1	1002	1035	889	717	823	846
Mamstr	177	171	125	121	132	124
Man1a	815	802	548	541	588	593
Man1a2	5856	5671	4072	4650	4894	5558
Man1b1	3943	3663	2714	2847	2957	3334
Man1c1	1201	1076	826	718	782	860
Man2a1	443	432	330	330	371	391
Man2a2	21068	19906	15767	16636	18368	19048
Man2b1	1454	1391	1051	711	705	847
Man2b2	563	549	409	326	395	436
Man2c1	2136	1992	1661	1667	1948	1955
Man2c1os	553	483	404	384	417	454
Manba	235	262	182	121	138	152
Manbal	558	548	476	351	366	445
Manea	1428	1303	887	855	1017	1177
Maneal	2751	2649	2110	1751	1876	2125
Manf	1893	1812	1290	1194	1251	1496
Mansc1	57	51	33	28	43	31
Mansc4	6	8	8	8	14	7
Maoa	935	908	605	555	650	685
Maob	95	97	50	24	23	19
Map10	1906	1718	1446	1349	1337	1676
Map1a	4792	4766	3360	2509	3040	2884
Map1b	28227	27501	21584	14806	19317	18182
Map1lc3a	2205	2086	1608	1506	1433	1659
Map1lc3b	5035	4817	3687	3174	3536	3869
Map1s	1128	1044	823	719	734	858
Map2	32902	30471	23608	25724	28783	31182
Map2k1	4622	4266	3216	3058	3339	4093
Map2k2	1623	1658	1176	1246	1315	1410
Map2k3	274	366	270	215	275	256
Map2k3os	92	95	55	80	70	68
Map2k4	2433	2345	1754	1696	1797	2008
Map2k5	779	786	573	521	637	690
Map2k6	570	536	446	380	419	481
Map2k7	4193	4234	3301	3148	3592	3631
Map3k1	3697	3505	2634	2625	3048	3353
Map3k10	1607	1555	1185	1153	1257	1341
Map3k11	713	785	500	474	610	584
Map3k12	6212	6043	4405	3697	4231	4392
Map3k13	1561	1341	1129	874	1056	1106
Map3k14	623	641	496	452	498	523
Map3k15	1586	1431	1003	1079	1125	1275
Map3k19	3	0	1	4	2	0
Map3k2	4412	4127	3091	2936	3479	3535
Map3k3	1484	1436	1114	1065	1168	1276
Map3k4	3695	3272	2809	2147	2432	2530
Map3k5	913	870	651	621	589	703
Map3k6	25	22	18	5	7	8
Map3k7	2819	2628	2022	1952	2088	2215
Map3k7cl	6	9	6	5	2	1
Map3k8	65	75	38	46	49	67
Map3k9	933	913	680	466	557	601
Map4	30216	28095	20645	19220	20918	22995
Map4k1	38	29	26	35	31	26
Map4k2	3003	2874	2294	1968	2231	2230
Map4k3	8151	7484	5886	5771	6714	7031
Map4k4	3144	3050	2239	2183	2463	2505
Map4k5	2517	2560	1781	2259	2550	2733
Map6	3984	3648	2709	2714	2919	3393
Map6d1	179	184	135	135	168	180
Map7	10049	9420	6961	6628	7614	7917
Map7d1	1943	1967	1428	1546	1621	1861
Map7d2	1527	1534	1043	940	1083	1081
Map9	2744	2566	1862	1820	2049	2158
Mapk1	7302	6361	4922	4509	4955	5458
Mapk10	3795	3893	2564	2397	2667	2828
Mapk11	514	436	300	342	420	419
Mapk12	408	329	314	322	364	418
Mapk13	13	16	8	6	5	10
Mapk14	2573	2353	1823	1671	1886	2189
Mapk15	70	56	38	67	82	85
Mapk1ip1	913	826	740	628	777	717
Mapk1ip1l	1335	1442	1106	952	1084	1188
Mapk3	943	836	671	598	607	706
Mapk4	734	664	527	241	296	350
Mapk6	3383	3500	2332	2415	2846	3031
Mapk7	271	241	193	201	210	195
Mapk8	5191	4598	3531	3421	3888	4278
Mapk8ip1	3867	3620	2605	2561	2708	3121
Mapk8ip2	7325	6717	5004	4795	4962	5812
Mapk8ip3	5181	5135	3852	3703	4147	4461
Mapk9	5030	4551	3341	3078	3475	3903
Mapkap1	2060	2154	1674	1479	1696	1844
Mapkapk2	1610	1633	1225	1177	1206	1362
Mapkapk3	30	22	13	16	25	26
Mapkapk5	2276	2155	1644	1556	1750	1813
Mapkbp1	2243	2042	1740	1891	2231	2288
Mapre1	3524	3284	2409	2393	2605	2859
Mapre2	6392	6216	4682	4257	4610	5076
Mapre3	2991	2896	2257	2292	2504	2634
Mapt	7357	6735	5083	4070	4420	5046
1-Mar	66	46	46	47	40	35
2-Mar	954	895	644	664	696	779
1-Mar	8689	8309	6446	7443	8487	9007
10-Mar	8	9	5	2	6	7
11-Mar	52	46	48	45	52	51
2-Mar	2360	2203	1653	1493	1737	1841
3-Mar	197	152	131	135	159	164
4-Mar	518	575	395	381	511	475
5-Mar	2663	2602	2017	1745	1867	2080
6-Mar	6491	6143	4718	4418	4957	5303
7-Mar	5616	4574	3428	3538	4144	4687
8-Mar	3462	3268	2492	2370	2513	2852
9-Mar	1017	917	750	683	716	750
Marcks	6530	6370	3849	4258	4661	5277
Marcksl1	598	640	415	477	501	577
Marco	2	0	0	0	0	0
Marf1	7368	6815	5277	4661	5241	5477
Mark1	1007	1085	714	685	713	843
Mark2	2017	1927	1476	1406	1515	1595
Mark3	4463	4190	3192	2897	3311	3549
Mark4	1808	1720	1313	1340	1456	1546
Mars	3127	2892	2283	1907	2135	2389
Mars2	1964	1812	1349	1252	1508	1400
Marveld1	234	183	145	181	179	173
Marveld2	98	80	62	39	30	41
Marveld3	250	296	198	129	150	163
Mas1	9	8	3	3	1	5
Masp1	4	2	1	6	5	2
Masp2	1495	1463	1094	1084	1424	1342
Mast1	1741	1612	1391	1310	1494	1578
Mast2	4953	4742	3821	2968	3547	3465
Mast3	596	543	455	416	462	492
Mast4	666	668	543	452	516	555
Mastl	117	140	105	98	112	133
Mat1a	1	4	1	0	2	1
Mat2a	16513	16049	11598	7959	8696	9260
Mat2b	2556	2475	1759	1696	1960	2191
Matk	710	671	516	540	635	651
Matn1	0	0	0	1	1	2
Matn2	364	356	253	160	129	95
Matn3	2	9	5	16	0	0
Matn4	0	3	8	5	6	6
Matr3	33694	30379	21756	22030	24515	27572
Mau2	5730	5332	4294	4028	4533	4778
Mavs	699	644	543	577	578	609
Max	2593	2559	2011	1841	1985	2232
Maz	2747	2601	1926	1943	2103	2301
Mb	27	31	24	20	38	23
Mb21d1	10	12	8	8	6	6
Mb21d2	681	679	514	432	513	610
Mbd1	1565	1554	1132	1100	1183	1275
Mbd2	2474	2262	1612	1456	1580	1747
Mbd3	688	783	549	479	510	534
Mbd3l1	1	0	0	0	0	1
Mbd3l2	8	5	4	3	3	6
Mbd4	669	600	494	492	555	583
Mbd5	2368	2430	1921	1650	1934	1888
Mbd6	565	634	513	476	550	499
Mbip	994	847	661	688	837	844
Mbl1	0	0	0	0	0	0
Mbl2	0	0	0	6	9	5
Mblac1	176	175	130	138	185	183
Mblac2	1080	983	684	698	757	822
Mbnl1	12822	11975	8834	8188	8821	9543
Mbnl2	13369	12699	9202	7999	8872	9558
Mbnl3	15	12	9	4	7	2
Mboat1	243	257	173	159	186	216
Mboat2	1157	1094	807	538	586	719
Mboat4	5	13	4	12	9	18
Mboat7	1376	1221	959	985	1039	1201
Mbp	1504	1405	1000	1230	1247	1187
Mbtd1	2113	2176	1508	1273	1514	1642
Mbtps1	3908	4033	2982	2991	3264	3551
Mbtps2	1123	1069	768	678	836	849
Mc1r	155	156	93	326	334	377
Mc2r	1	0	1	0	1	0
Mc3r	11	10	8	11	12	17
Mc4r	53	38	28	39	49	50
Mc5r	0	4	1	0	0	1
Mcam	231	207	183	110	120	135
Mcat	569	500	369	302	368	393
Mcc	1398	1350	988	824	941	1000
Mccc1	473	606	409	401	478	475
Mccc1os	72	79	67	56	64	61
Mccc2	738	649	542	545	579	617
Mcee	524	495	332	281	280	351
Mcemp1	27	30	16	20	21	22
Mcf2	243	204	148	138	123	167
Mcf2l	9866	9345	7366	6605	7035	7931
Mcfd2	3791	3609	2688	2286	2541	2856
Mchr1	51	46	43	24	24	22
Mcidas	1	7	1	1	7	1
Mcl1	4365	4275	3100	2935	3080	3263
Mcm10	130	114	92	62	65	68
Mcm2	442	430	346	234	286	317
Mcm3	137	133	118	86	101	125
Mcm3ap	2509	2381	1872	1726	1944	2000
Mcm4	745	678	535	472	570	680
Mcm5	225	219	161	143	129	193
Mcm6	294	294	250	55	64	64
Mcm7	1115	1061	834	765	837	886
Mcm8	706	726	541	480	554	684
Mcm9	749	801	528	521	549	669
Mcmbp	1547	1454	1160	1040	1128	1262
Mcmdc2	332	310	214	220	242	238
Mcoln1	1466	1423	1090	1013	1121	1211
Mcoln2	0	0	0	0	2	0
Mcoln3	2	12	2	4	0	0
Mcph1	379	363	249	236	286	309
Mcpt1	0	0	0	0	0	0
Mcpt2	0	0	0	0	0	1
Mcpt4	0	0	0	0	0	0
Mcpt8	0	0	0	0	0	0
Mcpt9	0	0	0	0	0	0
Mcrs1	2973	2769	2120	1957	2155	2363
Mctp1	207	162	126	417	436	492
Mctp2	16	29	23	20	20	45
Mcts1	1164	1096	779	713	854	886
Mcts2	540	498	383	353	393	418
Mcu	1683	1645	1112	1129	1325	1435
Mcur1	585	528	370	364	402	434
Mdc1	1497	1470	1204	996	1173	1172
Mdfi	5	2	4	3	5	1
Mdfic	286	305	184	116	128	128
Mdga1	1510	1392	1105	1352	1388	1500
Mdga2	2209	2225	1638	1250	1591	1513
Mdh1	17005	15858	12115	11438	12278	13927
Mdh1b	30	18	22	12	17	11
Mdh2	4654	4558	3406	3184	3277	3757
Mdk	117	110	78	67	83	63
Mdm1	6837	6078	4706	4134	4911	5087
Mdm2	3080	3097	2213	2434	2644	2889
Mdm4	4392	4056	3374	3118	3770	3545
Mdn1	5110	4800	3949	3072	4159	3864
Mdp1	1690	1590	1238	1103	1349	1372
Me1	4996	4801	3445	2692	2840	3256
Me2	2209	2091	1584	1220	1389	1498
Me3	338	355	281	297	324	336
Mea1	1880	1834	1387	1259	1333	1479
Meaf6	2221	2201	1550	1643	1844	2005
Mecom	173	136	101	67	43	39
Mecomos	3	4	3	1	0	0
Mecp2	9316	8140	6465	5666	6584	6589
Mecr	786	824	645	434	535	547
Med1	3045	3189	2314	2215	2586	2614
Med10	681	725	502	558	526	636
Med11	409	406	310	266	309	322
Med12	2005	1865	1580	1403	1682	1616
Med12l	2376	2335	1713	1328	1599	1723
Med13	15851	14227	11426	9639	11725	11849
Med13l	7776	7688	5849	4269	4917	5286
Med14	2598	2465	1922	1693	2133	2063
Med15	950	914	720	660	707	756
Med16	2061	2060	1727	1605	1689	1897
Med17	830	922	631	617	717	751
Med18	141	134	85	73	95	86
Med19	2804	2579	1939	1719	1858	2116
Med20	1348	1279	1052	996	989	1121
Med21	694	565	438	489	497	556
Med22	2076	1966	1428	1479	1427	1748
Med23	2666	2569	1924	1707	2169	2118
Med24	3572	3338	2591	2556	2940	3044
Med25	1608	1550	1189	1075	1064	1174
Med26	438	477	375	329	334	348
Med27	602	623	489	406	481	474
Med28	1980	2028	1438	1395	1535	1769
Med29	370	328	281	273	271	334
Med30	692	620	449	486	513	606
Med31	791	835	596	506	552	634
Med4	1437	1467	1101	1054	1084	1223
Med6	1509	1498	1210	1196	1313	1466
Med7	851	863	604	623	675	740
Med8	928	963	759	543	628	661
Med9	1164	1174	832	776	827	925
Med9os	156	155	132	118	133	123
Medag	727	715	482	508	586	629
Mef2a	5785	5494	3798	3476	4051	4504
Mef2b	35	29	24	66	81	79
Mef2c	11242	10724	7929	6518	7496	7823
Mef2d	6410	6358	4872	4253	4839	5072
Mefv	0	0	1	0	0	0
Megf10	1393	1242	1027	842	989	994
Megf11	1609	1494	1234	966	1025	1141
Megf6	79	81	82	33	36	34
Megf8	5334	4781	4150	3677	4120	4118
Megf9	4676	4608	3270	3061	3461	3780
Mei1	27	31	16	22	27	28
Mei4	75	77	46	53	46	53
Meig1	193	189	175	150	167	178
Meikin	0	1	0	0	1	0
Meiob	3	0	2	3	4	7
Meioc	63	58	37	43	40	45
Meis1	4900	4460	3384	2928	3332	3409
Meis2	4931	4793	3385	3232	3534	3797
Meis3	562	578	439	407	470	488
Melk	4	9	6	2	4	3
Memo1	4103	4131	2990	2403	2642	2807
Men1	1696	1655	1295	1255	1318	1417
Meox1	13	21	10	34	30	35
Meox2	1	0	0	0	1	0
Mep1a	1	1	0	2	2	1
Mep1b	2	1	1	3	1	2
Mepce	1165	1144	827	829	907	948
Mepe	0	0	0	0	0	0
Mertk	403	359	303	346	390	428
Mesdc1	763	730	555	465	477	524
Mesdc2	2094	1964	1414	1379	1479	1735
Mesp1	0	1	0	0	0	0
Mesp2	7	4	3	9	8	6
Mest	2972	2847	2175	2763	3059	3285
Met	330	407	289	403	441	425
Metap1	1987	1830	1414	1384	1601	1672
Metap1d	1048	986	771	671	861	865
Metap2	3297	3231	2392	2596	2851	3106
Methig1	1	3	1	2	2	0
Metrn	651	583	465	468	502	548
Metrnl	27	34	26	12	29	21
Mettl1	294	275	169	208	256	237
Mettl10	1256	1136	820	761	888	982
Mettl11b	0	0	0	0	0	0
Mettl13	593	572	411	320	381	399
Mettl14	908	980	669	793	940	949
Mettl15	325	317	240	214	235	252
Mettl16	2772	2703	2076	1916	2211	2452
Mettl17	919	945	752	744	860	944
Mettl18	340	286	185	245	238	276
Mettl2	467	456	351	344	408	405
Mettl20	105	150	88	85	110	113
Mettl21a	527	534	369	341	416	423
Mettl21b	5	5	5	2	5	3
Mettl21c	8	21	7	12	13	16
Mettl21e	0	0	0	0	0	0
Mettl22	408	362	274	319	301	351
Mettl23	923	916	625	610	703	739
Mettl24	1	0	3	5	0	2
Mettl25	1289	1155	924	802	832	975
Mettl26	646	578	479	471	541	572
Mettl3	2258	2085	1657	1539	1603	1798
Mettl4	896	894	664	596	704	749
Mettl4-ps1	0	9	4	1	2	0
Mettl5	2480	2416	1693	1564	1771	1895
Mettl5os	11	10	12	12	10	15
Mettl6	1303	1369	999	915	1006	1110
Mettl7a1	684	637	498	425	470	469
Mettl7a2	2	3	4	7	7	2
Mettl7a3	3	3	1	2	0	0
Mettl7b	0	1	0	2	1	2
Mettl8	350	349	260	227	280	327
Mettl9	2962	2927	2059	1866	1906	2325
Mex3a	367	358	257	279	308	308
Mex3b	1216	1216	924	607	622	687
Mex3c	2328	2344	1617	1715	1795	1947
Mex3d	1092	1030	697	768	786	903
Mfap1a	11375	11078	7789	8565	10132	10908
Mfap1b	7699	7528	5380	5341	6286	6738
Mfap2	567	545	424	316	393	339
Mfap3	2651	2461	1919	1632	1767	1973
Mfap3l	4155	4050	2752	2901	3242	3549
Mfap4	199	215	191	119	47	52
Mfap5	6	10	8	12	4	7
Mff	5373	5070	3695	3346	3764	4088
Mfge8	10690	9964	7514	6423	6742	7780
Mfhas1	2920	2946	2276	1633	1825	2018
Mfi2	19	13	14	16	26	17
Mfn1	2531	2506	1847	1151	1438	1501
Mfn2	7580	7573	5611	4676	5190	5536
Mfng	198	203	138	174	188	234
Mfrp	305	467	326	169	223	121
Mfsd1	1267	1326	1019	984	967	1212
Mfsd10	485	437	331	325	402	408
Mfsd11	662	696	497	492	569	578
Mfsd12	1474	1483	1084	1049	1135	1281
Mfsd13a	199	202	134	161	161	188
Mfsd13b	28	28	30	16	26	25
Mfsd14a	2524	2499	1724	1843	2061	2215
Mfsd14b	3476	3360	2362	2178	2439	2794
Mfsd2a	97	98	61	61	70	63
Mfsd2b	203	189	174	126	157	117
Mfsd3	161	175	103	158	129	145
Mfsd4a	1312	1239	942	909	1027	1167
Mfsd4b1	23	37	22	18	30	40
Mfsd4b2	3	3	1	4	0	3
Mfsd4b3	7	2	1	2	2	3
Mfsd4b4	500	459	355	311	343	350
Mfsd4b5	10	3	3	6	3	3
Mfsd5	364	351	245	243	260	298
Mfsd6	4186	3815	2938	2339	2682	2945
Mfsd6l	0	0	0	0	0	0
Mfsd7a	6	6	3	5	1	3
Mfsd7b	1341	1384	986	1062	1181	1151
Mfsd7c	105	165	100	62	94	73
Mfsd8	1316	1263	888	894	998	1170
Mfsd9	189	154	117	108	117	156
Mga	11551	10327	8061	7071	8490	8685
Mgam	2	5	2	2	1	3
Mgam2-ps-001	0	0	0	0	0	1
Mgarp	46437	41710	30042	30558	33092	38432
Mgat1	6104	5608	4437	4347	4729	5226
Mgat2	1342	1255	894	858	957	1125
Mgat3	2460	2303	1667	1560	1657	1901
Mgat4a	998	1077	784	660	766	794
Mgat4b	303	306	248	220	245	211
Mgat4c	979	922	588	538	679	663
Mgat4d	0	1	0	1	0	0
Mgat4e	5	3	6	0	1	1
Mgat5	5269	5124	3852	3702	3993	4445
Mgat5b	498	477	369	342	377	465
Mgea5	9463	8982	6907	6159	7392	7725
Mgl2	33	50	31	2	2	1
Mgll	3734	3576	2381	2788	2892	3192
Mgme1	317	370	281	225	243	256
Mgmt	49	41	24	18	27	22
Mgp	148	138	107	95	102	100
Mgrn1	3295	3151	2300	2169	2510	2645
Mgst1	290	344	187	96	67	64
Mgst2	0	5	1	3	3	4
Mgst3	629	592	387	383	401	487
Mhrt	0	5	0	6	5	3
Mia	9	7	12	5	5	2
Mia2	44	38	26	46	87	79
Mia3	4670	4140	3396	3032	3499	3600
Mib1	7270	7421	5286	4772	5562	5746
Mib2	2610	2471	1920	1973	2170	2208
Mical1	98	119	90	83	103	107
Mical2	387	396	288	247	286	276
Mical3	1230	1166	895	826	973	958
Micalcl	28	20	21	14	19	21
Micall1	1286	1290	960	1117	1293	1366
Micall2	68	89	67	51	78	77
Micu1	4000	3887	2782	2526	2802	3232
Micu2	916	914	660	651	782	772
Micu3	4565	4261	2810	2377	2760	3044
Mid1	1285	1241	885	804	1127	2879
Mid1ip1	2531	2387	1671	1558	1660	1963
Mid2	948	889	694	612	689	775
Midn	967	940	652	607	675	638
Mief1	1292	1325	1015	768	871	881
Mief2	656	654	459	455	495	529
Mien1	1153	1168	800	927	945	1060
Mier1	3428	3442	2578	2548	2738	2919
Mier2	2059	1970	1534	1760	1833	2145
Mier3	3409	3299	2414	2623	2930	3177
Mif	4510	4344	3108	3229	3645	4346
Mif4gd	1545	1558	1162	1231	1302	1375
Miip	776	674	548	307	402	371
Mill1	0	0	0	0	0	0
Mill2	15	13	9	7	12	17
Milr1	664	614	434	378	395	422
Mina	1195	1231	969	807	969	928
Mink1	2590	2607	1955	1981	2276	2339
Minos1	1773	1742	1213	1012	1190	1309
Minpp1	1811	1758	1273	1244	1207	1451
Mios	1553	1409	1047	996	1179	1217
Miox	0	0	1	1	0	0
Mip	24	39	27	17	16	38
Mipep	1095	1047	790	740	761	850
Mipepos	1	0	0	1	0	3
Mipol1	458	432	285	305	297	393
Mir133a-1hg	18	18	11	15	18	16
Mir1839	26	31	28	19	30	21
Mis12	1323	1366	1028	1095	1244	1342
Mis18a	57	58	39	33	40	44
Mis18bp1	51	53	37	50	52	41
Misp	20	26	33	14	26	26
Mitd1	464	418	315	285	313	332
Mitf	358	376	255	308	325	351
Mixl1	1	1	0	0	1	1
Mki67	6	3	3	7	5	7
Mkks	1834	2016	1431	1349	1415	1588
Mkl1	494	560	407	307	389	366
Mkl2	987	953	765	587	752	724
Mkln1	9316	8421	6504	6062	6694	7480
Mknk1	993	1039	729	718	809	823
Mknk2	1168	1113	900	880	963	983
Mkrn1	5899	5800	4340	4198	4551	4963
Mkrn2	4133	4070	3095	2822	3102	3268
Mkrn2os	110	107	78	61	60	62
Mkrn3	492	437	317	352	385	445
Mks1	541	524	416	358	419	403
Mkx	310	291	168	172	191	188
Mlana	37	98	22	76	9	8
Mlc1	3805	3489	2561	1946	1956	2446
Mlec	3058	3172	2451	2079	2240	2363
Mlf1	290	283	228	294	325	357
Mlf2	7547	7424	5615	5404	5629	6274
Mlh1	1153	1089	807	728	915	974
Mlh3	2167	2081	1628	1460	1810	1827
Mlip	12	11	15	17	14	20
Mlkl	5	7	3	4	4	6
Mllt1	1597	1511	1227	1136	1120	1237
Mllt10	4732	4233	3257	3200	3507	3850
Mllt11	1986	1881	1352	1683	1801	1966
Mllt3	1683	1784	1286	1182	1337	1518
Mllt4	4475	4338	3271	2861	3361	3403
Mllt6	20460	19127	14790	15007	16553	17474
Mlnr-ps-001	0	1	0	0	0	0
Mlph	9	20	9	14	6	13
Mlst8	2162	1986	1514	1533	1762	1854
Mlx	1065	1063	773	705	752	744
Mlxip	341	322	247	194	252	224
Mlxipl	7	7	4	5	2	5
Mlycd	734	753	514	1119	1303	1313
Mmaa	1040	971	793	691	808	801
Mmab	1043	947	743	710	789	889
Mmachc	986	988	701	726	801	856
Mmadhc	1301	1330	897	897	954	1037
Mmd	5726	5503	3756	3903	4501	5021
Mmd2	3006	2720	2051	1853	2023	2211
Mme	119	127	82	73	64	62
Mmel1	252	220	180	139	150	188
Mmgt1	3115	2968	2089	1799	1960	2315
Mmgt2	578	538	402	439	483	518
Mmp10	0	0	0	0	0	0
Mmp11	100	124	77	94	84	105
Mmp12	7	18	5	4	5	8
Mmp13	1	2	5	2	3	2
Mmp14	451	456	289	362	344	429
Mmp15	505	505	415	365	375	437
Mmp16	651	557	438	393	440	450
Mmp17	545	473	410	491	499	508
Mmp19	163	143	117	120	156	136
Mmp1a	0	0	0	0	0	0
Mmp1b	0	0	0	0	0	0
Mmp2	398	390	311	236	279	330
Mmp20	0	0	0	0	0	0
Mmp21	17	17	13	11	19	11
Mmp23	53	30	40	24	21	33
Mmp24	1747	1692	1223	1213	1281	1449
Mmp25	1	0	0	0	1	1
Mmp27	0	0	0	0	0	0
Mmp28	87	90	75	128	139	150
Mmp3	0	0	1	0	1	1
Mmp7	0	0	0	0	0	0
Mmp8	0	0	0	0	0	0
Mmp9	501	474	353	170	196	224
Mmrn1	2	0	1	0	0	1
Mmrn2	109	121	109	97	118	116
Mms19	3354	3295	2433	2369	2702	2854
Mms22l	55	50	44	28	27	31
Mn1	487	426	316	337	353	378
Mnat1	1608	1521	1017	1040	1202	1294
Mnd1	15	19	9	66	212	133
Mnda	19	19	13	1	1	6
Mndal	43	25	34	7	0	4
Mns1	1330	1330	999	542	591	614
Mnt	873	853	612	639	611	649
Mnx1	0	0	0	0	0	0
Moap1	1252	1056	853	736	812	923
Mob1a	2745	2718	2045	1883	2054	2211
Mob1b	2336	2181	1600	1403	1674	1801
Mob2	1180	1102	919	901	981	1119
Mob3a	396	399	317	278	288	313
Mob3b	390	404	294	187	203	236
Mob3c	287	273	186	123	128	145
Mob4	3372	2997	2283	2113	2362	2582
Mobp	0	0	1	39	26	0
Mocos	56	63	40	39	38	25
Mocs1	311	263	186	196	209	234
Mocs2	2783	2593	2003	1954	2193	2395
Mocs3	404	368	264	284	282	290
Mog	29	32	28	43	34	37
Mogat1	194	245	172	159	195	191
Mogat2	0	0	2	3	14	1
Mogs	1094	1060	840	796	863	1028
Mok	819	794	673	711	899	897
Mon1a	501	487	428	386	392	445
Mon1b	1579	1546	1262	1071	1197	1344
Mon2	3693	3478	2639	2435	2686	2887
Morc1	0	0	0	0	0	0
Morc2a	2921	2692	2012	1968	2341	2349
Morc2b	65	74	41	5	18	12
Morc3	3763	3716	2757	2385	2626	2921
Morc4	121	103	77	68	85	107
Morf4l1	2176	2217	1391	1197	1328	1404
Morf4l2	6009	5808	4254	3990	4232	4669
Morn1	488	477	418	334	383	419
Morn2	349	345	295	294	336	323
Morn3	4	4	4	5	5	5
Morn4	582	584	399	417	437	547
Morn5	14	24	8	8	15	12
Mos	2	5	6	1	4	3
Mospd1	647	657	454	448	514	576
Mospd2	728	675	487	556	589	651
Mospd3	81	69	39	37	62	48
Mov10	87	72	83	38	70	66
Mov10l1	6	11	7	2	5	4
Moxd1	373	353	280	195	217	260
Moxd2	0	0	0	0	0	1
Mpc1	2408	2250	1613	1391	1600	1720
Mpc2	2417	2349	1735	1309	1373	1641
Mpdu1	2374	2281	1693	1585	1626	1832
Mpdz	8927	8024	6671	4942	5436	5655
Mpeg1	156	146	96	75	64	92
Mpg	255	247	199	226	248	300
Mphosph10	1417	1464	994	1195	1199	1411
Mphosph6	630	617	501	482	554	602
Mphosph8	1904	1859	1353	1291	1506	1598
Mphosph9	2097	1938	1688	1429	1553	1643
Mpi	1239	1176	984	890	988	1013
Mpl	0	2	1	0	0	1
Mplkip	660	672	505	451	597	626
Mpnd	1333	1268	915	1008	1147	1332
Mpo	0	0	1	0	0	0
Mpp1	961	907	584	617	731	803
Mpp2	2473	2283	1716	1720	1981	2145
Mpp3	875	879	642	717	785	947
Mpp4	15868	15129	12158	11650	13049	13538
Mpp5	4932	4598	3427	3203	3577	3929
Mpp6	2483	2262	1640	1250	1348	1543
Mpp7	1768	1892	1194	1297	1476	1580
Mppe1	317	285	204	272	319	345
Mpped1	14	23	15	15	25	16
Mpped2	813	801	592	526	588	595
Mprip	12190	11429	8767	7753	8696	9365
Mpst	115	139	71	96	101	115
Mptx1	0	0	0	0	0	0
Mptx2	2	1	0	2	0	3
Mpv17	1693	1552	1164	1091	1207	1342
Mpv17l	1033	966	720	606	774	738
Mpv17l2	165	140	112	109	126	124
Mpz	2	6	3	9	10	12
Mpzl1	238	279	175	182	207	204
Mpzl2	23	23	41	10	5	9
Mpzl3	115	124	91	81	100	97
Mr1	146	188	127	87	95	119
Mrap	1	3	1	3	2	2
Mrap2	101	126	100	115	126	159
Mras	1727	1635	1259	1101	1223	1279
Mrc1	71	59	42	27	12	4
Mrc2	103	120	85	49	36	26
Mre11a	1908	1662	1300	1152	1429	1465
Mreg	2948	2639	1901	2161	2367	2715
Mrfap1	13188	13018	8743	9535	10197	11686
Mrgbp	1386	1291	932	1042	1179	1260
Mrgpra1	0	0	0	0	0	0
Mrgpra14-001	0	0	0	0	0	0
Mrgpra18-ps-001	0	0	0	0	0	0
Mrgpra2a	0	0	0	0	0	0
Mrgpra2b	0	0	0	0	0	0
Mrgpra3	0	0	0	0	0	0
Mrgpra4	0	0	0	0	0	0
Mrgpra6	0	0	0	0	0	0
Mrgpra9	0	0	0	0	2	0
Mrgprb1	0	0	0	0	0	0
Mrgprb11-ps-001	0	0	0	0	0	0
Mrgprb12-ps-001	0	0	0	0	0	0
Mrgprb13-001	0	0	0	0	0	0
Mrgprb2	0	0	0	0	0	0
Mrgprb3	0	0	0	0	0	0
Mrgprb4	0	0	0	0	0	0
Mrgprb5	0	0	0	0	0	0
Mrgprb7-ps-001	0	0	0	0	0	0
Mrgprb8	0	2	0	0	0	0
Mrgprb9-ps-001	0	1	0	0	0	0
Mrgprc1-ps-001	0	0	0	0	0	0
Mrgprc2-ps-001	0	0	1	0	0	0
Mrgprc3-ps-001	0	0	0	0	0	0
Mrgprc4-ps-001	0	0	0	0	0	0
Mrgprc7-ps-001	0	0	0	0	0	0
Mrgprd	0	0	0	0	0	0
Mrgpre	150	156	108	98	118	126
Mrgprf	8	12	15	2	1	1
Mrgprg	0	0	0	0	0	0
Mrgprh	2	0	1	0	1	2
Mrgprx1	0	0	0	0	0	0
Mrgprx2	0	0	0	0	0	0
Mrgprx3-ps-001	0	0	0	0	0	0
Mri1	627	640	430	320	369	362
Mrip-ps-001	510	465	383	389	343	392
Mrm1	205	160	116	206	245	238
Mrm2	317	292	233	181	202	234
Mro	20	20	12	4	4	2
Mroh1	2028	1779	1485	1567	1708	1646
Mroh2a	126	153	98	53	81	77
Mroh2b	0	0	0	0	0	0
Mroh3	0	3	1	4	2	3
Mroh4	0	0	0	2	0	0
Mroh5	4	8	11	7	2	8
Mroh6	1	3	1	1	6	0
Mroh7	79	108	70	66	71	73
Mroh8	68	73	62	58	82	65
Mroh9	0	0	0	0	0	0
Mrpl1	1087	1123	855	755	886	892
Mrpl10	1331	1140	862	912	1067	1116
Mrpl11	1585	1467	1143	989	1017	1129
Mrpl12	799	888	609	563	645	671
Mrpl13	594	715	403	400	462	475
Mrpl14	494	393	358	320	367	393
Mrpl15	1217	1212	901	762	836	904
Mrpl16	654	647	471	473	415	545
Mrpl17	1323	1154	952	856	1022	1055
Mrpl18	1599	1473	1104	1088	1203	1261
Mrpl19	1105	1029	758	813	896	908
Mrpl2	1341	1319	1062	846	1057	1098
Mrpl20	1557	1428	1135	1004	970	1076
Mrpl21	1066	1012	804	773	858	956
Mrpl22	421	470	329	286	332	312
Mrpl23	910	850	663	631	719	746
Mrpl24	1864	1869	1434	1411	1487	1524
Mrpl27	909	892	645	599	665	763
Mrpl28	1444	1475	1119	961	1052	1155
Mrpl3	1391	1455	1039	1084	1245	1324
Mrpl30	1364	1250	945	855	938	1072
Mrpl32	904	913	627	624	712	775
Mrpl33	842	773	562	535	682	702
Mrpl34	989	813	720	569	523	630
Mrpl35	475	493	348	217	254	236
Mrpl36	583	567	436	411	421	434
Mrpl37	754	796	627	587	671	726
Mrpl38	790	849	598	569	685	653
Mrpl39	1190	1217	908	870	946	1055
Mrpl4	885	883	619	606	646	726
Mrpl40	863	820	574	528	610	670
Mrpl41	1431	1251	934	797	789	1047
Mrpl42	976	956	712	569	699	707
Mrpl43	1469	1459	1063	987	1050	1184
Mrpl44	1259	1163	834	786	814	909
Mrpl45	1174	1139	825	832	884	994
Mrpl46	863	876	599	546	601	691
Mrpl47	1889	1698	1285	1164	1246	1381
Mrpl48	3229	3009	2313	2277	2499	2772
Mrpl49	4205	4000	3092	3170	3250	3699
Mrpl50	2009	1957	1313	1253	1413	1505
Mrpl51	1892	1934	1304	1180	1256	1420
Mrpl52	410	388	277	253	273	316
Mrpl53	737	732	575	537	528	635
Mrpl54	902	909	670	635	691	779
Mrpl55	624	627	493	360	471	460
Mrpl57	930	962	654	579	630	790
Mrpl9	1971	1903	1480	1413	1530	1739
Mrps10	647	613	421	443	528	496
Mrps11	767	753	553	532	577	667
Mrps12	608	576	464	390	414	512
Mrps14	1891	1843	1315	1719	1828	2161
Mrps15	348	336	303	271	333	319
Mrps16	522	467	364	384	431	490
Mrps17	2016	1947	1434	1442	1560	1730
Mrps18a	904	837	638	634	665	747
Mrps18b	476	415	301	312	375	354
Mrps18c	973	1025	771	697	767	797
Mrps2	905	911	634	636	668	727
Mrps21	1838	1712	1326	1156	1224	1496
Mrps22	1044	959	820	736	743	811
Mrps23	895	914	620	530	599	621
Mrps24	458	440	344	310	356	399
Mrps25	5185	4939	3733	3217	3591	4007
Mrps26	1182	1105	863	863	938	1009
Mrps27	996	939	683	486	562	620
Mrps28	466	526	327	343	360	410
Mrps30	716	673	470	481	564	563
Mrps31	1093	1032	754	784	841	940
Mrps33	2538	2285	1787	1597	1858	2017
Mrps34	505	466	358	314	350	388
Mrps35	739	725	553	549	572	586
Mrps36	1022	943	702	618	673	758
Mrps5	1962	1869	1280	1285	1341	1508
Mrps6	616	624	454	384	425	465
Mrps7	1560	1616	1130	998	1055	1171
Mrps9	955	940	646	579	705	773
Mrrf	706	721	560	535	573	562
Mrs2	1189	1208	857	806	931	927
Mrto4	745	785	511	568	563	611
Mrvi1	87	80	67	60	43	48
Ms4a1	1	1	1	0	2	1
Ms4a10	0	0	0	0	0	0
Ms4a12	0	0	0	0	0	0
Ms4a13	0	0	0	0	0	0
Ms4a14	3	8	10	0	6	2
Ms4a15	0	0	0	0	0	1
Ms4a18	0	0	0	0	0	0
Ms4a2	1	1	0	0	0	0
Ms4a3	0	0	0	0	0	0
Ms4a4a	0	1	1	0	0	0
Ms4a4b	0	0	0	0	1	0
Ms4a4c	0	1	0	0	1	0
Ms4a4d	0	1	2	0	1	0
Ms4a5	0	0	0	0	0	0
Ms4a6b	12	8	7	9	6	8
Ms4a6c	22	27	14	13	16	15
Ms4a6d	3	2	3	3	3	3
Ms4a7	15	16	19	8	12	7
Ms4a8a	0	0	0	0	0	0
Msantd1	119	114	79	66	77	68
Msantd2	659	689	521	461	512	566
Msantd3	544	523	331	365	373	415
Msantd4	4913	4555	3256	2805	3052	3556
Msc	6	6	5	2	4	6
Msgn1	0	0	0	0	0	0
Msh2	3217	3030	2168	1545	1802	2003
Msh3	2395	2130	1701	1444	1667	1841
Msh4	13	12	8	11	21	12
Msh5	63	81	69	54	70	72
Msh6	1300	1221	1048	849	1083	1111
Msi1	10096	9746	7405	7475	8577	8794
Msi2	26624	24063	17083	22845	25103	26559
Msl1	4091	3993	2755	2709	3036	3172
Msl2	4061	3906	3021	2868	3197	3379
Msl3	873	923	606	614	677	715
Msl3l2	366	326	223	180	229	240
Msln	2	1	2	2	0	2
Mslnl	3	3	4	1	5	5
Msmb	4	2	0	1	0	0
Msmo1	2860	2854	2020	1987	2094	2308
Msmp	322	363	267	251	273	305
Msn	590	652	397	313	364	401
Msr1	14	5	6	10	8	8
Msra	664	672	458	456	567	613
Msrb1	543	553	408	417	417	470
Msrb2	240	209	160	143	143	163
Msrb3	265	238	163	185	198	223
Mss51	47	50	39	57	75	74
Mst1	83	85	71	41	68	60
Mst1r	59	49	36	60	47	69
Mstn	58	65	41	34	52	45
Msto1	902	846	655	665	762	802
Msx1	11	18	18	3	3	0
Msx2	0	1	0	1	2	0
Msx3	2	0	0	1	0	0
Mt1	1086	1288	1001	714	828	856
Mt2	373	412	278	228	236	251
Mt3	530	502	421	309	344	332
Mt4	0	0	0	0	0	0
Mta1	1119	1065	753	799	928	922
Mta2	7158	6634	5151	5575	6029	6606
Mta3	406	374	296	206	253	284
Mtag2	190	154	98	109	117	135
Mtag2-201	198	157	107	102	122	133
Mtap	231	229	170	203	205	216
Mtap7d3	13	15	11	8	14	14
Mtbp	557	565	393	372	444	475
Mtch1	4303	3923	2989	2569	2717	3014
Mtch2	2320	2272	1653	1486	1737	1882
Mtcl1	9628	9119	7408	6024	6620	6914
Mtcp1	403	400	263	309	313	330
Mtdh	5387	4965	3538	3578	3986	4362
Mterf1a	503	442	313	347	319	435
Mterf1b	261	219	183	200	226	282
Mterf2	723	682	525	526	598	591
Mterf3	1180	1121	863	877	973	1032
Mterf4	1534	1514	1170	863	903	945
Mtf1	2666	2894	2172	2051	2172	2393
Mtf2	2556	2641	1982	1970	2241	2286
Mtfmt	376	415	329	248	314	304
Mtfp1	1965	1792	1422	1576	1550	1724
Mtfr1	6253	5716	4369	4320	4669	5244
Mtfr1l	2320	2312	1730	1433	1507	1685
Mtfr2	3	10	8	11	26	16
Mtg1	555	538	316	370	442	445
Mtg2	666	635	467	465	495	539
Mthfd1	1105	1105	817	837	946	970
Mthfd1l	661	587	457	338	381	473
Mthfd2	486	544	351	189	241	272
Mthfd2l	658	564	416	402	427	470
Mthfr	1306	1258	1006	1221	1340	1338
Mthfs	390	398	285	268	298	318
Mthfsd	1385	1377	1115	1017	1187	1142
Mthfsl	557	594	389	309	350	391
Mtif2	4461	3746	2825	2855	3255	3462
Mtif3	1273	1285	905	833	975	1048
Mtl5	7	12	6	5	12	10
Mtm1	807	616	481	507	575	596
Mtmr1	4203	3981	3030	2839	3223	3539
Mtmr10	1040	1077	817	605	694	781
Mtmr11	633	626	470	456	621	669
Mtmr12	729	736	568	503	563	554
Mtmr14	1049	1054	815	684	715	796
Mtmr2	857	937	657	637	751	793
Mtmr3	6495	5956	4646	4406	4992	5179
Mtmr4	4008	3679	2921	2657	2990	3384
Mtmr6	5332	4766	3511	3448	3726	4124
Mtmr7	3468	3332	2397	1430	1814	1770
Mtmr9	1975	1830	1432	1112	1296	1515
Mtnr1a	7	12	7	8	8	7
Mtnr1b	0	0	3	0	1	1
Mto1	1135	1056	854	822	829	920
Mtor	4765	4275	3519	3244	3762	3775
Mtpap	1216	1171	910	840	1019	1127
Mtpn	3593	4300	2653	2443	2689	2942
Mtr	1813	1623	1361	1183	1409	1434
Mtrf1	332	340	263	201	226	249
Mtrf1l	347	320	267	252	268	299
Mtrr	778	745	623	817	904	1053
Mtss1	3875	3686	2591	2674	2912	3014
Mtss1l	1949	2030	1453	1432	1606	1673
Mttp	728	668	507	711	862	924
Mturn	5823	5597	4301	4420	4593	5284
Mtus1	3631	3485	2608	2991	3209	3498
Mtus2	3474	3062	2464	2063	2306	2532
Mtx1	959	858	686	695	698	791
Mtx2	1451	1435	1046	1054	1257	1304
Mtx3	1185	1296	898	869	999	1015
Muc1	19	22	18	7	29	15
Muc13	19	26	20	10	1	5
Muc15	70	50	59	39	46	59
Muc16	0	4	7	0	4	15
Muc2	24	27	23	22	32	32
Muc20	8	21	30	5	16	22
Muc3	0	1	0	0	0	0
Muc3a	2	9	3	1	4	2
Muc4	89	253	251	80	145	263
Muc5ac	12	23	75	47	84	229
Muc5b	110	108	92	76	114	106
Muc6	87	81	106	109	97	78
Mucl1-001	0	0	0	0	0	0
Mucl2	0	0	0	0	1	1
Mug-ps1	0	0	0	2	0	0
Mug1	1	0	0	0	0	0
Mug2	0	0	0	1	0	0
Mug4-ps-001	0	0	0	0	0	0
Mul1	2417	2254	1755	1516	1677	1807
Mum1	1071	1127	741	829	950	939
Mum1l1	257	257	171	152	173	173
Mup-ps1-001	0	0	0	0	0	0
Mup-ps10-001	0	0	0	0	0	0
Mup-ps11-001	0	0	0	0	0	0
Mup-ps12-001	0	0	0	0	0	0
Mup-ps13-001	0	0	0	0	0	0
Mup-ps14-001	0	0	0	0	0	0
Mup-ps15-001	0	0	0	0	0	0
Mup-ps16-001	0	0	0	0	0	0
Mup-ps17-001	0	0	0	0	0	0
Mup-ps18-001	0	0	0	0	0	0
Mup-ps19-001	0	0	0	0	0	0
Mup-ps2-001	0	0	0	0	0	0
Mup-ps20-001	0	0	0	0	0	0
Mup-ps21-001	0	0	0	0	0	0
Mup-ps3-001	0	0	0	0	0	0
Mup-ps4-001	0	0	0	0	0	0
Mup-ps5-001	0	0	0	0	0	0
Mup-ps6	0	0	0	0	0	0
Mup-ps7-001	0	0	0	0	0	0
Mup-ps8-001	0	0	0	0	0	0
Mup-ps9-001	0	0	0	0	0	0
Mup1	0	0	0	0	0	0
Mup10	0	0	0	0	0	0
Mup11	0	0	0	0	0	0
Mup12	0	0	0	0	0	0
Mup13	0	0	0	0	0	0
Mup14	0	0	0	0	0	0
Mup15	0	0	0	0	0	0
Mup16	0	0	0	0	0	0
Mup17	0	0	0	0	0	0
Mup18	0	0	0	0	0	0
Mup19	0	0	0	0	0	0
Mup2	0	0	0	0	0	0
Mup20	0	0	0	0	0	0
Mup21	0	0	0	0	0	0
Mup3	0	0	0	0	0	0
Mup4	0	0	0	0	0	0
Mup5	0	0	0	0	0	0
Mup6	0	0	0	0	0	0
Mup7	0	0	0	0	0	0
Mup8	0	0	0	0	0	0
Mup9	0	0	0	0	0	0
Murc	43	21	28	20	24	26
Mus81	607	527	477	550	636	635
Musk	10	11	2	1	2	0
Mustn1	32	31	22	20	22	16
Mut	1505	1491	1081	1171	1398	1507
Mutyh	159	142	107	93	112	107
Mvb12a	773	751	572	496	542	569
Mvb12b	1948	1884	1400	1238	1287	1525
Mvd	605	676	524	461	560	530
Mvk	724	667	491	572	559	689
Mvp	341	346	220	239	246	254
Mx1	8	2	3	2	4	3
Mx2	39	29	27	20	26	19
Mxd1	1088	1302	902	766	871	921
Mxd3	805	720	496	501	530	608
Mxd4	1937	2021	1514	1470	1566	1692
Mxi1	3435	3105	2169	1980	2296	2580
Mxra7	3267	3131	2076	1791	1918	2130
Mxra8	150	133	100	107	128	149
Mxra8os	5	8	5	3	6	13
Myadm	210	191	121	132	130	130
Myadml2	104	101	75	73	82	77
Myadml2os	52	50	34	28	30	37
Myb	286	214	132	151	182	207
Mybbp1a	2330	2244	1769	1860	2053	2241
Mybl1	569	474	303	351	393	412
Mybl2	38	45	28	34	33	35
Mybpc1	1	1	0	8	0	0
Mybpc2	153	135	104	84	116	103
Mybpc3	36	36	32	37	57	40
Mybph	570	519	406	376	371	388
Mybphl	7	9	6	12	17	10
Myc	13	19	9	3	10	7
Mycbp	681	658	488	466	584	596
Mycbp2	13164	12011	9999	7970	9951	9636
Mycbpap	65	71	46	40	52	57
Mycl	116	101	76	100	99	116
Mycn	411	420	262	290	423	381
Mycs	0	0	0	0	0	0
Myct1	14	16	9	2	7	3
Myd88	310	287	241	138	145	160
Mydgf	1163	1100	855	788	820	952
Myef2	5839	5795	4272	4264	4590	5093
Myeov2	2033	1972	1412	1298	1414	1651
Myf5	1	1	1	0	1	1
Myf6	30	28	22	16	27	26
Myg1	1002	930	734	661	681	756
Myh1	2	0	0	3	1	0
Myh10	4049	3752	3011	1667	1968	1844
Myh11	124	238	117	222	87	62
Myh13	0	0	1	3	1	0
Myh14	999	945	690	619	702	752
Myh15	4	6	7	9	7	3
Myh2	0	0	0	2	1	0
Myh3	1	0	4	4	4	1
Myh4	2	0	0	2	0	0
Myh6	2	4	2	11	18	15
Myh7	15	24	12	16	20	14
Myh7b	369	389	305	310	340	382
Myh8	0	0	0	2	0	0
Myh9	3179	3120	2400	1963	2223	2204
Myl1	5	1	2	0	0	0
Myl10	0	0	0	0	0	0
Myl12a	803	828	553	706	937	916
Myl12b	3280	3288	2338	2265	2550	2848
Myl2	37	28	20	19	26	26
Myl3	1	2	1	2	2	2
Myl4	18	17	14	13	16	16
Myl6	5456	5204	4043	3812	4104	4401
Myl6b	137	139	99	114	143	138
Myl7	1	2	5	0	3	2
Myl9	212	265	168	157	141	142
Mylip	1704	1587	1085	1521	1607	1758
Mylk	5657	5074	4225	5847	6856	6971
Mylk2	1	0	0	0	0	0
Mylk3	2	7	8	1	1	2
Mylk4	1	0	0	1	0	1
Mylpf	80	81	79	58	62	69
Mynn	3022	2979	2139	2106	2259	2555
Myo10	1260	1341	997	898	993	973
Myo15	48	21	27	41	48	44
Myo15b	57	71	68	38	53	46
Myo16	591	571	474	366	432	393
Myo18a	4366	3887	3227	2852	3287	3481
Myo18b	50	38	30	13	43	28
Myo19	555	590	415	518	647	604
Myo1a	93	78	60	52	62	67
Myo1b	1903	1820	1366	1075	1164	1232
Myo1c	450	461	319	308	342	319
Myo1d	226	264	181	164	203	173
Myo1e	360	327	258	207	264	258
Myo1f	19	19	21	7	13	13
Myo1g	76	69	62	48	59	56
Myo1h	813	809	524	736	718	778
Myo3a	3	0	0	0	1	0
Myo3b	79	76	49	27	39	37
Myo5a	13239	11648	9453	4437	5236	5534
Myo5b	1192	1105	915	574	677	741
Myo5c	64	67	45	38	54	63
Myo6	6861	6177	4844	4423	5035	5384
Myo7a	952	925	817	24	37	19
Myo7b	2	2	0	1	3	0
Myo9a	8629	7985	6070	5477	6205	6725
Myo9b	2110	2076	1752	1415	1633	1594
Myoc	15	16	7	16	20	24
Myocd	31	27	15	27	31	28
Myod1	0	1	0	0	0	2
Myof	566	520	410	300	307	352
Myog	2	2	1	0	0	0
Myom1	295	251	234	177	209	217
Myom2	3	4	0	2	0	0
Myom3	35	29	18	9	25	27
Myot	1	0	1	0	0	0
Myoz1	2	1	0	1	0	1
Myoz2	0	0	0	0	0	0
Myoz3	0	0	0	0	1	0
Mypn	153	192	149	113	160	156
Mypop	418	389	309	282	332	358
Mypopos	172	214	140	183	170	175
Myrf	61	85	89	63	98	74
Myrfl	23	25	18	26	26	16
Myrip	3742	3405	2701	2105	2219	2530
Mysm1	3215	3045	2348	2053	2464	2492
Myt1	5046	4496	3627	3477	3968	4026
Myt1l	1766	1834	1381	1001	1179	1186
Myzap	84	107	91	62	57	82
Mzb1	5	8	4	3	1	2
Mzf1	230	287	218	154	211	213
Mzt1	3457	3121	2022	1043	1163	1289
Mzt2	446	442	322	334	343	414
N4bp1	2058	1961	1552	1387	1441	1591
N4bp2	2856	2625	2024	1612	1870	1877
N4bp2l1	545	487	459	404	489	519
N4bp2l2	6637	5967	4791	4299	5106	5436
N4bp3	425	433	303	389	385	397
N6amt1	586	587	380	423	498	500
Naa10	614	566	482	491	464	527
Naa11	37	35	25	7	7	12
Naa15	2751	2582	2013	1862	2251	2210
Naa16	766	778	578	499	614	647
Naa20	2639	2485	1673	1780	2011	2216
Naa25	1952	1921	1326	1262	1422	1495
Naa30	1980	2001	1449	1444	1676	1719
Naa35	1597	1472	1165	955	1137	1222
Naa38	736	702	554	433	502	541
Naa40	1332	1189	863	924	1042	1070
Naa50	1525	1585	1080	988	1052	1143
Naa60	2106	2121	1630	1442	1626	1777
Naaa	1564	1366	1052	1000	1085	1313
Naalad2	82	84	71	45	53	50
Naaladl1	26	26	27	25	30	34
Naaladl2	140	125	109	106	94	98
Nab1	1979	1890	1415	1187	1240	1435
Nab2	553	576	392	214	236	258
Nabp1	494	498	339	329	358	383
Nabp2	1213	1095	863	743	825	890
Naca	9746	8962	6616	7043	7745	8705
Nacad	1400	1421	972	976	1149	1130
Nacc1	2655	2552	2009	1739	1858	2102
Nacc2	2337	2095	1543	1610	1771	1850
Nadk	1115	1134	840	870	1040	1059
Nadk2	7259	6704	5221	6390	7111	7804
Nadsyn1	313	297	244	223	273	271
Nae1	3487	3163	2461	2499	2950	3126
Naf1	677	674	461	475	469	561
Naga	1098	1022	793	711	795	878
Nagk	568	547	434	397	496	530
Naglu	439	423	321	317	295	382
Nagpa	204	210	142	154	155	195
Nags	1	1	1	0	1	0
Naif1	433	395	379	322	379	354
Naip1	17	22	16	2	7	4
Naip2	10	14	9	11	8	8
Naip3-001	5	3	0	2	2	3
Naip5	13	10	3	1	4	9
Naip6	4	3	3	2	2	6
Nalcn	4384	3991	2863	2427	2770	3090
Nampt	4046	3706	2687	2578	2840	3205
Nanog	2	2	1	0	1	0
Nanos1	897	769	617	515	544	624
Nanos2	3	7	1	0	1	5
Nanos3	9	14	5	11	11	8
Nanp	367	404	253	258	300	325
Nans	828	709	545	521	528	599
Nap1l1	10510	10350	7215	6781	7727	8215
Nap1l2	2159	2139	1463	1320	1379	1573
Nap1l3	1688	1577	1125	1030	1137	1337
Nap1l4	6122	5707	4302	4112	4608	4992
Nap1l5	7876	9223	6208	6044	6747	7463
Napa	4135	3929	2837	2563	2703	2951
Napb	24968	23180	17221	17031	18630	21054
Napepld	799	748	574	467	522	603
Napg	5763	5225	3897	3683	4052	4439
Naprt	82	63	47	45	48	51
Napsa	51	35	38	43	56	65
Narf	2913	3013	2133	2095	2125	2384
Narfl	1667	1517	1131	1313	1401	1541
Nars	7126	6952	4925	4066	4594	4894
Nars2	691	614	443	496	521	593
Nasp	1163	1267	896	966	1207	1163
Nat1	86	74	37	173	191	224
Nat10	2033	1913	1472	1362	1585	1659
Nat14	1402	1359	1044	974	1095	1231
Nat2	66	53	34	60	69	91
Nat3	0	0	0	0	0	1
Nat6	501	501	361	364	371	438
Nat8	13	7	5	7	8	2
Nat8f1	302	369	254	193	208	255
Nat8f2	15	17	5	6	5	4
Nat8f3	59	52	61	122	182	200
Nat8f4	671	688	446	106	127	130
Nat8f5	12	14	13	0	4	3
Nat8f6	24	22	26	51	69	92
Nat8f7	49	38	36	71	105	105
Nat8l	2870	2739	1893	1711	1912	2239
Nat9	868	840	631	597	711	770
Natd1	479	552	411	339	344	401
Nav1	1600	1752	1310	789	1047	958
Nav2	606	631	481	484	646	539
Nav3	831	728	538	312	385	399
Nbas	4824	4395	3679	3139	3646	3843
Nbea	14093	13198	10263	8785	10384	10922
Nbeal1	4210	4136	3053	2679	3349	3314
Nbeal2	263	257	198	181	224	200
Nbl1	1063	950	760	209	192	191
Nbn	1036	1076	782	709	788	871
Nbr1	13289	12618	9491	8218	9153	10186
Ncald	5398	4625	3391	2766	3060	3585
Ncam1	19195	18468	13995	12207	13781	14226
Ncam2	1858	1748	1182	1035	1244	1341
Ncan	479	411	314	318	393	418
Ncapd2	777	695	521	490	552	553
Ncapd3	4012	3853	3030	2886	3566	3689
Ncapg	204	194	141	195	212	230
Ncapg2	264	251	188	177	210	225
Ncaph	23	20	11	23	27	38
Ncaph2	3946	3871	3058	2859	2892	3379
Ncbp1	2770	2666	2009	1783	2130	2392
Ncbp2	2958	3172	2178	1782	2160	2311
Ncbp3	4111	3789	2982	3005	3490	3510
Nccrp1	6	10	9	2	5	3
Ncdn	5544	4998	3918	3699	3914	4351
Nceh1	3641	3243	2171	2346	2453	2773
Ncf1	50	44	40	22	33	37
Ncf2	80	99	72	38	57	58
Ncf4	8	4	4	3	6	2
Nck1	1651	1774	1181	1082	1150	1223
Nck2	480	437	261	305	307	338
Nckap1	7559	7281	5338	4854	5329	5788
Nckap1l	141	112	82	95	108	108
Nckap5	734	751	518	448	581	508
Nckap5l	214	234	147	142	173	181
Nckap5los	68	67	50	47	67	74
Nckipsd	703	769	580	491	536	602
Ncl	5582	5909	4286	3970	4692	4671
Ncln	1823	1759	1498	1389	1483	1638
Ncmap	50	40	31	23	33	36
Ncoa1	8145	7344	5841	5068	5972	5998
Ncoa2	7063	6567	5244	4513	5195	5447
Ncoa3	1565	1583	1239	1111	1271	1281
Ncoa4	4680	4516	3351	3107	3474	3794
Ncoa5	2632	2557	1770	1758	2038	2068
Ncoa6	1589	1674	1300	1112	1342	1263
Ncoa7	1702	1560	1021	1055	1245	1295
Ncor1	11793	11101	8863	8102	9565	9917
Ncor2	840	866	676	549	669	594
Ncr1	1	0	0	0	0	0
Ncr3-ps-001	0	1	0	0	1	0
Ncs1	2626	2453	1725	1589	1739	1906
Ncstn	1600	1612	1142	940	1061	1187
Ndc1	960	955	720	687	842	855
Ndc80	4	4	5	3	3	2
Nde1	768	727	541	480	558	561
Ndel1	2709	2582	1873	1606	1704	1986
Ndfip1	13583	12846	8799	8262	8862	10241
Ndfip2	2605	2597	1668	2093	2193	2635
Ndn	4973	5250	2679	3428	3548	4146
Ndnf	8945	7769	6160	5393	6356	6804
Ndnl2	907	883	644	772	810	916
Ndor1	1127	1119	905	825	933	961
Ndp	282	239	174	174	203	225
Ndrg1	8176	8142	6195	6197	6921	7504
Ndrg2	4147	3737	2643	3420	3551	4235
Ndrg3	20979	19769	15356	16058	18026	19513
Ndrg4	18547	16625	11633	9990	10647	12519
Ndst1	4114	3751	2923	2868	3203	3346
Ndst2	712	707	512	527	608	630
Ndst3	1096	1130	757	784	895	899
Ndst4	383	358	270	213	252	271
Ndufa1	1643	1668	1264	1026	1134	1249
Ndufa10	5281	4974	3721	3414	3771	4243
Ndufa11	1329	1336	1018	898	954	1102
Ndufa12	3355	3024	2442	2273	2332	2732
Ndufa13	3166	3081	2313	2158	2239	2561
Ndufa2	1835	1808	1461	1216	1259	1446
Ndufa3	1611	1480	1296	1034	1164	1287
Ndufa4	10684	10216	7662	6993	7580	8395
Ndufa4l2	31	28	25	33	21	25
Ndufa5	1672	1479	1152	1064	1144	1344
Ndufa6	2396	2162	1718	1607	1786	1985
Ndufa7	1869	1895	1352	1262	1318	1494
Ndufa8	1375	1347	877	937	1059	1167
Ndufa9	3071	2893	2190	2020	2262	2550
Ndufab1	1287	1228	1000	987	1157	1180
Ndufaf1	625	721	437	446	477	526
Ndufaf2	476	485	317	264	331	358
Ndufaf3	1195	1158	906	818	854	1037
Ndufaf4	2000	1851	1273	1244	1420	1676
Ndufaf5	1421	1355	1042	877	1073	1122
Ndufaf6	269	247	201	167	190	195
Ndufaf7	923	973	709	632	733	773
Ndufb10	2961	2824	2044	1861	2038	2285
Ndufb11	3272	2990	2399	2273	2545	2791
Ndufb2	3293	3399	2418	2323	2634	2890
Ndufb3	3146	3023	2240	1941	2214	2424
Ndufb4	2690	2469	1793	1707	1744	2047
Ndufb5	2619	2588	1929	1795	2032	2200
Ndufb6	1763	1765	1329	1185	1319	1419
Ndufb7	1780	1753	1263	1222	1321	1439
Ndufb8	5227	4682	3616	3417	3740	4206
Ndufb9	3555	3362	2560	2322	2412	2743
Ndufc1	1669	1572	1118	1263	1209	1387
Ndufc2	3432	3272	2254	2065	2210	2392
Ndufs1	6887	6418	4706	4639	5084	5620
Ndufs2	9666	8567	6640	4431	4974	5530
Ndufs3	2672	2597	1981	1933	2126	2317
Ndufs4	1932	1992	1466	1320	1544	1684
Ndufs5	2247	2273	1641	1622	1662	1954
Ndufs6	1570	1482	1176	906	991	1013
Ndufs7	1706	1557	1198	1089	1221	1467
Ndufs8	1624	1511	1176	1045	1224	1272
Ndufv1	6392	5917	4629	4372	4727	5278
Ndufv2	4791	4403	3195	3038	3404	3839
Ndufv3	3649	3200	2501	2417	2667	2906
Neb	157	191	156	57	81	72
Nebl	5854	5226	3903	3447	3896	4509
Necab1	2913	2667	1943	1965	2263	2490
Necab2	702	773	546	299	282	354
Necab3	210	189	113	182	224	216
Necap1	8036	7299	5347	5291	5624	6596
Necap2	757	752	564	551	533	607
Nectin1	2587	2594	1848	1681	1877	1904
Nectin2	556	481	404	322	326	359
Nectin3	2610	2623	1813	1489	1597	1683
Nectin4	202	205	161	153	158	191
Nedd1	570	597	424	418	493	501
Nedd4	33322	30394	23649	23141	25553	27484
Nedd4l	4056	3734	2984	2418	2664	2954
Nedd8	3114	3053	2213	2197	2240	2540
Nedd9	667	641	544	362	373	402
Nefh	3005	3006	1721	1339	1506	1672
Nefl	19167	18235	11308	8724	9351	11084
Nefm	6409	6445	4124	2925	3233	3626
Negr1	4705	4777	3680	3528	3755	4182
Neil1	342	337	238	223	283	292
Neil2	263	245	194	200	222	224
Neil3	3	4	0	0	1	0
Nek1	2341	2389	1703	1506	1880	1856
Nek10	109	80	74	192	218	216
Nek11	108	101	95	33	46	34
Nek2	33	30	30	42	43	49
Nek3	195	190	130	51	59	68
Nek4	1521	1505	1149	1083	1208	1234
Nek5	19	25	18	2	3	1
Nek6	3531	3352	2314	2437	2490	3002
Nek7	3509	3321	2363	2230	2393	2560
Nek8	138	136	87	63	74	98
Nek9	3064	3003	2287	1979	2345	2282
Nelfa	1072	1009	779	784	869	925
Nelfb	2469	2278	1675	1424	1520	1700
Nelfcd	2382	2271	1734	1620	1804	1862
Nelfe	613	611	431	478	538	591
Nell1	779	738	595	428	445	490
Nell1os	3	1	3	0	2	0
Nell2	1752	1633	1173	1059	1183	1276
Nemf	4912	4591	3378	3120	3563	3844
Nemp1	622	589	456	415	496	548
Nemp2	422	480	324	353	440	447
Nenf	498	476	341	304	352	396
Neo1	5204	4899	3731	4345	4986	5296
Nepn	0	1	0	0	1	1
Nepro	608	580	414	471	550	545
Nes	269	277	215	200	198	141
Nespas	37	29	40	25	39	42
Net1	575	522	405	327	397	454
Neto1	365	369	221	237	258	271
Neto2	1942	1855	1274	1467	1687	1841
Neu1	1472	1452	1042	1089	1096	1211
Neu2	11	11	11	3	5	8
Neu3	173	168	98	155	160	162
Neu4	0	0	0	1	1	1
Neurl1a	1815	1551	1240	1298	1378	1626
Neurl1b	53	58	44	44	41	43
Neurl2	173	127	114	118	116	117
Neurl3	20	13	15	8	6	16
Neurl4	5795	5201	4182	4097	4504	4738
Neurod1	15137	14028	10389	9259	10454	11456
Neurod2	664	574	442	398	451	502
Neurod4	11012	9507	6415	6927	7635	8962
Neurod6	55	54	35	32	38	38
Neurog1	0	0	0	0	1	0
Neurog2	88	75	57	70	61	72
Neurog3	0	0	0	0	0	0
Nexn	107	121	79	57	101	82
Nf1	10203	9566	7978	6237	7680	7595
Nf2	4621	4220	3178	2853	3128	3398
Nfam1	18	21	17	14	10	13
Nfasc	8060	7616	6290	5246	6330	6087
Nfat5	2684	2870	2212	1932	2433	2157
Nfatc1	26	23	14	13	12	13
Nfatc2	153	150	117	106	124	123
Nfatc2ip	583	596	411	438	479	535
Nfatc3	1659	1648	1231	1129	1312	1343
Nfatc4	143	151	98	114	108	125
Nfe2	7	14	8	14	9	13
Nfe2l1	6215	6214	4545	3889	4191	4600
Nfe2l2	851	860	653	545	552	661
Nfe2l3	431	486	386	331	469	382
Nfia	1345	1423	1041	844	1006	1013
Nfib	2152	2107	1497	1353	1487	1595
Nfic	2458	2458	1885	1816	2125	2061
Nfil3	564	507	388	422	422	495
Nfix	1347	1354	962	997	1103	1147
Nfkb1	1013	931	663	606	691	766
Nfkb2	245	213	174	177	185	165
Nfkbia	1018	1111	730	662	640	747
Nfkbib	339	297	243	254	264	278
Nfkbid	105	124	96	99	95	103
Nfkbie	76	83	56	54	74	70
Nfkbil1	337	309	249	267	279	312
Nfkbiz	641	612	447	486	523	562
Nfrkb	1723	1633	1289	1171	1365	1416
Nfs1	1308	1221	956	905	1001	1067
Nfu1	547	558	396	339	383	398
Nfx1	4401	4223	3270	3142	3597	3734
Nfxl1	830	819	587	580	668	731
Nfya	1121	1242	856	726	879	885
Nfyb	2213	1837	1380	1291	1487	1674
Nfyc	1830	1706	1265	1277	1424	1533
Ngb	73	86	62	58	56	71
Ngdn	1299	1245	1024	993	1129	1267
Ngef	609	527	418	322	315	350
Ngf	28	26	20	13	13	16
Ngfr	1077	958	757	558	656	746
Ngfrap1	2470	2451	1777	1622	1663	1976
Ngly1	2302	2206	1726	1547	1657	1799
Ngp	12	13	4	4	7	7
Ngrn	2240	2126	1587	1456	1472	1680
Nhej1	71	66	48	39	34	47
Nhlh1	118	110	82	61	63	73
Nhlh2	2110	1907	1239	1607	1790	1999
Nhlrc1	646	607	434	786	722	987
Nhlrc2	2279	2165	1655	1519	1736	1858
Nhlrc3	914	840	641	668	779	814
Nhlrc4	33	19	21	21	28	28
Nhp2	895	853	615	550	679	717
Nhp2l1	2324	2328	1682	1540	1607	1814
Nhs	680	727	554	526	592	652
Nhsl1	142	123	111	101	120	107
Nhsl2	602	529	406	313	383	396
Nicn1	3090	3004	2229	2230	2296	2543
Nid1	85	105	68	61	61	62
Nid2	154	185	108	65	57	51
Nif3l1	1851	1721	1286	1316	1393	1565
Nifk	1683	1654	1243	1243	1322	1518
Nim1k	6340	6264	5202	4455	4776	5099
Nin	3607	3341	2716	2741	3068	3227
Ninj1	125	127	104	99	98	115
Ninj2	27	30	19	10	15	21
Ninl	183	209	150	141	158	145
Nip7	1067	1060	799	728	759	805
Nipa1	1264	1080	810	732	787	876
Nipa2	1641	1657	1153	1218	1338	1389
Nipal1	577	524	386	307	325	409
Nipal2	489	487	344	303	317	318
Nipal3	5490	5216	4076	3941	4154	4793
Nipal4	1	1	1	9	9	11
Nipbl	10080	9441	7421	6100	7399	7672
Nipsnap1	1372	1174	792	983	1126	1223
Nipsnap3a	0	0	0	0	0	0
Nipsnap3b	417	313	251	318	297	411
Nisch	8905	8626	6616	5959	6643	7025
Nit1	2018	1917	1422	1439	1611	1756
Nit2	476	457	313	383	382	447
Nkain1	117	87	72	51	75	65
Nkain2	23	55	23	25	33	35
Nkain3	182	175	135	121	181	200
Nkain4	32	39	16	30	30	29
Nkap	1222	1160	729	825	943	1060
Nkapl	129	124	73	95	115	157
Nkd1	515	492	344	283	302	340
Nkd2	58	57	47	49	38	40
Nkg7	0	0	0	0	0	0
Nkiras1	2865	2743	1849	1947	2101	2311
Nkiras2	1234	1288	961	848	900	1003
Nkpd1	25	34	23	24	28	26
Nkrf	1086	880	634	665	759	671
Nktr	5574	5463	4392	4477	5446	5153
Nkx1-1	0	0	0	0	0	0
Nkx1-2	0	0	0	0	0	0
Nkx2-1	0	0	0	1	0	0
Nkx2-2	0	0	1	0	1	0
Nkx2-2os	0	0	0	0	0	0
Nkx2-3	0	0	0	0	0	0
Nkx2-4	0	1	1	2	2	0
Nkx2-5	0	0	0	0	0	0
Nkx2-6	0	0	0	0	0	0
Nkx2-9	0	0	0	0	0	0
Nkx3-1	13	4	3	1	5	3
Nkx3-2	0	0	0	0	0	1
Nkx6-1	0	1	0	7	1	2
Nkx6-2	6	2	3	3	6	3
Nkx6-3	6	5	2	5	8	4
Nle1	352	322	231	249	245	252
Nlgn1	2143	1949	1395	1167	1400	1450
Nlgn2	3297	3285	2484	1923	2088	2187
Nlgn3	2725	2495	1852	2049	2053	2275
Nlk	13546	12871	9546	9448	10263	11451
Nln	407	336	295	226	237	262
Nlrc3	122	130	107	90	135	119
Nlrc4	3	3	6	6	1	5
Nlrc5	30	22	20	12	9	10
Nlrp10	17	23	18	9	9	19
Nlrp12	0	3	3	0	1	1
Nlrp14	0	0	0	0	0	0
Nlrp1a	1	4	1	2	1	3
Nlrp1b	3	2	2	1	3	2
Nlrp1c-ps	4	3	1	0	0	0
Nlrp2	0	0	0	1	0	1
Nlrp3	0	7	4	6	3	4
Nlrp4a	0	0	0	0	0	1
Nlrp4b	0	0	0	0	0	1
Nlrp4c	5	3	1	1	2	0
Nlrp4d-001	1	1	0	0	1	0
Nlrp4e	0	0	0	0	0	0
Nlrp4f	15	24	11	4	2	12
Nlrp4g	1	1	0	0	0	0
Nlrp5	0	4	1	8	8	11
Nlrp5-ps	376	626	347	764	777	1179
Nlrp6	1	3	2	0	0	0
Nlrp9a	0	0	0	0	0	0
Nlrp9b	0	1	0	0	0	1
Nlrp9c	0	0	0	0	0	0
Nlrx1	192	187	142	124	170	192
Nmb	48	43	29	33	48	45
Nmbr	161	167	106	145	178	203
Nmd3	1527	1546	1193	1093	1266	1383
Nme1	4790	4712	3545	3242	3534	4077
Nme2	1061	960	732	722	742	799
Nme3	870	853	623	675	690	798
Nme4	60	42	24	46	42	34
Nme5	303	293	246	245	263	278
Nme6	288	281	197	203	237	254
Nme7	2412	2408	1564	1666	1862	2033
Nme8	0	0	0	0	0	0
Nme9	1	2	2	1	1	0
Nmi	138	93	85	57	51	67
Nmnat1	365	358	238	248	262	336
Nmnat2	2977	2820	2060	1598	1691	1937
Nmnat3	139	170	125	48	50	49
Nmral1	381	367	282	343	402	463
Nmrk1	253	236	163	102	130	144
Nmrk2	12	12	9	13	13	10
Nms	0	2	0	0	0	0
Nmt1	4497	4347	3179	3076	3474	3757
Nmt2	2225	2073	1544	1619	1712	1840
Nmu	2	3	2	1	0	4
Nmur1	5	4	3	2	1	5
Nmur2	46	33	25	7	19	15
Nnat	764	656	553	585	649	685
Nnmt	0	2	1	0	1	1
Nnt	566	551	402	290	312	301
Noa1	414	410	312	350	344	361
Nob1	585	612	424	458	528	560
Nobox	1	0	0	0	0	2
Noc2l	5228	4949	3837	2469	2723	2848
Noc3l	1058	1065	765	923	1013	1123
Noc4l	377	366	282	244	291	321
Noct	1410	1358	967	958	1147	1244
Nod1	103	103	68	48	55	66
Nod2	24	30	25	27	37	36
Nodal	7	8	3	6	5	11
Nog	5	11	13	13	7	4
Nol10	783	876	636	885	906	973
Nol11	3253	3112	2217	2218	2527	2759
Nol12	414	511	307	315	346	367
Nol3	810	754	509	498	608	669
Nol4	1178	1101	792	718	814	865
Nol4l	2777	2700	2128	1428	1651	1661
Nol6	1627	1475	1186	1103	1152	1244
Nol7	3520	3486	2466	2473	2827	3031
Nol8	1465	1520	1101	1061	1140	1255
Nol9	680	724	564	543	495	524
Nolc1	1398	1414	960	826	931	1045
Nom1	1354	1275	962	987	1071	1131
Nomo1	5201	5035	3722	3655	4070	4569
Nono	9193	8444	6431	5840	6424	7184
Nop10	1057	1047	704	921	1019	1165
Nop14	998	1026	705	658	734	804
Nop16	769	759	564	547	654	685
Nop2	972	961	700	608	697	738
Nop56	3227	3115	2282	2302	2497	2673
Nop58	3862	3533	2684	2436	2805	2832
Nop9	637	714	571	546	569	617
Nos1	285	253	214	251	303	279
Nos1ap	157	189	139	102	134	135
Nos2	9	4	5	7	3	6
Nos3	465	446	347	2038	2132	2353
Nosip	1538	1388	1106	1052	1190	1235
Nostrin	44	45	35	35	32	40
Notch1	1428	1254	1080	903	1029	1067
Notch2	1498	1419	1145	810	992	943
Notch3	192	197	143	84	118	124
Notch4	149	145	94	148	163	145
Noto	8	6	6	6	1	5
Notum	53	42	40	27	24	26
Notumos	11	8	3	2	3	8
Nov	1	8	0	3	1	0
Nova1	912	866	604	576	669	666
Nova2	265	276	192	171	184	190
Nox1	313	315	216	233	286	270
Nox3	1	0	0	0	0	0
Nox4	14	14	16	6	13	10
Noxa1	0	0	0	1	0	0
Noxo1	116	112	81	107	127	113
Noxred1	42	53	27	35	23	20
Npas1	112	81	96	23	32	22
Npas2	75	58	46	72	75	80
Npas3	201	180	142	128	129	147
Npas4	82	90	52	37	50	67
Npat	2523	2246	1762	1473	1663	1781
Npb	22	16	12	14	13	18
Npbwr1	0	0	0	0	0	0
Npc1	4768	4294	3571	3263	3622	3853
Npc1l1	14	14	17	9	10	18
Npc2	1568	1512	1241	1088	1120	1184
Npcd	1418	1343	1034	894	984	1104
Npdc1	1089	1081	828	812	899	951
Npepl1	308	317	225	282	304	297
Npepps	7454	6498	5117	4826	5478	6022
Npff	40	48	42	37	37	30
Npffr1	22	13	16	12	16	17
Npffr2	0	0	0	0	0	0
Nphp1	1079	1048	778	988	1065	1165
Nphp3	326	268	218	377	415	411
Nphp4	869	879	683	635	722	757
Nphs1	101	78	79	86	79	76
Nphs1os	8	10	10	5	9	5
Nphs2	3	1	2	5	8	7
Npl	388	385	267	520	561	675
Nploc4	2363	2249	1754	1626	1793	1987
Npm1	8278	7643	5468	5162	5740	6547
Npm2	3	11	10	16	25	17
Npm3	404	419	280	215	227	270
Npn2	1	2	2	3	2	1
Npnt	641	676	452	421	437	498
Nppa	22	22	17	23	17	31
Nppb	13	9	11	1	0	0
Nppc	8	10	7	5	4	10
Npr1	78	81	74	66	67	79
Npr2	1421	1328	1000	964	1180	1178
Npr3	281	299	201	256	266	287
Nprl2	791	749	599	575	669	706
Nprl3	905	867	693	485	562	608
Nps	0	2	1	0	1	1
Npsr1	103	114	78	90	86	96
Nptn	10819	10309	7523	7239	7755	8584
Nptx1	2929	2762	2043	1932	2025	2145
Nptx2	1381	1306	892	666	775	811
Nptxr	1845	1748	1228	1167	1363	1496
Npvf	12	24	8	7	4	0
Npw	0	0	2	0	0	2
Npy	212	268	189	136	139	144
Npy1r	77	61	48	38	41	45
Npy2r	2	1	5	22	20	16
Npy4r	4	2	1	7	6	4
Npy5r	28	16	16	15	16	16
Npy6r	28	28	23	11	11	19
Nqo1	152	125	96	85	100	102
Nqo2	890	852	629	587	610	707
Nr0b1	4	4	0	3	0	0
Nr0b2	1	0	0	0	1	0
Nr1d1	3732	3482	2671	2560	2655	2839
Nr1d2	14977	13161	9681	9833	11032	12510
Nr1h2	1898	1889	1447	1277	1444	1468
Nr1h3	157	142	103	140	148	147
Nr1h4	174	142	126	93	128	125
Nr1h5	1	2	0	0	0	1
Nr1i2	2	1	4	2	3	1
Nr1i3	1524	1425	1070	1116	1239	1342
Nr2c1	967	949	674	750	884	918
Nr2c2	8458	7967	6137	5143	5837	6337
Nr2c2ap	362	428	250	223	271	298
Nr2e1	290	291	233	174	236	252
Nr2e3	26579	24146	20205	18864	21034	23237
Nr2f1	592	559	354	299	344	397
Nr2f2	552	526	384	314	461	439
Nr2f6	571	561	421	349	366	417
Nr3c1	6399	5758	4561	4105	4846	5324
Nr3c2	2522	2350	1713	1620	1831	1994
Nr4a1	781	1002	691	294	322	276
Nr4a2	297	303	244	203	215	256
Nr4a3	65	110	107	36	48	29
Nr5a1	0	4	1	0	1	0
Nr5a1os	1	2	0	0	1	2
Nr5a2	4	2	2	1	2	2
Nr6a1	932	796	630	575	680	675
Nr6a1os	126	108	88	70	91	125
Nradd	55	47	32	31	38	36
Nrap	28	34	26	37	60	50
Nrarp	410	337	232	227	233	275
Nras	1510	1554	1132	1084	1132	1165
Nrbf2	621	627	433	405	416	500
Nrbp1	3876	3609	2801	2740	2942	3326
Nrbp2	1063	1008	669	787	907	895
Nrcam	5859	5452	4269	2714	3218	3343
Nrd1	4734	4741	3674	3049	3694	3763
Nrde2	1651	1557	1188	1414	1336	1674
Nrep	9046	8229	5641	5844	6362	7133
Nrf1	2458	2139	1777	1724	1869	2109
Nrg1	524	456	358	280	397	373
Nrg2	167	183	146	134	161	150
Nrg3	415	449	343	272	319	324
Nrg3os	13	24	17	6	19	17
Nrg4	341	352	241	210	225	212
Nrgn	135	114	92	96	86	108
Nrip1	2343	2273	1553	1567	1818	1908
Nrip2	1143	1031	773	777	849	983
Nrip3	1451	1383	952	883	962	1155
Nrk	1	1	0	3	0	1
Nrl	59068	54895	43044	41590	44602	50123
Nrm	1552	1364	1065	1066	1089	1221
Nrn1	3039	2730	1713	1631	1752	2045
Nrn1l	385	366	264	213	226	285
Nron	34	47	42	31	26	22
Nrp1	377	383	271	240	261	290
Nrp2	1060	1087	785	853	873	829
Nrros	248	147	153	48	40	41
Nrsn1	932	850	568	615	699	768
Nrsn2	778	710	498	498	618	618
Nrtn	43	48	31	38	40	44
Nrxn1	4167	3806	2994	2175	2557	2614
Nrxn2	3770	3704	2688	2677	2848	3281
Nrxn3	7267	7042	5525	4480	5641	5686
Nsa2	8088	7431	5056	4764	5435	6181
Nsd1	13197	12094	9648	8585	10243	10489
Nsdhl	540	544	347	428	426	465
Nsf	24929	22715	17844	16009	17131	19146
Nsfl1c	2424	2317	1589	1517	1714	1856
Nsg1	3363	3048	2149	1958	2100	2401
Nsg2	7834	6963	4993	4598	4611	5350
Nsl1	95	102	67	65	56	68
Nsmaf	1881	1875	1345	1421	1632	1687
Nsmce1	450	417	285	284	317	379
Nsmce2	1090	1048	788	753	847	889
Nsmce4a	2994	2867	2072	2093	2321	2606
Nsmf	1746	1693	1230	1255	1352	1501
Nsrp1	1121	1068	817	788	870	910
Nsun2	2728	2688	2007	1610	1824	1991
Nsun3	645	636	437	426	503	485
Nsun4	967	880	682	580	760	807
Nsun5	911	902	687	617	689	705
Nsun6	498	442	344	291	412	396
Nsun7	70	63	40	17	23	22
Nt5c	508	446	325	338	367	404
Nt5c1a	16	12	6	16	19	24
Nt5c1b	3	0	1	1	1	0
Nt5c2	3047	2823	2096	1891	2121	2291
Nt5c3	1833	1756	1197	1316	1375	1457
Nt5c3b	513	508	361	346	383	416
Nt5dc1	364	347	263	249	290	319
Nt5dc2	571	566	400	340	345	420
Nt5dc3	1212	1125	855	877	1027	1003
Nt5e	10548	9906	7381	9779	10709	11801
Nt5m	667	603	438	426	505	602
Ntan1	1635	1608	1151	969	1044	1165
Ntf3	25	12	8	7	3	2
Ntf5	8	6	5	4	2	5
Nthl1	120	126	113	85	98	109
Ntm	6160	6128	4397	4225	4569	4973
Ntmt1	607	568	464	398	422	565
Ntn1	39	57	44	46	40	39
Ntn4	373	410	279	324	374	441
Ntn5	23	18	12	11	10	10
Ntng1	2074	1969	1342	1234	1506	1657
Ntng2	2610	2580	2022	1576	1751	1861
Ntpcr	342	306	245	201	204	227
Ntrk1	294	226	181	163	169	204
Ntrk2	3019	2959	2298	1821	1956	1936
Ntrk3	1501	1572	1095	975	1182	1210
Nts	0	0	1	0	0	0
Ntsr1	37	40	27	20	29	25
Ntsr2	3	0	0	1	2	1
Nuak1	953	979	660	633	700	763
Nuak2	249	281	175	187	191	229
Nub1	668	626	510	598	694	739
Nubp1	775	786	629	548	610	695
Nubp2	717	720	529	574	622	716
Nubpl	549	523	411	374	425	486
Nucb1	1812	1814	1348	1516	1619	1739
Nucb2	1985	1833	1361	1322	1462	1540
Nucks1	13108	12427	8642	8832	9565	10602
Nudc	2324	2448	1599	1638	1791	2029
Nudcd1	1861	1722	1300	1127	1200	1431
Nudcd2	539	548	351	371	417	447
Nudcd3	3633	3451	2600	2439	2779	3000
Nudt1	278	305	220	219	231	255
Nudt10	249	275	184	178	189	199
Nudt11	710	718	551	466	480	572
Nudt12	481	442	313	292	320	367
Nudt12os	81	83	52	46	45	60
Nudt13	571	535	456	463	435	497
Nudt14	357	352	285	230	257	305
Nudt15	368	370	247	285	327	383
Nudt16	299	279	203	171	184	257
Nudt16l1	872	857	591	565	716	771
Nudt17	215	231	207	204	258	254
Nudt18	231	251	192	155	185	225
Nudt19	838	795	552	284	263	325
Nudt2	495	473	341	364	419	448
Nudt21	8949	8310	6140	5765	6052	6885
Nudt22	480	411	352	335	331	433
Nudt3	5563	5505	3797	3386	3638	3894
Nudt4	8410	8174	5243	4264	4557	5054
Nudt5	2260	2193	1602	1640	1955	2007
Nudt6	293	293	180	120	114	148
Nudt7	310	284	225	176	211	242
Nudt8	289	248	196	217	235	215
Nudt9	1411	1354	1052	992	1099	1217
Nuf2	89	68	58	44	58	65
Nufip1	898	962	695	667	697	769
Nufip2	8161	7559	5882	5888	6440	6746
Nuggc	2	4	3	1	0	0
Numa1	5466	5182	4051	4334	4912	4999
Numb	1260	1153	929	848	957	960
Numbl	702	666	491	492	542	584
Nup107	1469	1366	1038	1034	1068	1239
Nup133	2138	2040	1531	1340	1510	1768
Nup153	4406	4114	3181	2924	3355	3503
Nup155	3299	2968	2324	2163	2438	2511
Nup160	1395	1369	1045	990	1185	1151
Nup188	2283	2174	1828	1627	1893	1921
Nup205	3995	3512	2850	2557	3060	3193
Nup210	879	828	581	380	531	515
Nup210l	143	176	136	133	135	164
Nup214	1469	1465	1178	931	1168	1130
Nup35	1997	1963	1416	1010	1019	1253
Nup37	317	290	210	243	310	314
Nup43	344	362	266	235	285	303
Nup50	2011	2084	1476	1405	1392	1510
Nup54	1181	1259	896	830	869	990
Nup62	1022	996	825	708	757	869
Nup62cl	13	12	9	9	7	12
Nup85	1898	1794	1513	1273	1493	1544
Nup88	2951	2748	2217	2366	2572	2740
Nup93	933	885	637	580	666	737
Nup98	3888	3628	2930	2405	2694	2753
Nupl1	4010	3639	2658	2656	2874	3158
Nupl2	407	439	311	289	348	369
Nupr1	260	264	173	82	107	96
Nupr1l	113	119	100	103	122	98
Nus1	1747	1764	1273	1230	1326	1480
Nusap1	237	190	123	173	172	148
Nutf2	1297	1253	968	922	886	982
Nutf2-ps1	767	761	606	514	528	552
Nutm1	2	1	2	3	6	3
Nutm2	0	0	0	0	0	0
Nvl	2590	2416	1874	1481	1836	1781
Nwd1	1112	1034	785	338	358	397
Nwd2	715	678	560	508	591	623
Nxf1	4722	4620	3580	3518	3927	4091
Nxf2	1	4	3	0	7	2
Nxf3	1	0	1	1	0	0
Nxf7	1	4	0	0	0	0
Nxn	714	726	539	424	479	529
Nxnl1	13006	12895	9602	8504	9253	10191
Nxnl2	3183	2846	2333	2374	2651	2904
Nxpe1-ps	1	0	1	0	1	0
Nxpe2	13	22	11	3	5	4
Nxpe3	256	327	213	201	226	205
Nxpe4	327	319	195	126	139	136
Nxpe5	7	11	10	11	9	9
Nxph1	544	512	353	298	309	335
Nxph2	113	105	75	73	78	98
Nxph3	463	390	278	317	297	366
Nxph4	74	87	55	61	62	71
Nxt1	557	488	376	361	350	420
Nxt2	2010	1857	1315	1386	1401	1714
Nyap1	971	868	655	704	707	814
Nyap2	2423	2309	1688	1619	1869	2058
Nynrin	928	817	624	811	793	849
Nyx	1083	1021	727	775	838	962
Oacyl	7	9	6	10	4	4
Oaf	267	235	166	137	152	176
Oard1	2130	1899	1504	1419	1628	1838
Oas1a	16	27	18	3	4	8
Oas1b	22	28	21	10	10	14
Oas1c	53	49	35	20	26	31
Oas1d	0	0	0	0	0	0
Oas1e	18	12	10	9	15	11
Oas1f	0	0	0	0	0	0
Oas1g	2	10	5	0	1	1
Oas1h	0	2	0	0	0	0
Oas2	4	12	5	9	8	6
Oas3	5	6	12	4	8	4
Oasl1	10	10	13	2	2	6
Oasl2	316	328	254	59	57	67
Oat	5250	4678	3325	3406	3687	4284
Oaz1	18705	17026	13051	12779	13746	15284
Oaz1-ps-201	6476	5859	4625	4328	4629	5076
Oaz2	4606	4215	3040	3405	3640	4097
Oaz3	348	364	262	236	278	293
Obfc1	655	689	430	391	408	471
Obox1	0	0	0	0	0	0
Obox2	0	0	0	0	0	0
Obox3	0	0	0	0	0	0
Obox3-ps1-001	0	0	0	0	0	0
Obox3-ps2-001	0	0	0	0	0	0
Obox3-ps3-001	0	0	0	0	0	0
Obox3-ps4-001	0	0	0	0	0	0
Obox3-ps5-001	0	0	0	0	0	0
Obox3-ps6-001	0	0	0	0	0	0
Obox3-ps7-001	2	2	0	2	0	3
Obox4-ps1-001	0	1	0	0	0	0
Obox4-ps10-001	0	0	0	0	0	0
Obox4-ps11-001	0	0	0	0	0	0
Obox4-ps12-001	0	0	0	0	0	0
Obox4-ps13-001	0	0	0	0	0	0
Obox4-ps14-001	0	0	0	0	0	0
Obox4-ps15-001	0	0	0	0	0	0
Obox4-ps16-001	0	0	0	0	0	0
Obox4-ps17-001	0	0	0	0	0	0
Obox4-ps18-001	0	0	0	0	0	0
Obox4-ps19-001	0	0	0	0	0	0
Obox4-ps2-001	1	1	0	0	0	1
Obox4-ps20-001	0	0	0	0	0	0
Obox4-ps21-001	0	0	0	0	0	0
Obox4-ps22-001	0	0	0	0	0	0
Obox4-ps23-001	0	0	0	0	0	0
Obox4-ps24-001	0	0	0	0	0	0
Obox4-ps25-001	0	0	0	0	0	0
Obox4-ps26-001	0	0	0	0	0	0
Obox4-ps27-001	0	0	0	0	0	0
Obox4-ps28-001	0	0	0	0	0	0
Obox4-ps29-001	0	0	0	0	0	0
Obox4-ps3-001	1	0	0	0	0	0
Obox4-ps30-001	0	0	0	0	0	0
Obox4-ps31-001	0	0	0	0	0	0
Obox4-ps32-001	0	0	0	0	0	0
Obox4-ps33-001	0	0	0	0	0	0
Obox4-ps34-001	0	0	0	0	0	0
Obox4-ps36-001	0	0	0	0	0	0
Obox4-ps37-001	0	0	0	0	0	0
Obox4-ps38-001	0	0	0	0	0	0
Obox4-ps39-001	0	0	0	0	0	0
Obox4-ps4-001	0	0	0	0	0	0
Obox4-ps5-001	0	0	0	0	0	0
Obox4-ps6-001	0	0	0	0	0	0
Obox4-ps7-001	0	0	0	0	0	0
Obox4-ps8-001	0	0	0	0	0	0
Obox4-ps9-001	0	0	0	0	0	0
Obox5	0	0	0	0	0	0
Obox6	16	6	2	7	11	15
Obox7	0	0	0	0	0	0
Obox8	0	0	0	0	0	0
Obp1a	0	0	0	0	0	0
Obp1b	0	0	0	0	0	0
Obp2a	0	0	0	0	0	0
Obp2b	0	0	0	0	0	0
Obscn	114	112	101	301	294	290
Obsl1	412	346	272	286	339	381
Oc90	3	6	5	3	12	4
Oca2	32	76	39	25	58	23
Ocel1	1118	1127	890	620	689	748
Ociad1	8440	8098	5733	4801	5313	5622
Ociad2	574	588	432	349	370	333
Ocln	257	240	180	126	135	168
Ocm	0	2	5	3	1	5
Ocrl	3268	3210	2302	2287	2605	2939
Ocstamp	0	0	0	0	0	0
Odam	0	0	0	0	0	0
Odc1	6081	6034	4510	2219	2884	3296
Odf1	0	1	0	0	0	0
Odf2	2139	2056	1547	1532	1844	1849
Odf2l	960	991	657	663	777	808
Odf3	30	29	22	10	20	14
Odf3b	18	12	20	18	10	15
Odf3l1	0	0	0	1	0	1
Odf3l2	9	1	3	2	6	4
Odf4	1	7	5	0	1	1
Ofcc1	8	8	1	1	3	3
Ofd1	2152	1916	1591	1501	1774	1872
Ogdh	9974	9269	6989	6246	7070	7651
Ogdhl	4525	4332	3141	2981	3273	3601
Ogfod1	2536	2164	1673	1638	1822	2050
Ogfod2	602	590	427	444	490	545
Ogfod3	572	515	416	356	356	409
Ogfr	1995	1851	1421	1212	1319	1510
Ogfrl1	5696	5487	3718	4262	4694	5157
Ogg1	212	244	165	175	188	228
Ogn	309	296	246	65	42	32
Ogt	10980	10452	7761	7201	8216	8204
Oip5	25	27	21	20	26	19
Oit1	1	7	8	0	6	5
Oit3	21	27	19	27	11	32
Ola1	1990	1954	1349	1270	1378	1638
Olah	3	4	4	3	4	7
Olfm1	4461	4111	3151	3112	3234	3623
Olfm2	427	445	312	344	409	395
Olfm3	1413	1313	924	1143	1219	1423
Olfm4	224	241	164	167	155	189
Olfm5	0	1	0	0	0	0
Olfml1	11	15	28	23	23	12
Olfml2a	521	553	400	70	53	53
Olfml2b	132	124	81	66	87	86
Olfml3	325	306	250	255	255	301
Olfr1	0	0	0	0	0	0
Olfr10	2	0	0	0	0	1
Olfr1000	0	0	0	0	0	0
Olfr1001-ps1-001	0	0	0	0	0	0
Olfr1002	0	0	0	0	0	0
Olfr1003-ps1-001	0	0	0	0	0	0
Olfr1004-ps1-001	0	0	0	0	0	0
Olfr1006	0	0	0	0	0	0
Olfr1008	0	0	0	0	0	0
Olfr1009	0	0	0	0	0	0
Olfr101	0	1	0	0	0	0
Olfr1012	0	0	0	0	0	0
Olfr1013	0	0	0	0	0	0
Olfr1014	0	0	0	0	0	0
Olfr1015	0	0	0	0	0	0
Olfr1016	0	0	0	0	0	0
Olfr1017-ps1-001	0	0	0	0	0	0
Olfr1018	0	0	0	0	0	0
Olfr1019	0	0	0	0	0	0
Olfr102	0	1	0	0	0	0
Olfr1020	0	0	0	0	0	0
Olfr1021-ps1-001	0	0	0	0	0	0
Olfr1022	0	0	0	0	0	0
Olfr1023	0	0	0	0	0	0
Olfr1024	0	0	0	0	0	0
Olfr1025-ps1	0	0	0	0	0	0
Olfr1026	0	0	0	0	0	0
Olfr1027-ps1-001	0	0	0	0	0	0
Olfr1028	0	0	0	0	0	0
Olfr1029	0	0	1	0	0	0
Olfr103	0	0	0	0	0	0
Olfr1030	0	0	0	0	0	0
Olfr1031	0	0	0	0	0	0
Olfr1032	0	0	0	0	0	0
Olfr1033	1	1	1	0	0	0
Olfr1034	1	0	0	0	0	0
Olfr1035-ps1-001	0	0	0	0	0	0
Olfr1036	0	0	0	0	0	0
Olfr1037	0	0	0	0	0	0
Olfr1038-ps-001	0	0	0	0	0	0
Olfr1039	0	0	0	0	0	0
Olfr104-ps-001	0	0	0	0	0	0
Olfr1040	0	0	0	0	0	0
Olfr1042	0	0	0	0	0	0
Olfr1043	0	0	0	0	0	0
Olfr1044	0	0	0	0	0	0
Olfr1045	0	0	0	0	0	0
Olfr1046	0	0	0	0	0	0
Olfr1047	0	0	0	0	0	0
Olfr1048	0	0	0	0	0	0
Olfr1049	0	0	0	0	0	0
Olfr105-ps-001	0	0	0	0	0	0
Olfr1050-ps1-001	0	0	0	0	0	0
Olfr1051	0	0	0	0	0	0
Olfr1052	0	0	0	0	0	0
Olfr1053	0	0	0	0	0	0
Olfr1054	0	0	0	0	0	0
Olfr1055	0	0	5	0	0	0
Olfr1056	0	0	0	0	0	0
Olfr1057	0	0	0	0	0	0
Olfr1058	0	0	0	0	0	0
Olfr106-ps	0	0	0	0	0	0
Olfr1060-ps1-001	0	0	0	0	0	0
Olfr1061	0	0	0	0	0	0
Olfr1062	0	0	0	0	0	0
Olfr1063-ps1-001	0	0	0	0	0	0
Olfr1065	0	0	0	0	0	0
Olfr1066	0	0	0	0	0	0
Olfr1069-ps1-001	0	0	0	0	0	0
Olfr107	0	0	0	0	0	0
Olfr1073-ps1-001	0	0	0	0	0	0
Olfr1076	0	0	0	0	0	0
Olfr1077-ps1-001	0	0	0	0	0	0
Olfr1078-ps1-001	0	0	0	0	0	0
Olfr1079	0	0	0	0	0	0
Olfr108	0	0	0	0	0	0
Olfr1080	0	0	0	0	0	0
Olfr1081-ps1-001	0	0	0	0	0	0
Olfr1082	0	0	0	0	0	0
Olfr1083-ps-001	0	0	0	0	0	0
Olfr1084	0	0	0	0	0	0
Olfr1085	0	0	0	0	0	0
Olfr1086	0	0	0	0	0	0
Olfr1087	0	0	0	0	0	0
Olfr1089	0	0	0	0	0	0
Olfr109	0	0	0	0	0	0
Olfr1090	0	0	0	0	0	0
Olfr1093	0	0	0	0	0	0
Olfr1094	0	0	0	0	0	0
Olfr1095	0	0	0	0	0	0
Olfr1096-ps1	0	0	0	0	0	0
Olfr1097	0	0	0	0	0	0
Olfr1098	0	0	0	0	0	0
Olfr1099	0	0	0	0	0	0
Olfr11	0	0	0	0	0	1
Olfr110	0	0	0	0	0	0
Olfr1100	0	0	0	0	0	0
Olfr1101	0	0	0	0	0	0
Olfr1102	0	0	0	0	0	0
Olfr1103-ps1-001	0	0	0	0	0	0
Olfr1104	0	0	0	0	0	0
Olfr1105	0	0	0	0	0	0
Olfr1106	0	0	0	0	0	0
Olfr1107	0	0	0	0	0	0
Olfr1109	0	0	0	0	0	0
Olfr111	2	0	0	0	0	0
Olfr1110	0	0	0	0	0	0
Olfr1111	0	0	0	0	0	0
Olfr1112	0	0	0	0	0	0
Olfr1113	0	0	0	0	0	0
Olfr1115	0	0	0	0	0	0
Olfr1116	0	0	0	0	0	0
Olfr1117-ps1-001	0	0	0	0	0	0
Olfr1118	0	0	0	0	0	0
Olfr112	0	0	0	0	0	0
Olfr1120	1	0	0	0	0	0
Olfr1121	0	0	0	0	0	0
Olfr1122	0	0	0	0	0	0
Olfr1123	0	0	0	0	0	0
Olfr1124	0	0	0	0	0	0
Olfr1126	0	0	0	0	0	0
Olfr1127-ps1-001	0	0	0	0	0	0
Olfr1128	2	2	0	0	0	0
Olfr1129	0	0	0	0	1	0
Olfr113	0	0	0	0	0	0
Olfr1130	0	0	0	0	0	0
Olfr1131	0	0	0	0	0	0
Olfr1132	0	1	0	0	0	0
Olfr1133	0	0	0	0	0	0
Olfr1134	0	0	0	0	0	0
Olfr1135	0	0	0	0	0	0
Olfr1136	0	0	0	0	0	0
Olfr1137	0	0	0	0	0	0
Olfr1138	0	0	0	0	0	0
Olfr114	0	0	0	0	0	0
Olfr1140	1	0	0	0	0	0
Olfr1141	0	0	0	0	0	0
Olfr1143	0	0	0	0	0	0
Olfr1144-ps1-001	0	0	0	0	0	0
Olfr1145	0	0	0	0	0	0
Olfr1146-ps1-001	0	0	0	0	0	0
Olfr1147-ps1-001	0	0	0	0	0	0
Olfr1148	0	0	0	0	0	0
Olfr1149-ps1-001	0	0	0	0	0	0
Olfr115	0	0	0	0	0	0
Olfr1150-ps1-001	0	0	0	0	0	0
Olfr1151	0	0	0	0	0	0
Olfr1152	0	0	0	0	0	0
Olfr1153	0	0	0	0	0	0
Olfr1154	0	0	0	0	0	0
Olfr1155	0	0	0	0	0	0
Olfr1156	0	0	0	0	0	0
Olfr1157	0	0	0	0	0	0
Olfr1158	0	0	0	0	0	0
Olfr1159-ps1-001	0	0	0	0	0	0
Olfr116	0	0	0	0	0	0
Olfr1160	0	0	0	0	0	0
Olfr1161	0	0	0	0	0	0
Olfr1162	0	0	0	0	0	0
Olfr1163	0	0	0	0	0	0
Olfr1164	0	0	0	0	0	0
Olfr1165-ps-001	0	0	0	0	0	0
Olfr1166	0	0	0	0	0	0
Olfr1167	0	0	0	0	0	0
Olfr1168	0	0	0	0	0	0
Olfr1169-ps1-001	0	0	0	0	0	0
Olfr117	0	0	0	0	0	0
Olfr1170	0	0	0	0	0	0
Olfr1171-ps1	0	0	0	0	0	0
Olfr1172-ps1-001	0	0	0	0	0	0
Olfr1173	0	0	0	0	0	0
Olfr1174-ps-001	0	0	0	0	0	0
Olfr1175-ps-001	0	0	0	0	0	0
Olfr1176	0	0	0	0	0	0
Olfr1177-ps-001	0	0	0	0	0	0
Olfr1178	0	0	0	0	0	0
Olfr1179	0	0	0	0	0	0
Olfr118	0	0	0	0	0	0
Olfr1180	0	0	0	0	0	0
Olfr1181	0	0	0	0	0	0
Olfr1182	0	0	0	0	0	0
Olfr1183	0	0	0	0	0	0
Olfr1184	0	0	0	0	0	0
Olfr1185-ps1-001	0	0	0	0	0	0
Olfr1186	0	0	0	0	0	0
Olfr1187-ps1	0	0	0	0	0	0
Olfr1188	0	0	0	0	0	0
Olfr1189	0	0	0	0	0	0
Olfr119	0	0	0	0	0	0
Olfr1191-ps1-001	0	0	0	0	0	0
Olfr1192-ps1	0	0	0	0	0	0
Olfr1193	0	0	0	0	0	0
Olfr1195	0	0	0	0	0	0
Olfr1196	0	0	0	0	0	0
Olfr1197	0	0	0	0	0	0
Olfr1198	0	0	0	0	0	0
Olfr1199	0	0	0	0	0	0
Olfr12	2	0	0	0	0	0
Olfr120	0	0	0	0	0	0
Olfr1200	0	0	0	0	0	0
Olfr1201	0	0	0	0	0	0
Olfr1202	0	0	0	0	0	0
Olfr1204	0	0	0	0	0	0
Olfr1205	0	0	0	0	0	0
Olfr1206	0	0	0	0	0	0
Olfr1208	1	0	0	0	0	0
Olfr1209	0	0	0	0	0	0
Olfr121	0	0	0	0	0	0
Olfr1211	0	0	0	0	0	0
Olfr1212	0	0	0	0	0	0
Olfr1213	0	0	0	0	0	0
Olfr1214	0	0	0	0	0	0
Olfr1215	0	0	0	0	0	0
Olfr1216	0	0	0	0	0	0
Olfr1217	0	0	0	0	0	0
Olfr1218	0	0	0	0	0	0
Olfr1219	0	0	0	0	0	0
Olfr122	0	0	0	0	0	0
Olfr1220	0	0	0	0	0	0
Olfr1221	0	0	0	0	0	0
Olfr1222	0	0	0	0	0	0
Olfr1223	0	0	0	0	0	0
Olfr1224-ps1	0	0	0	0	0	0
Olfr1225	0	0	0	0	0	0
Olfr1226	0	0	0	0	0	0
Olfr1228	0	0	0	0	0	0
Olfr1229	0	0	0	0	0	0
Olfr123	0	0	0	0	0	0
Olfr1230	0	0	0	0	0	0
Olfr1231	0	0	0	0	0	0
Olfr1232	0	0	0	0	0	0
Olfr1233	0	0	0	0	0	0
Olfr1234	0	0	0	0	0	0
Olfr1235-ps1-001	0	0	0	0	0	0
Olfr1238	0	0	0	0	0	0
Olfr1239	0	0	0	0	0	0
Olfr124	0	0	0	0	0	0
Olfr1240	0	0	0	0	0	0
Olfr1241	0	0	0	0	0	0
Olfr1242	0	0	0	0	0	0
Olfr1243	0	0	0	0	0	0
Olfr1245	0	0	0	0	0	0
Olfr1246	0	0	0	0	0	0
Olfr1247	0	0	0	0	0	0
Olfr1248	0	0	0	0	0	0
Olfr1249	0	0	0	0	0	0
Olfr125	0	0	0	0	0	0
Olfr1250	0	0	0	0	0	0
Olfr1251	0	0	0	0	0	0
Olfr1252	0	0	0	0	0	0
Olfr1253	0	0	0	0	0	0
Olfr1254	0	0	0	0	0	0
Olfr1255	0	0	0	0	0	0
Olfr1256	0	0	0	0	0	0
Olfr1257	0	0	0	0	0	0
Olfr1258	0	0	0	0	0	0
Olfr1259	0	0	0	0	0	0
Olfr126	0	0	0	0	0	0
Olfr1260	0	0	0	0	0	0
Olfr1261	0	0	0	0	0	0
Olfr1262	0	0	0	0	0	0
Olfr1263	0	0	0	0	0	0
Olfr1264	0	0	0	0	0	0
Olfr1265	0	0	0	0	0	0
Olfr1267-ps1-001	0	0	0	0	0	0
Olfr1268-ps1-001	0	0	0	0	0	0
Olfr1269	0	0	0	0	0	0
Olfr127	0	0	0	0	0	0
Olfr1270	0	0	0	0	0	0
Olfr1271	0	0	0	0	0	0
Olfr1272	0	0	0	0	0	0
Olfr1273-ps-001	0	0	0	0	0	0
Olfr1274-ps-001	0	0	0	0	0	0
Olfr1275	0	0	0	0	0	0
Olfr1276	0	0	0	0	0	0
Olfr1277	0	0	0	0	0	0
Olfr1278	0	0	0	1	0	0
Olfr1279	0	0	0	0	0	0
Olfr128	0	0	0	0	0	0
Olfr1280	0	0	0	0	0	0
Olfr1281	0	0	0	0	0	0
Olfr1282	0	0	0	0	0	0
Olfr1283	0	0	0	0	0	0
Olfr1284	0	0	0	0	0	0
Olfr1285-001	0	0	0	0	0	0
Olfr1286	0	0	0	0	0	0
Olfr1287	0	0	0	0	0	0
Olfr1288	0	0	0	0	0	0
Olfr1289	0	0	0	0	0	0
Olfr129	0	0	0	0	0	1
Olfr1290	0	0	0	0	0	0
Olfr1291-ps1-001	0	2	0	0	0	0
Olfr1292-ps1-001	0	0	0	0	0	0
Olfr1293-ps	0	0	0	0	0	0
Olfr1294	0	0	0	0	0	0
Olfr1295	0	0	0	0	0	0
Olfr1296-ps1-001	0	0	0	0	0	0
Olfr1297	0	0	0	0	0	0
Olfr1298	0	0	0	0	0	0
Olfr1299	0	0	0	0	0	0
Olfr13	0	0	0	0	0	0
Olfr130	0	0	0	0	0	0
Olfr1301	0	0	0	0	0	0
Olfr1302	0	0	0	0	0	0
Olfr1303	0	0	0	0	0	0
Olfr1304-ps1-001	0	0	0	0	0	0
Olfr1305	0	0	0	0	0	0
Olfr1306	0	0	0	0	0	0
Olfr1307	0	0	0	0	0	0
Olfr1308	0	0	0	0	0	0
Olfr1309	0	0	0	0	0	0
Olfr131	0	1	0	0	0	0
Olfr1310	0	0	0	0	0	0
Olfr1311	0	0	0	0	0	0
Olfr1312	0	0	0	0	0	0
Olfr1313	0	0	0	0	0	0
Olfr1314	2	0	0	1	0	0
Olfr1315-ps1	0	0	0	0	0	0
Olfr1316	0	0	0	0	0	0
Olfr1317	0	0	0	0	0	0
Olfr1318	0	0	0	0	0	0
Olfr1319-ps1-001	0	0	0	0	0	0
Olfr132	0	0	0	0	0	0
Olfr1320	0	0	0	0	0	0
Olfr1321	0	0	0	0	0	0
Olfr1322	0	0	0	0	0	0
Olfr1323	0	0	0	0	0	0
Olfr1324	0	0	0	0	0	0
Olfr1325	0	0	0	0	0	0
Olfr1326-ps1	0	0	0	0	0	0
Olfr1327-ps1-001	0	0	0	0	0	0
Olfr1328	0	0	0	0	0	0
Olfr1329	0	0	0	0	0	0
Olfr133	0	0	0	0	0	0
Olfr1330	0	0	0	1	0	0
Olfr1331	0	0	0	0	0	0
Olfr1332-ps1-001	0	0	0	0	0	0
Olfr1333	0	0	0	0	0	0
Olfr1335	0	0	0	0	0	0
Olfr1336	0	0	0	0	0	0
Olfr1337	0	0	0	0	0	0
Olfr1338	0	0	0	0	0	0
Olfr1339	0	0	0	1	0	0
Olfr134	0	0	0	0	0	0
Olfr1340	0	0	0	0	0	0
Olfr1341	0	0	0	0	0	0
Olfr1342	0	0	0	0	1	0
Olfr1343-ps1-001	0	0	0	0	0	0
Olfr1344	1	4	5	2	4	2
Olfr1345-ps1-001	0	0	0	0	1	0
Olfr1346	0	0	0	0	0	0
Olfr1347	0	0	0	0	0	0
Olfr1348	0	0	0	1	1	0
Olfr1349	2	2	1	5	5	4
Olfr135	0	0	0	0	0	0
Olfr1350	0	0	0	0	0	0
Olfr1351	1	0	1	0	0	0
Olfr1352	0	0	0	0	0	2
Olfr1353	0	0	0	0	0	0
Olfr1354	0	0	0	0	0	0
Olfr1355	0	0	0	0	0	0
Olfr1356	0	0	0	0	0	0
Olfr1357	0	0	0	0	0	0
Olfr1358-001	0	0	0	0	0	0
Olfr1359	0	0	0	0	0	0
Olfr136	0	0	0	0	0	0
Olfr1360	0	0	0	0	0	0
Olfr1361	0	0	0	0	1	0
Olfr1362	0	0	0	0	0	0
Olfr1364	0	0	0	0	0	0
Olfr1366	0	1	1	1	3	0
Olfr1367	0	0	0	0	0	0
Olfr1368	0	0	0	0	0	0
Olfr1369-ps1	0	0	0	0	0	0
Olfr137	0	0	0	0	0	0
Olfr1370	0	0	0	0	0	0
Olfr1371	0	2	0	0	0	0
Olfr1372-ps1	76	55	60	14	15	5
Olfr1373	0	1	1	0	2	0
Olfr1374-ps1-001	0	0	0	0	0	0
Olfr1375	0	0	1	0	0	0
Olfr1376-ps1-001	0	0	0	1	0	0
Olfr1377	2	1	0	2	1	3
Olfr1378	2	4	5	3	2	5
Olfr1379-ps1-001	0	0	0	0	1	2
Olfr138	0	0	0	0	0	0
Olfr1380	0	0	0	0	0	0
Olfr1381	0	0	0	0	0	0
Olfr1382	0	1	0	0	0	0
Olfr1383	2	3	7	0	0	0
Olfr1384	0	0	0	0	0	0
Olfr1385	0	0	0	0	0	0
Olfr1386	0	0	0	0	0	0
Olfr1387	0	0	0	0	0	0
Olfr1388	0	0	0	0	0	0
Olfr1389	0	0	0	0	0	0
Olfr139	0	1	0	0	0	0
Olfr1390	0	0	0	0	0	0
Olfr1391	0	0	0	0	0	0
Olfr1392	6	2	2	1	0	1
Olfr1393	4	1	1	1	3	5
Olfr1394	0	0	0	0	0	0
Olfr1395	0	0	0	0	0	0
Olfr1396	0	0	0	0	0	0
Olfr1397-ps1-001	1	9	4	2	3	2
Olfr140	0	0	0	0	0	0
Olfr1400-ps1-001	0	0	0	0	0	0
Olfr1402	0	0	0	0	0	0
Olfr1404	0	0	0	0	0	0
Olfr1406	0	0	0	1	1	0
Olfr1407-ps1-001	0	0	0	0	0	0
Olfr1408	0	0	0	0	0	0
Olfr1409-ps1-001	0	0	0	0	0	0
Olfr141	0	0	0	0	0	0
Olfr1410	0	0	0	0	0	0
Olfr1411	0	0	0	0	0	0
Olfr1412	0	0	0	0	0	0
Olfr1413	0	0	0	0	0	0
Olfr1414	0	0	0	0	0	0
Olfr1415	0	0	0	0	0	0
Olfr1416	0	0	0	0	0	0
Olfr1417	23	25	24	9	21	30
Olfr1418	9	6	3	2	6	7
Olfr1419	0	0	0	0	0	0
Olfr142	0	0	0	0	0	0
Olfr1420	3	4	2	6	2	3
Olfr1421-ps1-001	0	0	0	0	0	0
Olfr1422-ps1-001	0	0	0	0	0	0
Olfr1423	0	0	0	1	0	0
Olfr1424	0	0	0	0	0	0
Olfr1425	0	0	1	0	0	0
Olfr1426	0	0	2	0	0	0
Olfr1427	0	0	0	0	0	0
Olfr1428	0	0	0	0	0	0
Olfr143	0	0	0	0	0	0
Olfr1430-ps1-001	0	0	0	0	0	0
Olfr1431	0	0	0	0	0	0
Olfr1432	0	0	0	0	0	0
Olfr1434	0	0	0	0	0	0
Olfr1435-ps1-001	0	0	0	0	0	0
Olfr1436	0	0	0	0	0	0
Olfr1437	0	0	0	0	0	0
Olfr1438-ps1	0	0	0	0	0	0
Olfr1439-ps1-001	0	0	0	0	0	0
Olfr1440	0	0	0	0	0	0
Olfr1441	0	0	0	0	0	0
Olfr1442	0	0	0	0	0	0
Olfr1443	0	1	0	0	0	0
Olfr1444	0	0	0	0	0	0
Olfr1445	0	0	0	0	0	0
Olfr1446	0	0	0	0	0	0
Olfr1447	0	0	0	0	0	0
Olfr1448	0	0	0	0	0	0
Olfr1449	0	0	0	0	0	0
Olfr145	0	0	0	0	0	0
Olfr1450	0	0	0	0	0	0
Olfr1451	0	0	0	0	0	0
Olfr1452-ps1-201	0	0	0	0	0	0
Olfr1453	0	0	0	0	0	0
Olfr1454	0	0	0	0	0	0
Olfr1455-ps1-001	0	0	0	0	0	0
Olfr1456-ps1-001	0	0	0	0	0	0
Olfr1457	0	0	0	0	0	0
Olfr1458	0	0	0	0	0	0
Olfr1459	0	0	0	0	0	0
Olfr146	0	0	0	0	0	0
Olfr1460-ps1-001	0	0	0	0	0	0
Olfr1461	0	0	0	0	0	0
Olfr1462	0	0	0	0	0	0
Olfr1463	0	0	0	0	0	0
Olfr1465	0	0	0	0	0	0
Olfr1466	0	0	0	0	0	0
Olfr1467	0	0	0	0	0	0
Olfr1469	0	0	0	0	0	0
Olfr147	0	0	0	0	0	0
Olfr1470-ps1-001	0	0	0	0	0	0
Olfr1471	0	0	0	0	0	0
Olfr1472	0	0	0	0	0	0
Olfr1473-ps1-001	0	0	0	0	0	0
Olfr1474	0	0	0	0	0	0
Olfr1475	0	0	0	0	0	0
Olfr1476-ps1-001	0	0	0	0	0	0
Olfr1477	0	0	0	0	0	0
Olfr1478-ps1-001	0	0	0	0	0	0
Olfr1479-ps1-001	0	0	0	0	0	0
Olfr148	0	0	0	0	0	0
Olfr1480	0	0	0	0	0	0
Olfr1481-ps1-001	0	0	0	0	0	0
Olfr1482-ps1-001	0	0	0	0	0	0
Olfr1483-ps1-001	0	0	0	0	0	0
Olfr1484	0	0	0	0	0	0
Olfr1485-ps1-001	0	0	0	0	0	0
Olfr1486-ps1-001	0	0	0	0	0	0
Olfr1487	0	0	0	0	0	0
Olfr1488-ps1-001	0	0	0	0	0	0
Olfr1489	0	0	0	0	0	0
Olfr149	0	0	0	0	0	0
Olfr1490	0	0	0	0	0	0
Olfr1491	0	0	0	0	0	0
Olfr1492-ps1-001	0	0	0	0	0	0
Olfr1493-ps1	0	0	0	0	0	0
Olfr1494	0	0	0	0	0	0
Olfr1495	0	0	0	0	0	0
Olfr1496	0	0	0	0	0	0
Olfr1497	0	0	0	0	0	0
Olfr1498-ps1-001	0	0	0	0	0	0
Olfr1499	0	0	0	0	0	0
Olfr15	0	0	0	0	0	0
Olfr150	0	0	0	0	0	0
Olfr1500	0	0	0	0	0	0
Olfr1501	0	0	0	0	0	0
Olfr1502	0	0	0	0	0	0
Olfr1503-ps1-001	0	0	0	0	0	0
Olfr1504	0	0	0	0	0	0
Olfr1505	0	0	0	0	0	0
Olfr1506	0	0	0	0	0	0
Olfr1507	0	0	0	0	0	0
Olfr1508	0	0	0	1	0	0
Olfr1509	0	0	0	0	0	0
Olfr1510	0	0	0	0	0	0
Olfr1511	0	0	0	0	0	0
Olfr1512	2	1	0	0	0	0
Olfr1513	0	0	0	1	0	0
Olfr152	0	0	0	0	0	0
Olfr1527-ps1-001	0	0	0	0	0	0
Olfr153	2	2	1	0	0	0
Olfr1532-ps1	0	0	0	0	0	0
Olfr1535	0	0	0	0	0	0
Olfr1537	0	0	0	0	0	0
Olfr154	0	0	0	0	0	0
Olfr1542-ps1-001	0	0	0	0	0	0
Olfr1544-ps1-001	0	0	0	0	0	0
Olfr155	0	0	0	0	0	0
Olfr1555-ps1	0	0	0	0	0	0
Olfr1556-ps1-001	4	5	3	2	3	3
Olfr156	0	0	0	0	0	0
Olfr157	0	0	0	0	0	0
Olfr159	0	0	0	0	0	0
Olfr16	1	1	1	0	0	0
Olfr160	0	0	0	0	0	0
Olfr161	0	0	0	0	0	0
Olfr162-ps1-001	0	0	0	0	0	0
Olfr163-ps1-001	0	0	0	0	0	0
Olfr164	0	0	0	0	0	0
Olfr165	0	0	0	0	0	0
Olfr166	0	0	0	0	0	0
Olfr167	0	0	0	0	0	0
Olfr168	0	0	0	0	0	0
Olfr169	0	0	0	0	0	0
Olfr17	0	0	0	0	0	0
Olfr170	0	0	0	0	0	0
Olfr171	0	1	0	0	1	0
Olfr172	0	0	0	0	0	0
Olfr173	0	0	0	0	0	0
Olfr175-ps1	0	0	0	0	0	0
Olfr177	0	0	0	0	0	0
Olfr178	0	0	0	0	0	0
Olfr18	1	3	1	3	2	1
Olfr180	0	0	0	0	0	0
Olfr181	0	0	0	0	0	0
Olfr183	0	0	0	0	0	0
Olfr184-ps1-001	0	0	0	0	0	0
Olfr185-ps1-001	0	0	0	0	0	0
Olfr186	0	0	0	0	0	0
Olfr187	0	0	0	0	1	0
Olfr188-ps1-001	0	0	0	0	0	0
Olfr189-ps1-001	0	0	0	0	0	0
Olfr19	0	1	0	0	0	0
Olfr190	0	0	0	0	0	0
Olfr191	0	0	0	0	0	0
Olfr192-201	0	0	0	0	0	0
Olfr193	0	0	0	0	0	0
Olfr194	0	0	0	0	0	0
Olfr195	0	0	0	0	0	0
Olfr196	0	0	0	0	0	0
Olfr197-201	0	0	0	0	0	0
Olfr198	0	0	0	0	0	0
Olfr199	0	0	0	0	0	0
Olfr2	0	0	0	0	0	0
Olfr20	0	0	0	0	0	0
Olfr200-ps1-001	0	0	0	0	0	0
Olfr201	0	0	0	0	0	0
Olfr202	0	0	0	0	0	0
Olfr203	0	0	0	0	0	0
Olfr204	2	0	0	0	0	0
Olfr205	1	0	0	0	0	1
Olfr206	1	0	0	0	0	0
Olfr209	0	0	0	1	0	0
Olfr210-ps1-001	0	0	0	0	0	0
Olfr211	2	2	0	0	1	0
Olfr212	1	1	0	0	0	3
Olfr213	0	0	0	0	0	0
Olfr214	0	0	0	0	0	0
Olfr215	0	0	0	0	0	0
Olfr218	0	0	0	0	0	0
Olfr220	0	0	0	0	0	0
Olfr221	1	1	1	0	1	0
Olfr222	0	0	0	0	0	0
Olfr223	0	0	0	0	0	0
Olfr224	0	0	0	0	0	0
Olfr228	0	0	0	0	0	0
Olfr229	0	0	0	0	0	0
Olfr23	0	0	0	0	0	0
Olfr231	0	0	0	1	0	2
Olfr235	0	0	0	0	0	0
Olfr237-ps1	0	0	0	0	0	0
Olfr239	2	6	6	2	2	4
Olfr24	0	0	0	0	0	0
Olfr240-ps1-001	0	0	0	0	0	0
Olfr241-ps1-001	0	0	0	0	0	0
Olfr243	0	0	0	0	0	0
Olfr247	0	0	0	0	0	0
Olfr248	0	0	0	0	0	0
Olfr25	0	0	0	0	0	0
Olfr250	0	0	0	0	0	0
Olfr251	0	0	0	0	0	0
Olfr258-ps1-001	0	0	0	0	0	0
Olfr259	0	0	0	0	0	0
Olfr26	0	0	0	0	0	0
Olfr260-ps1-001	0	0	0	0	0	0
Olfr262	0	0	0	0	0	0
Olfr263	0	0	0	0	0	0
Olfr266	2	0	0	0	1	0
Olfr267	1	2	2	4	1	2
Olfr268-ps1-001	0	0	0	0	0	0
Olfr269-ps1-001	0	1	0	0	0	0
Olfr27	0	0	0	0	0	0
Olfr270	0	0	0	0	0	0
Olfr271-ps1-001	0	0	0	0	0	0
Olfr272	0	0	0	0	0	0
Olfr273	0	0	0	0	0	0
Olfr275	0	0	0	0	0	0
Olfr277-ps1-001	2	0	0	1	0	1
Olfr278-ps1-001	0	0	0	0	0	0
Olfr279	0	0	0	0	0	0
Olfr281	0	0	1	0	0	0
Olfr282	0	1	0	1	1	0
Olfr283	0	0	0	2	3	4
Olfr284	0	0	0	2	3	1
Olfr285	0	0	1	0	0	0
Olfr286	1	0	0	0	0	0
Olfr287	1	1	2	0	0	0
Olfr288	5	7	5	1	4	1
Olfr29-ps1-001	0	0	0	0	0	0
Olfr290	0	0	0	0	0	0
Olfr291	0	0	0	0	0	0
Olfr292	0	0	0	0	0	0
Olfr293	0	0	0	0	0	0
Olfr294	0	0	0	0	0	0
Olfr295	0	0	0	0	0	0
Olfr297	0	0	0	0	0	0
Olfr298	0	0	0	0	0	0
Olfr299	0	0	0	0	0	0
Olfr3	0	0	0	0	0	0
Olfr30	0	0	0	0	0	0
Olfr301	0	0	0	0	0	0
Olfr303	0	0	0	0	0	0
Olfr304	0	0	0	0	0	0
Olfr305	0	0	0	0	0	0
Olfr306-ps1-001	0	0	0	0	0	0
Olfr307	0	0	0	0	0	0
Olfr308	0	0	0	0	0	0
Olfr309	0	0	0	0	0	0
Olfr31	1	0	3	8	11	14
Olfr310	0	0	0	0	0	0
Olfr311	0	0	0	0	0	0
Olfr312	0	0	0	0	0	0
Olfr313	0	0	0	0	0	0
Olfr314	0	0	0	0	0	0
Olfr315	0	0	0	0	0	0
Olfr316	0	0	0	0	0	0
Olfr317	3	1	0	0	2	2
Olfr318	0	0	0	0	0	0
Olfr319	0	0	0	0	0	0
Olfr32	0	0	0	0	0	0
Olfr320	0	0	0	0	0	1
Olfr322	0	0	0	0	0	0
Olfr323	0	0	0	0	0	0
Olfr324	5	5	5	0	0	1
Olfr325	0	0	0	0	0	0
Olfr326-ps1-001	0	0	0	0	0	0
Olfr328	0	0	0	0	0	0
Olfr329-ps	0	0	0	2	0	0
Olfr33	0	0	0	0	1	0
Olfr330	0	0	0	1	0	0
Olfr331	1	0	0	0	0	0
Olfr332	0	0	0	0	0	0
Olfr333-ps1-001	0	0	0	0	0	0
Olfr334-ps1-001	0	0	0	0	1	0
Olfr335-ps-001	0	0	0	0	0	0
Olfr336-ps1-001	0	0	0	0	0	0
Olfr337-ps1-001	0	0	0	0	0	0
Olfr338	0	0	0	0	0	0
Olfr339	0	0	0	0	0	0
Olfr340	0	0	0	0	0	0
Olfr341	0	0	0	0	0	0
Olfr342	0	0	0	0	0	0
Olfr343-ps1-001	0	0	0	0	0	0
Olfr344	0	0	0	0	0	0
Olfr345	0	0	0	0	0	0
Olfr346	0	0	0	0	0	0
Olfr347	0	0	0	0	0	0
Olfr348	0	0	0	0	0	0
Olfr349-ps1-001	0	0	0	0	0	0
Olfr350	0	0	0	0	0	0
Olfr351	0	0	0	0	0	0
Olfr352	0	0	0	0	0	0
Olfr353	0	0	0	0	0	0
Olfr354	0	0	0	0	0	0
Olfr355	0	0	0	0	0	0
Olfr356	0	0	0	0	0	0
Olfr357	0	0	0	0	0	0
Olfr358	0	0	0	0	0	0
Olfr359-ps1-001	0	0	0	0	0	0
Olfr360	0	0	0	0	0	0
Olfr361	0	0	0	0	0	0
Olfr362	0	0	0	0	0	0
Olfr363-ps-001	0	0	0	0	0	0
Olfr364-ps1	0	0	0	0	0	0
Olfr365	0	0	0	0	0	0
Olfr366	0	0	0	0	0	0
Olfr367-ps	0	0	0	0	0	0
Olfr368	0	0	0	0	0	0
Olfr369-ps1-001	0	0	0	0	0	0
Olfr370	0	1	0	2	0	0
Olfr371	0	0	0	0	0	1
Olfr372	0	0	0	0	0	0
Olfr373	0	0	0	0	0	0
Olfr374	0	0	0	0	0	0
Olfr375-ps1-001	0	0	0	0	0	0
Olfr376	0	0	0	0	0	0
Olfr378	0	0	0	0	0	0
Olfr38	0	0	0	0	0	0
Olfr380	0	0	0	0	0	0
Olfr381	0	0	0	0	0	0
Olfr382	0	0	0	0	0	0
Olfr383-ps1-001	0	0	0	0	0	0
Olfr384	0	0	0	0	0	0
Olfr385	0	0	0	0	0	0
Olfr389	0	0	0	0	0	0
Olfr39	0	0	0	0	0	0
Olfr390	0	0	0	0	0	0
Olfr391-ps	0	0	0	0	0	0
Olfr392	0	0	0	0	0	0
Olfr393	0	0	0	0	0	0
Olfr394	0	0	0	0	0	0
Olfr395	0	0	0	0	0	0
Olfr396-ps1	0	0	0	0	0	0
Olfr397	0	0	0	0	0	0
Olfr398	0	0	0	0	0	0
Olfr399	0	0	0	0	0	0
Olfr400-ps1-001	0	0	0	0	0	0
Olfr401	0	0	0	0	0	0
Olfr402	0	0	0	0	0	0
Olfr403	0	0	0	0	0	0
Olfr405-ps1	0	0	0	0	0	0
Olfr406	0	0	0	0	0	0
Olfr407-ps1-001	0	0	0	0	0	0
Olfr408-ps1-001	0	0	0	0	0	0
Olfr410	0	0	0	0	0	0
Olfr411	0	0	0	0	0	0
Olfr412	0	0	0	0	0	0
Olfr414	0	0	0	0	0	0
Olfr416-ps1-001	0	0	0	0	0	0
Olfr417	0	0	0	0	0	0
Olfr418	0	1	0	0	0	0
Olfr419	0	0	0	0	0	0
Olfr420	0	0	0	0	0	0
Olfr424	0	0	0	0	0	0
Olfr427	0	0	0	0	0	0
Olfr428-ps1-001	0	0	0	0	0	0
Olfr429	0	0	0	0	0	0
Olfr43	0	0	0	0	0	0
Olfr430	0	0	0	0	0	0
Olfr431-ps1-001	0	0	0	0	0	0
Olfr432	0	0	0	0	0	0
Olfr433	0	0	0	0	0	0
Olfr434	0	0	0	0	0	0
Olfr435	0	0	0	0	0	0
Olfr436-ps1-001	0	0	0	0	0	0
Olfr437	0	0	1	0	0	0
Olfr439-ps1-001	0	0	0	0	0	0
Olfr44	0	0	0	0	0	0
Olfr440-ps1-001	0	0	0	0	0	0
Olfr441	0	0	0	0	0	0
Olfr442-ps1-001	0	0	0	0	0	0
Olfr443-ps1	0	0	0	0	0	0
Olfr444	0	0	0	0	0	0
Olfr446	0	0	0	0	0	0
Olfr447	0	0	0	0	0	0
Olfr448	0	0	0	0	0	0
Olfr449	0	0	0	0	0	0
Olfr45	0	0	0	0	0	0
Olfr450	0	0	0	0	0	0
Olfr452	0	0	0	0	0	0
Olfr453	0	0	0	0	0	0
Olfr454-ps1-001	0	0	0	0	0	0
Olfr455	1	2	3	1	0	0
Olfr456	1	3	1	1	1	2
Olfr457	1	6	1	0	2	1
Olfr458	1	0	2	0	0	1
Olfr459	0	0	0	0	0	0
Olfr46	0	0	0	0	0	0
Olfr460	2	3	0	0	0	1
Olfr461	40	34	34	20	20	21
Olfr462	0	0	0	0	0	0
Olfr463	0	0	0	0	0	0
Olfr464	0	0	0	0	0	0
Olfr465-ps1	0	0	0	1	0	0
Olfr466	0	0	0	0	0	0
Olfr467	0	0	0	0	0	0
Olfr468-ps1-001	0	0	0	0	0	0
Olfr469	0	0	0	0	0	0
Olfr47	1	1	1	1	0	0
Olfr470	0	0	0	0	0	1
Olfr471-001	0	0	0	0	0	0
Olfr472	0	0	0	0	0	0
Olfr473	0	0	0	0	0	0
Olfr474	0	0	0	0	0	1
Olfr475-ps1-001	0	0	0	0	0	0
Olfr476	0	0	0	0	0	0
Olfr477	0	0	0	0	0	0
Olfr478	0	0	0	0	0	0
Olfr479	0	0	0	0	0	0
Olfr48	0	0	0	0	0	0
Olfr480	0	0	0	0	0	0
Olfr481	0	0	0	0	0	0
Olfr482	0	0	0	0	0	0
Olfr483	0	0	0	0	0	0
Olfr484	0	0	0	0	0	0
Olfr485	0	0	0	0	0	0
Olfr486	0	0	0	0	0	0
Olfr487	0	0	0	0	0	0
Olfr488	0	0	0	0	0	0
Olfr489-ps1-001	0	0	0	0	0	0
Olfr49	2	3	2	0	1	0
Olfr490	0	0	0	0	0	0
Olfr491	0	0	0	0	0	0
Olfr492	0	0	0	0	0	0
Olfr493	0	0	0	0	0	0
Olfr494	0	0	0	0	0	0
Olfr495	0	0	0	0	0	0
Olfr496-ps1-001	0	0	0	0	0	0
Olfr497	0	0	0	0	0	0
Olfr498	0	0	0	0	0	0
Olfr499-ps1-001	0	0	0	0	0	0
Olfr5	0	0	0	0	2	0
Olfr50	0	0	0	0	0	0
Olfr500-ps1-001	0	0	0	0	0	0
Olfr502	0	0	0	0	0	0
Olfr503	0	0	0	1	0	0
Olfr504	0	0	0	0	0	0
Olfr505-ps1-001	0	0	0	0	0	0
Olfr506	0	0	0	0	0	0
Olfr507	0	0	0	0	0	0
Olfr508	0	0	0	0	0	0
Olfr509	0	0	0	0	0	0
Olfr51	0	0	0	0	0	0
Olfr510	0	0	0	1	0	0
Olfr511-ps1-001	0	0	0	0	0	0
Olfr512	0	0	0	0	0	0
Olfr513	0	0	0	0	0	0
Olfr514	0	0	0	0	0	0
Olfr515-ps1-001	0	0	0	0	0	0
Olfr516	0	0	0	0	0	0
Olfr517	0	0	0	0	0	0
Olfr518	0	0	0	0	0	0
Olfr519	0	0	0	0	0	0
Olfr52	0	0	0	0	0	0
Olfr520	0	0	0	0	0	0
Olfr521	0	0	0	0	0	0
Olfr522	1	0	0	0	1	0
Olfr523	0	0	0	0	0	0
Olfr524	0	0	0	0	0	0
Olfr525	0	0	0	0	0	0
Olfr527	0	0	0	0	0	0
Olfr528-ps1-001	0	0	0	0	0	0
Olfr529-ps1-001	0	0	0	0	0	0
Olfr53	0	0	0	0	0	1
Olfr530	0	0	0	0	0	0
Olfr531	0	0	0	0	0	0
Olfr532	0	0	0	0	0	0
Olfr533	0	0	0	0	0	0
Olfr534-ps1-001	0	0	0	0	0	0
Olfr535	0	0	0	0	0	0
Olfr536	0	0	1	0	0	0
Olfr538	0	0	0	0	0	0
Olfr539	0	0	3	3	2	1
Olfr54	0	0	1	0	0	0
Olfr540-ps1-001	0	0	1	1	2	1
Olfr541	0	0	0	0	0	0
Olfr542-ps1-001	0	0	0	0	0	0
Olfr543	17	16	11	8	3	4
Olfr544	9	5	4	2	0	2
Olfr545	4	3	5	0	1	0
Olfr546-ps1-001	0	0	0	0	0	0
Olfr547	0	0	0	0	0	0
Olfr548-ps1	0	0	0	0	0	0
Olfr549	0	0	0	0	0	0
Olfr55	4	6	4	5	2	4
Olfr550	0	0	0	0	0	0
Olfr551	0	0	0	0	0	0
Olfr552	0	0	0	0	0	0
Olfr553	0	0	0	0	0	0
Olfr554	0	0	0	0	0	0
Olfr555	0	0	0	0	0	0
Olfr556	2	0	0	0	0	1
Olfr557	0	0	0	0	0	0
Olfr558	6	13	7	8	4	5
Olfr559	0	0	0	0	0	0
Olfr56	5	5	6	0	1	1
Olfr560	1	1	0	1	1	2
Olfr561	0	0	0	0	0	0
Olfr563-ps1-001	0	0	0	0	0	0
Olfr564	0	0	0	0	0	0
Olfr565-ps1-001	0	0	0	0	0	0
Olfr566	0	0	0	0	0	0
Olfr567-ps1-001	0	0	0	0	0	0
Olfr568	0	0	0	0	0	0
Olfr569	0	0	0	0	0	0
Olfr57	1	0	0	1	0	0
Olfr570	0	0	0	0	0	0
Olfr571	0	0	0	0	0	0
Olfr572	0	0	0	0	0	0
Olfr573-ps1	0	0	0	0	0	0
Olfr574	0	0	1	0	0	0
Olfr575	0	0	0	0	0	0
Olfr576	0	0	0	0	0	0
Olfr577	0	0	0	0	0	0
Olfr578	0	0	0	0	0	0
Olfr58	0	0	0	0	0	2
Olfr580-ps1-001	0	0	0	0	0	0
Olfr581-ps1-001	0	0	0	0	0	0
Olfr582	0	0	0	0	0	0
Olfr583	0	0	0	0	0	0
Olfr584	0	0	0	0	0	0
Olfr585	0	0	0	0	0	0
Olfr586	0	0	0	0	0	0
Olfr587-ps1	0	0	0	0	0	0
Olfr588-ps1	0	0	0	0	0	0
Olfr589	0	0	0	0	0	0
Olfr59	0	0	0	0	0	0
Olfr590-ps1-001	0	0	0	0	0	0
Olfr591	0	0	0	0	0	0
Olfr592	0	0	0	0	0	0
Olfr593	0	0	0	0	0	0
Olfr594	0	0	0	0	0	0
Olfr595-ps1-001	0	0	0	0	0	0
Olfr596	0	0	0	0	0	0
Olfr597	0	0	0	0	0	0
Olfr598	0	0	0	0	0	0
Olfr599	0	0	0	0	0	0
Olfr6	0	0	0	0	0	0
Olfr60	0	0	0	0	0	0
Olfr600	0	0	0	0	0	0
Olfr601	0	0	0	0	0	0
Olfr602-ps1-001	0	0	0	0	0	0
Olfr603	0	0	0	0	0	0
Olfr605	0	0	0	0	0	0
Olfr606	0	0	0	0	0	0
Olfr608	0	0	0	0	0	0
Olfr609	0	0	0	0	0	0
Olfr61	0	0	0	0	0	1
Olfr610	0	0	0	0	0	0
Olfr611	0	0	0	0	0	0
Olfr612	0	0	0	0	0	0
Olfr613	0	2	0	1	2	0
Olfr615	0	0	0	0	0	0
Olfr616	0	0	0	0	0	0
Olfr617	0	0	0	0	0	0
Olfr618	0	0	0	1	0	1
Olfr619	0	0	0	0	1	0
Olfr62	0	0	0	0	0	0
Olfr620	0	0	0	1	0	0
Olfr622	0	0	0	0	0	0
Olfr623	0	0	0	0	0	0
Olfr624	0	0	0	0	0	0
Olfr625-ps1	0	0	0	0	0	0
Olfr626-ps1-001	0	0	0	0	0	0
Olfr628	0	0	0	0	0	0
Olfr629	0	0	0	0	0	0
Olfr63	0	0	0	0	0	0
Olfr630	0	0	0	0	0	0
Olfr631	0	0	0	0	0	0
Olfr632	0	0	0	0	0	0
Olfr633	0	0	0	0	0	0
Olfr635	0	0	0	0	0	0
Olfr636-ps1-001	0	0	0	0	0	0
Olfr637-ps1-001	0	0	0	0	0	0
Olfr638	0	0	0	0	0	0
Olfr639	0	0	0	0	0	0
Olfr64	0	0	0	0	0	0
Olfr640	0	0	0	0	0	0
Olfr641	0	0	0	0	0	0
Olfr642	0	0	0	0	0	0
Olfr643	0	0	0	1	1	0
Olfr644	0	0	0	0	0	0
Olfr645	0	0	0	0	0	0
Olfr646	0	0	0	2	0	0
Olfr647-ps1-001	0	0	0	0	1	0
Olfr648	0	0	0	0	0	0
Olfr649	0	0	0	0	0	0
Olfr65	0	0	0	0	0	0
Olfr651	0	1	0	0	1	1
Olfr652	0	0	0	0	0	1
Olfr653	0	1	0	0	0	1
Olfr654	1	1	0	0	0	0
Olfr655	0	0	0	0	0	0
Olfr656	0	0	0	0	0	1
Olfr657	0	0	0	0	0	0
Olfr658	3	6	4	8	2	5
Olfr659	0	0	0	0	0	0
Olfr66	0	0	0	0	0	0
Olfr660-ps1-001	0	0	0	0	0	0
Olfr661	0	0	0	0	0	0
Olfr662-ps1-001	0	0	0	0	0	0
Olfr663-201	0	0	0	0	0	0
Olfr664	0	0	0	0	0	0
Olfr665	0	0	0	0	0	0
Olfr666	0	0	0	0	0	0
Olfr667	0	0	0	0	0	0
Olfr668	0	0	0	0	0	0
Olfr669	0	0	0	0	0	0
Olfr67	0	0	0	0	0	0
Olfr670	0	0	0	0	0	0
Olfr671	0	0	0	0	0	0
Olfr672	0	0	0	0	0	0
Olfr673-ps1-001	0	0	0	0	0	0
Olfr674-ps1-001	0	1	1	0	0	0
Olfr675	0	0	1	0	0	0
Olfr676	2	0	0	0	0	0
Olfr677	0	0	0	0	0	0
Olfr678	0	0	0	0	1	0
Olfr679	0	0	1	0	0	0
Olfr68	0	0	0	0	0	0
Olfr680-ps1-001	0	0	0	0	0	0
Olfr681	1	0	0	0	0	0
Olfr682-ps1-001	0	0	0	0	0	0
Olfr683	0	0	2	0	1	0
Olfr684	0	0	0	1	1	0
Olfr685	0	0	0	2	2	0
Olfr686	0	1	0	0	1	1
Olfr687-001	0	0	0	0	1	0
Olfr688	0	0	0	0	0	0
Olfr689	0	3	0	0	2	0
Olfr69	0	0	0	0	0	0
Olfr690	0	1	5	1	2	2
Olfr691	0	0	4	1	3	1
Olfr692	7	8	10	7	6	11
Olfr693	0	0	0	0	0	0
Olfr694	0	0	0	0	0	1
Olfr695	0	0	0	0	0	1
Olfr696-ps1-001	0	0	0	0	0	0
Olfr697	0	0	0	0	0	0
Olfr698	0	0	0	0	0	0
Olfr699	0	0	0	0	0	0
Olfr70	8	9	6	1	5	4
Olfr700	0	0	0	0	0	0
Olfr701	0	0	0	0	0	0
Olfr702	0	0	0	0	0	0
Olfr703	0	0	0	0	0	0
Olfr704	0	0	0	0	0	0
Olfr705	0	0	0	0	0	0
Olfr706	0	0	0	0	0	0
Olfr707	0	0	0	0	0	0
Olfr709-ps1	0	0	0	0	0	0
Olfr71	0	0	0	0	2	0
Olfr710	0	0	0	0	0	0
Olfr711	0	0	0	0	0	0
Olfr712-ps1-001	0	0	0	0	0	0
Olfr713	0	0	0	0	0	0
Olfr714	0	0	0	0	0	0
Olfr715	0	0	0	0	0	0
Olfr716	0	0	0	0	0	0
Olfr717-ps1-001	0	0	0	0	0	0
Olfr718-ps1-001	0	0	0	0	0	0
Olfr720	0	0	0	0	0	0
Olfr721-ps1	0	0	0	0	0	0
Olfr722	0	0	0	0	0	0
Olfr723	0	0	0	0	0	0
Olfr724	0	0	0	0	0	0
Olfr725	0	0	1	0	0	0
Olfr726	0	0	0	0	0	0
Olfr727	0	0	0	0	0	0
Olfr728	0	0	0	0	0	0
Olfr729	0	0	0	0	0	0
Olfr73	0	0	0	0	0	0
Olfr730	0	0	0	2	0	0
Olfr731	0	0	0	0	0	0
Olfr732	0	0	0	4	0	0
Olfr733	0	0	0	0	0	0
Olfr734	0	0	0	0	0	0
Olfr735	0	0	0	0	0	0
Olfr736	0	0	0	0	0	0
Olfr737-ps1-001	0	0	0	0	0	0
Olfr738	0	0	0	0	0	0
Olfr739	0	0	0	0	0	0
Olfr74	0	0	0	0	0	0
Olfr740	0	0	0	0	0	0
Olfr741	0	0	0	0	0	0
Olfr742	0	0	0	0	0	0
Olfr743	0	0	0	0	0	0
Olfr744	0	0	0	0	0	0
Olfr745	0	0	0	0	0	0
Olfr746	0	0	0	0	0	0
Olfr747	0	0	0	0	0	0
Olfr748	0	0	0	0	0	0
Olfr749	0	0	0	0	0	0
Olfr75-ps1	0	0	0	0	0	0
Olfr750	1	0	1	0	0	0
Olfr752-ps1-001	0	0	0	0	0	0
Olfr753-ps1	0	0	0	0	0	0
Olfr754-ps1-001	0	0	0	0	0	0
Olfr755-ps1-001	1	0	1	0	0	1
Olfr756-ps1-001	0	0	0	0	0	0
Olfr757-ps1-001	0	0	0	0	0	0
Olfr758-ps1-001	0	0	0	0	0	0
Olfr759-ps1-001	0	0	0	0	0	0
Olfr76	0	0	0	0	0	0
Olfr760-ps1-001	0	0	0	0	0	0
Olfr761	0	0	0	0	0	0
Olfr762-ps1-001	0	0	0	0	0	0
Olfr763	0	0	0	0	0	0
Olfr764-ps1-001	0	0	0	0	0	0
Olfr765	0	0	0	0	0	0
Olfr766-ps1-001	0	0	0	0	0	0
Olfr767	0	0	0	0	0	0
Olfr768	0	0	0	0	0	0
Olfr769	0	0	0	0	0	0
Olfr77	0	0	0	0	0	0
Olfr770	1	0	1	0	0	0
Olfr771	0	0	0	0	0	0
Olfr772	0	0	0	0	0	0
Olfr773	0	0	0	0	0	0
Olfr774	0	0	0	0	0	0
Olfr775	0	0	0	0	0	0
Olfr776	0	0	0	0	0	0
Olfr777	0	0	0	0	0	0
Olfr778-ps1-001	0	0	0	0	0	0
Olfr779	0	0	0	0	0	0
Olfr78	11	9	12	8	12	12
Olfr780	0	0	0	0	0	0
Olfr781	0	0	0	0	0	0
Olfr782	0	0	0	0	0	0
Olfr783-ps1-001	0	0	0	0	0	0
Olfr784	0	0	0	0	0	0
Olfr786	0	0	1	0	0	0
Olfr787	0	0	0	0	0	0
Olfr788	0	0	0	0	0	0
Olfr789	0	0	0	0	0	0
Olfr790	0	0	0	0	0	0
Olfr791	0	0	0	0	0	0
Olfr792	0	0	0	0	0	0
Olfr793-ps1-001	0	0	0	0	0	0
Olfr794	0	0	0	0	0	0
Olfr795-ps1-001	0	0	0	0	0	0
Olfr796	0	0	0	0	0	0
Olfr797-ps1-001	0	0	0	0	0	0
Olfr798	0	0	0	0	0	0
Olfr799	0	0	0	0	0	0
Olfr8	0	0	0	1	0	0
Olfr800	0	0	0	0	0	0
Olfr801	0	0	0	0	0	0
Olfr802	0	0	0	0	3	1
Olfr803	0	0	0	0	0	0
Olfr804	0	0	0	0	0	0
Olfr805	0	0	0	0	0	0
Olfr806	0	0	0	0	0	0
Olfr807	1	0	0	0	0	0
Olfr808	0	0	0	0	0	0
Olfr809	0	0	0	0	0	0
Olfr810	0	0	0	0	0	0
Olfr811	0	0	0	0	0	0
Olfr812	0	0	0	0	0	0
Olfr813	0	0	0	0	0	0
Olfr814	0	0	0	0	1	0
Olfr815	0	0	0	0	0	0
Olfr816	0	0	0	0	0	0
Olfr818	0	0	0	0	0	0
Olfr819	0	0	0	0	0	0
Olfr820	0	0	0	0	0	0
Olfr821	0	0	0	0	0	0
Olfr822	0	3	1	0	0	0
Olfr823	0	0	0	0	0	0
Olfr824	0	0	0	0	0	0
Olfr825	0	0	0	0	0	0
Olfr826	0	0	0	0	0	0
Olfr827	0	0	0	0	0	0
Olfr828	0	0	0	0	0	0
Olfr829	0	0	0	0	0	0
Olfr830	0	0	0	0	0	0
Olfr831-ps1-001	0	0	0	0	0	0
Olfr832	0	0	0	0	0	0
Olfr833-ps1-001	0	0	0	0	0	0
Olfr834	0	0	0	0	0	0
Olfr835	0	0	0	0	0	0
Olfr836	0	0	0	0	0	0
Olfr837	0	0	0	0	0	0
Olfr838-ps1-001	0	0	0	0	0	0
Olfr839-ps1	0	0	0	0	0	0
Olfr840-ps1-001	0	0	0	0	0	0
Olfr841-ps1-001	0	0	0	0	0	0
Olfr843	0	0	0	0	0	0
Olfr844-001	0	0	0	0	0	0
Olfr845	0	0	0	0	0	0
Olfr846	0	0	0	0	0	0
Olfr847	0	0	0	0	0	0
Olfr848-ps1-001	0	0	0	0	0	0
Olfr849	0	0	0	0	0	0
Olfr850	0	0	0	0	0	0
Olfr851	0	0	0	0	0	0
Olfr852-ps1-001	0	0	0	0	0	0
Olfr853	0	0	0	0	0	0
Olfr854	0	0	0	0	0	0
Olfr855	0	0	0	0	0	0
Olfr856-ps1-001	31	35	20	32	25	34
Olfr857	3	0	1	0	0	0
Olfr858-ps1-001	0	1	0	0	0	0
Olfr859	0	1	0	0	0	0
Olfr860	0	0	0	0	0	0
Olfr861-ps1-001	0	0	0	0	0	0
Olfr862	0	0	0	0	0	0
Olfr864-ps1-001	0	0	0	0	0	0
Olfr865-ps1-001	0	0	0	0	0	0
Olfr866	0	0	0	0	0	0
Olfr867	0	0	0	0	0	0
Olfr868	0	0	0	0	0	0
Olfr869	0	0	0	0	0	0
Olfr870	0	0	0	0	0	0
Olfr871	0	0	0	0	0	0
Olfr872	0	0	0	0	0	0
Olfr873	0	0	0	0	0	0
Olfr874	0	0	0	0	0	0
Olfr875	0	0	0	0	0	0
Olfr876	0	0	0	0	0	0
Olfr877	0	0	0	0	0	0
Olfr878	0	0	0	0	0	0
Olfr879-ps1-001	0	0	0	0	0	0
Olfr880-ps1-001	0	0	0	0	0	0
Olfr881	0	0	0	0	0	0
Olfr882-ps1-001	0	0	0	0	0	0
Olfr883	0	0	0	0	0	0
Olfr884	0	0	0	0	0	0
Olfr885	0	0	0	0	0	0
Olfr886-ps1-001	0	0	0	0	0	0
Olfr887	0	0	0	0	0	0
Olfr888	0	0	0	0	0	0
Olfr889	0	0	0	0	0	0
Olfr890	0	0	0	0	0	0
Olfr891	0	0	0	0	0	0
Olfr892-ps1-201	0	0	0	0	0	0
Olfr893	0	0	0	0	0	0
Olfr894	0	0	0	0	0	0
Olfr895	0	0	0	0	0	0
Olfr898	0	0	0	0	0	0
Olfr9	0	0	0	0	0	0
Olfr90	0	1	0	1	0	2
Olfr901	0	0	0	0	0	0
Olfr902	0	0	0	0	0	0
Olfr904	0	0	0	0	0	0
Olfr905	0	0	0	0	0	0
Olfr906	0	0	0	0	0	0
Olfr907	0	0	0	0	0	0
Olfr908-201	0	0	0	0	0	0
Olfr91	0	2	1	0	0	0
Olfr910	0	0	0	0	0	0
Olfr911-ps1	0	0	0	0	0	0
Olfr912	0	0	0	0	0	0
Olfr913	0	0	0	0	0	0
Olfr914	0	0	0	0	0	0
Olfr916	0	0	0	0	0	0
Olfr917	0	0	0	0	0	0
Olfr918	0	0	0	0	0	0
Olfr919	0	0	0	0	0	0
Olfr92	0	0	0	0	0	0
Olfr920	4	6	2	2	0	1
Olfr921	0	0	0	0	0	0
Olfr922	0	0	0	0	0	0
Olfr923	0	0	0	0	0	0
Olfr924	0	0	0	0	0	0
Olfr926	0	0	0	0	0	0
Olfr93	0	0	0	0	0	0
Olfr930	0	0	0	0	0	0
Olfr933	1	0	0	0	0	0
Olfr934	0	0	0	0	0	0
Olfr935	0	0	0	0	0	0
Olfr936	0	0	0	0	0	0
Olfr937	0	0	0	0	0	0
Olfr938	0	0	0	0	0	0
Olfr94	0	0	0	0	0	0
Olfr943	0	0	0	0	0	0
Olfr944	0	0	0	0	0	0
Olfr945	0	0	0	0	0	0
Olfr948	0	0	0	0	0	0
Olfr95	0	0	0	0	0	0
Olfr951	0	0	0	0	0	0
Olfr952	0	0	0	0	0	0
Olfr954	0	0	0	0	0	0
Olfr955	0	0	0	0	0	0
Olfr957	0	0	0	0	0	0
Olfr958	0	0	0	0	0	0
Olfr959	0	0	0	0	0	0
Olfr96	0	0	0	0	0	0
Olfr960	0	0	0	0	0	0
Olfr961	0	0	0	0	0	0
Olfr963	0	0	0	0	0	0
Olfr964-ps1-201	0	0	0	0	0	0
Olfr965	0	0	0	0	0	0
Olfr967	0	0	0	0	0	0
Olfr968	0	0	0	0	0	0
Olfr969	0	0	0	0	0	0
Olfr97	0	0	0	0	0	0
Olfr970	0	0	0	0	0	0
Olfr971	0	0	0	0	0	0
Olfr972	0	0	0	0	0	0
Olfr974	0	0	0	0	0	0
Olfr975	0	0	0	0	0	0
Olfr976	0	0	0	0	0	0
Olfr978	0	0	0	0	0	0
Olfr979	0	0	0	0	0	0
Olfr98	0	0	0	0	0	0
Olfr980	0	0	0	2	0	0
Olfr981	0	0	0	0	0	0
Olfr982	0	0	0	0	0	0
Olfr983	0	0	0	0	0	0
Olfr984	0	0	0	0	0	0
Olfr985	0	0	0	0	0	0
Olfr986	0	0	0	0	0	0
Olfr987	0	0	0	0	0	0
Olfr988	0	0	0	0	0	0
Olfr99	0	1	0	0	0	0
Olfr990-ps1-001	0	0	0	1	0	0
Olfr992	0	0	0	0	0	0
Olfr993	0	0	0	0	0	0
Olfr994	0	0	0	0	0	0
Olfr995	0	0	0	0	0	0
Olfr996	0	0	0	0	0	0
Olfr997-ps1-001	0	0	0	0	0	0
Olfr998	0	0	0	0	0	0
Olfr999-ps1-001	0	0	0	0	0	0
Olig1	1	2	1	4	3	0
Olig2	0	0	1	0	1	0
Olig3	11	13	8	3	3	3
Olr1	0	0	0	0	0	0
Olrf445-ps1-001	0	0	0	0	0	0
Oma1	1522	1408	979	948	987	1033
Omd	9	4	8	1	3	1
Omg	751	690	516	468	525	560
Omp	9	4	3	2	2	3
Omt2a	0	0	0	0	0	0
Omt2b	0	0	0	0	0	0
Onecut1	178	175	147	114	136	136
Onecut2	552	558	358	286	287	339
Onecut3	91	70	62	64	82	80
Ooep	8	6	8	2	2	0
Oog1	0	0	1	0	0	0
Oog2	0	0	0	0	0	0
Oog3	0	0	0	0	0	0
Oog4	0	0	0	0	0	0
Oosp1	0	0	0	0	0	0
Oosp2	0	0	0	0	0	0
Oosp3	0	0	0	0	0	0
Opa1	6002	5547	4143	3953	4465	4840
Opa3	2608	2608	1845	1776	1945	2144
Opalin	0	1	0	5	4	2
Opcml	1534	1342	1045	971	978	1118
Ophn1	1132	1070	721	719	860	926
Oplah	1532	1386	1090	952	1171	1227
Opn1mw	5106	4868	4053	2084	2799	3057
Opn1sw	22675	21684	15502	17327	15600	17387
Opn3	50	40	35	35	46	40
Opn4	107	103	80	63	67	73
Opn5	4	3	5	0	0	0
Oprd1	5	4	1	3	6	6
Oprk1	10	4	8	17	12	8
Oprl1	548	487	352	356	382	437
Oprm1	94	69	47	42	52	45
Optc	730	735	599	173	88	56
Optn	8726	7663	6071	6393	7137	7525
Orai1	144	122	123	107	93	89
Orai2	880	975	603	726	731	783
Orai3	487	441	348	384	399	456
Oraov1	1402	1395	1054	889	1044	1050
Orc1	64	68	58	47	49	47
Orc2	2137	2126	1699	1705	1841	2083
Orc3	2723	2547	1973	1862	2053	2232
Orc4	3025	2936	2294	1916	2337	2484
Orc5	1075	987	744	723	806	969
Orc6	830	839	594	515	574	668
Orm1	16	14	6	12	11	10
Orm2	65	46	42	43	69	76
Orm3	22	19	15	43	55	25
Ormdl1	2166	1981	1523	1599	1733	1945
Ormdl2	1287	1292	844	892	991	1079
Ormdl3	7004	6300	4735	4559	4806	5449
Os9	5159	5044	3724	3164	3385	3680
Osbp	2817	2794	2103	1680	1917	2110
Osbp2	25892	24889	19785	18338	19939	22233
Osbpl10	521	504	347	301	319	363
Osbpl11	1372	1445	1043	1052	1151	1233
Osbpl1a	4556	4259	3109	3385	3625	4027
Osbpl2	2843	2686	2090	1783	2063	2196
Osbpl3	647	634	497	249	239	252
Osbpl5	985	885	725	634	691	797
Osbpl6	2175	2172	1614	1021	1207	1280
Osbpl7	470	467	386	320	359	414
Osbpl8	6574	6334	4475	4114	4432	4622
Osbpl9	4939	4575	3445	3010	3552	3846
Oscar	12	11	7	0	0	0
Oscp1	1166	1091	876	769	882	927
Oser1	881	951	635	636	717	708
Osgep	1698	1515	1204	1051	1198	1157
Osgepl1	767	663	490	543	608	616
Osgin1	19	18	16	5	3	12
Osgin2	568	582	396	407	486	477
Osm	0	1	1	1	0	0
Osmr	305	324	215	146	197	187
Osr1	0	0	0	0	0	0
Osr2	0	0	5	1	0	2
Ost4	2143	2176	1589	1694	1701	1935
Ostc	1913	1750	1275	1402	1485	1761
Ostf1	512	492	386	319	309	369
Ostm1	1997	1939	1406	1461	1548	1760
Ostn	0	0	0	1	0	0
Otc	2	1	0	0	0	2
Otoa	11	2	8	4	5	5
Otof	9	1	9	2	5	5
Otog	3	8	3	0	1	2
Otogl	4	11	3	0	1	2
Otol1	0	1	0	0	0	0
Otop1	10	12	6	8	6	7
Otop2	7	10	3	5	4	9
Otop3	273	247	219	253	285	329
Otor	205	240	158	65	97	95
Otos	28	11	14	11	38	23
Otp	0	0	0	2	0	0
Ott	0	0	0	0	0	1
Otub1	3191	2915	2171	2191	2276	2616
Otub2	1315	1173	980	945	1104	1099
Otud1	554	477	319	389	387	458
Otud3	391	425	299	315	327	314
Otud4	6492	5923	4571	4447	5156	5290
Otud5	2308	2232	1707	1605	1709	1957
Otud6a	0	3	0	2	1	2
Otud6b	3274	3169	2341	2120	2287	2622
Otud7a	693	615	499	482	484	487
Otud7b	9155	8872	6683	6265	6850	7427
Otulin	752	679	516	509	505	568
Otx1	28	41	25	16	4	5
Otx2	7781	7338	5586	5864	6755	7349
Ovca2	1501	1449	1016	994	1094	1176
Ovch2	0	0	0	0	0	0
Ovgp1	402	397	284	266	325	301
Ovol1	54	55	42	39	39	59
Ovol2	2	0	3	0	2	0
Ovol3	16	18	13	13	25	22
Oxa1l	1203	1205	904	1123	1140	1243
Oxct1	5373	5095	3752	2308	2504	2807
Oxct2a	2	1	0	0	0	0
Oxct2b	12	4	1	3	7	9
Oxgr1	0	0	2	21	25	18
Oxld1	241	240	147	165	202	188
Oxnad1	1005	989	732	699	781	895
Oxr1	7391	7079	5180	4884	5438	6020
Oxsm	331	363	224	303	324	298
Oxsr1	3070	2601	2070	1737	2017	2059
Oxt	1	2	3	1	1	0
Oxtr	26	38	17	64	95	98
P2rx1	36	27	24	59	77	79
P2rx2	65	64	62	82	87	87
P2rx3	127	125	114	66	96	80
P2rx4	236	211	191	167	215	226
P2rx5	112	82	71	295	291	369
P2rx6	86	93	61	46	44	49
P2rx7	20	28	32	13	13	14
P2ry1	385	358	244	252	307	310
P2ry10	1	0	1	0	0	3
P2ry12	126	116	84	80	87	133
P2ry13	68	60	45	34	43	48
P2ry14	88	91	76	42	58	56
P2ry2	40	26	29	22	27	34
P2ry4	26	18	16	9	18	15
P2ry6	6	9	4	2	7	7
P3h1	228	197	149	188	224	179
P3h2	278	280	198	180	217	229
P3h3	819	775	578	640	744	711
P3h4	302	296	211	223	230	241
P4ha1	4348	3753	2741	2422	2672	3189
P4ha2	421	387	313	203	262	275
P4ha3	16	11	8	13	28	20
P4hb	7022	6573	4889	5380	5979	6789
P4htm	2276	2162	1712	1555	1706	1944
PVRIG	1	0	0	1	0	0
Pa2g4	2402	2367	1598	1744	1832	1981
Pabpc1	3608	3568	2567	2069	2444	2575
Pabpc1l	26	23	11	21	31	23
Pabpc2	0	0	1	1	0	0
Pabpc4	1489	1348	1065	969	979	1093
Pabpc4l	33	28	18	17	22	27
Pabpc5	148	97	90	80	92	92
Pabpc6	3	1	0	1	0	2
Pabpn1	4333	4410	2973	3104	3583	3553
Pabpn1l	64	47	34	37	60	44
Pacrg	454	402	339	314	340	371
Pacs1	1333	1251	972	813	938	999
Pacs2	3108	2963	2299	2129	2411	2527
Pacsin1	9043	8340	6560	7198	7558	8334
Pacsin2	7701	7352	5881	5362	5942	6614
Pacsin3	533	548	390	501	556	552
Padi1	1	3	7	37	36	29
Padi2	1702	1665	1331	452	496	505
Padi3	0	0	0	0	1	2
Padi4	4	5	1	0	2	2
Padi6	0	0	1	1	0	1
Paf1	2666	2528	1950	1830	2090	2226
Pafah1b1	18947	17478	12816	12232	13400	14528
Pafah1b1-ps2-001	4	4	5	5	3	1
Pafah1b2	10365	9690	6647	6623	7406	8231
Pafah1b3	646	594	442	415	448	523
Pafah2	227	197	186	164	187	176
Pag1	1180	1095	780	854	870	976
Pagr1a	1188	1231	1010	998	979	1033
Pah	3	2	2	1	0	1
Paics	6365	5871	4348	4308	4751	5323
Paip1	9246	8380	6055	5544	5959	6646
Paip2	5070	4809	3468	3307	3646	3912
Paip2b	2981	2846	1909	1889	2090	2270
Pak1	1953	1835	1379	1076	1196	1328
Pak1ip1	1806	1648	1253	1167	1301	1462
Pak2	6359	5882	4308	3479	3902	4201
Pak3	8336	7205	5462	5202	5936	6395
Pak4	615	583	456	441	473	563
Pak6	91	81	51	52	49	67
Pak7	2874	2793	1969	1703	1922	2116
Pakap	220	268	162	121	137	133
Palb2	277	276	193	175	204	227
Pald1	259	285	187	201	230	281
Palld	277	298	218	202	221	216
Palm	1539	1392	1099	1080	1079	1310
Palm2	87	74	55	33	58	54
Palm3	62	46	35	21	27	29
Palmd	104	121	75	88	108	95
Pam	5426	5463	3927	3373	3638	4104
Pam16	910	840	590	586	650	746
Pamr1	29	27	23	36	31	28
Pan2	2249	2207	1680	1653	1914	1952
Pan3	3727	3507	2687	2657	3050	3011
Panct2	17	11	4	3	7	4
Pank1	460	442	276	282	321	319
Pank2	2694	2487	1935	1794	2047	2198
Pank3	5549	5564	3989	3992	4318	4663
Pank4	4807	4451	3502	4025	4384	4556
Panx1	277	234	194	174	194	234
Panx2	591	609	420	388	475	507
Panx3	4	1	2	1	1	1
Paox	304	291	170	257	309	320
Papd4	952	838	668	630	725	726
Papd5	4255	4158	3053	3179	3624	3772
Papd7	1878	1777	1265	1256	1376	1506
Papln	292	293	223	157	187	158
Papola	5218	5054	3588	3482	3979	4087
Papolb	183	186	158	159	173	162
Papolg	1241	1349	934	867	1016	1077
Pappa	199	200	154	122	140	145
Pappa2	747	716	632	320	360	358
Papss1	2456	2318	1746	1654	1768	2082
Papss2	298	287	200	228	279	320
Paqr3	489	520	380	334	363	372
Paqr4	4744	4654	3573	3452	3809	4233
Paqr5	61	59	46	50	50	53
Paqr6	185	169	91	93	139	140
Paqr7	1004	1023	662	385	408	487
Paqr8	614	613	374	379	475	482
Paqr9	2178	2064	1465	1153	1385	1467
Pard3	1619	1485	1113	1022	1250	1275
Pard3b	299	330	237	167	193	196
Pard3bos1	11	24	6	4	15	8
Pard3bos2	3	6	3	3	3	3
Pard3bos3	2	1	3	0	1	0
Pard6a	455	482	345	372	389	442
Pard6b	1654	1532	1207	1141	1336	1333
Pard6g	264	237	153	169	170	226
Parg	2502	2473	1836	1619	1983	2033
Park2	446	451	339	290	325	327
Park7	5655	5362	3890	3615	3901	4387
Parl	1378	1294	876	889	1020	1072
Parm1	586	612	471	543	655	642
Parn	1539	1482	1041	927	1088	1174
Parp1	4114	3779	2933	2712	3035	3327
Parp10	382	410	314	259	264	287
Parp11	1232	1165	957	820	891	981
Parp12	392	449	328	217	224	264
Parp14	208	199	179	81	104	113
Parp16	157	162	129	186	197	220
Parp2	1291	1159	919	1237	1506	1480
Parp3	212	193	132	241	256	273
Parp4	671	655	457	479	658	644
Parp6	2473	2413	1742	1650	1854	1994
Parp8	1716	1535	1135	1011	1237	1322
Parp9	284	268	224	121	119	145
Parpbp	7	11	4	7	11	3
Pars2	450	452	361	294	340	428
Particl	1083	973	831	661	716	722
Parva	3257	3124	2275	1991	2311	2429
Parvaos	43	33	28	29	31	45
Parvb	383	393	289	128	158	183
Parvg	48	42	19	34	32	36
Pask	599	529	406	414	453	483
Pate1	3	1	1	0	0	1
Pate2	99	96	58	21	26	32
Pate3	6	4	3	4	0	0
Pate4	25	19	5	8	6	6
Patl1	1208	1266	871	898	989	1131
Patl2	0	2	2	5	4	2
Patz1	2936	2672	2134	1926	2061	2347
Pawr	653	669	502	316	375	414
Pax1	0	0	0	0	0	0
Pax2	3	5	8	5	4	2
Pax3	0	0	0	0	0	1
Pax4	0	0	1	0	1	0
Pax5	4	6	5	2	4	4
Pax6	11006	10547	7329	7089	7859	8620
Pax6os1	359	338	253	266	275	307
Pax7	0	0	0	0	0	0
Pax8	25	27	21	16	24	15
Pax9	1	3	2	2	2	4
Paxbp1	2863	2806	2185	1643	2138	1997
Paxip1	1677	1662	1170	1124	1362	1305
Pbdc1	643	647	457	428	504	553
Pbk	0	1	0	0	0	0
Pbld2	176	146	130	127	138	123
Pbp2	1	2	4	0	0	0
Pbrm1	8060	7288	5567	5059	5754	6348
Pbsn	0	0	0	0	0	0
Pbx1	3085	3229	2187	2237	2636	2748
Pbx2	2138	1906	1447	1743	1879	1991
Pbx3	1958	1998	1547	1292	1418	1495
Pbx4	63	48	47	48	45	49
Pbxip1	1712	1661	1189	1124	1190	1374
Pcbd1	280	311	180	207	226	264
Pcbd2	156	147	84	115	169	132
Pcbp1	1405	1554	1035	1028	1117	1287
Pcbp2	8646	8595	6575	5624	6085	6726
Pcbp3	10401	10098	7739	7329	7994	8365
Pcbp4	14286	13451	10740	14626	16141	16952
Pcca	846	854	595	535	627	626
Pccb	1177	1296	965	1717	1915	2111
Pcdh1	1102	1066	862	694	824	823
Pcdh10	3969	3724	2672	2478	2961	3076
Pcdh11x	894	772	529	486	532	564
Pcdh12	18	15	13	8	4	15
Pcdh15	8427	8636	7056	5327	6784	6466
Pcdh17	1705	1542	1140	975	1120	1209
Pcdh18	798	667	620	710	759	826
Pcdh19	1317	1146	863	786	1034	975
Pcdh20	621	577	417	189	231	273
Pcdh7	5083	4689	3443	3297	3739	3955
Pcdh8	966	929	697	623	730	766
Pcdh9	5688	5399	3894	2885	3411	3585
Pcdha1	2199	2148	1442	1393	1662	1760
Pcdha11	2424	2346	1701	1488	1785	1870
Pcdha12	2322	2272	1555	1437	1701	1817
Pcdha2	2244	2179	1494	1494	1751	1867
Pcdha3	2225	2173	1475	1399	1686	1787
Pcdha4	2315	2243	1540	1467	1736	1850
Pcdha5	2256	2170	1472	1371	1658	1769
Pcdha6	2339	2283	1542	1386	1655	1755
Pcdha7	2340	2296	1557	1404	1689	1787
Pcdha8	2180	2142	1447	1337	1619	1711
Pcdha9	2257	2197	1473	1332	1618	1707
Pcdhac1	2347	2272	1558	1393	1689	1807
Pcdhac2	2715	2655	1840	1667	1949	2078
Pcdhb1	37	28	23	21	18	35
Pcdhb10	372	299	219	314	321	384
Pcdhb11	590	508	416	476	589	559
Pcdhb12	377	328	229	221	242	317
Pcdhb13	302	325	236	192	240	209
Pcdhb14	1078	1055	794	641	741	775
Pcdhb15	336	290	216	214	276	266
Pcdhb16	1352	1229	861	778	987	1042
Pcdhb17	1533	1359	954	982	1117	1147
Pcdhb18	780	719	563	494	633	587
Pcdhb19	1141	1037	857	720	989	1050
Pcdhb2	173	190	133	233	232	295
Pcdhb20	1028	934	656	721	835	930
Pcdhb21	544	486	396	418	551	500
Pcdhb22	1150	1031	824	971	1154	1214
Pcdhb3	230	271	213	239	273	303
Pcdhb4	360	332	278	189	317	282
Pcdhb5	128	123	81	121	167	148
Pcdhb6	565	449	319	226	308	354
Pcdhb7	408	374	289	234	273	275
Pcdhb8	388	388	275	252	318	375
Pcdhb9	1235	973	706	715	631	775
Pcdhga1	5625	5141	3833	3441	3767	4034
Pcdhga10	5201	4798	3515	3223	3578	3770
Pcdhga11	5196	4870	3679	3115	3413	3636
Pcdhga12	5111	4683	3439	3215	3532	3733
Pcdhga2	5184	4778	3516	3132	3435	3625
Pcdhga3	5308	4908	3651	3071	3345	3595
Pcdhga4	5602	5145	3781	3536	3985	4096
Pcdhga5	5001	4628	3394	3105	3450	3610
Pcdhga6	5080	4676	3450	3106	3426	3620
Pcdhga7	5175	4764	3556	3190	3481	3717
Pcdhga8	6147	5739	4188	3918	4348	4696
Pcdhga9	5051	4650	3446	3183	3567	3718
Pcdhgb1	5186	4818	3593	3185	3537	3751
Pcdhgb2	5164	4770	3505	3200	3559	3723
Pcdhgb4	5018	4689	3428	3195	3517	3706
Pcdhgb5	5037	4648	3397	3092	3409	3624
Pcdhgb6	5400	5010	3755	3208	3520	3765
Pcdhgb7	5185	4828	3578	3224	3606	3795
Pcdhgb8	1200	1133	856	800	879	1003
Pcdhgc3	6565	6131	4558	4072	4459	4760
Pcdhgc5	4853	4518	3290	2948	3226	3440
Pced1a	478	610	384	395	411	455
Pced1b	64	49	31	35	34	35
Pcf11	14141	13785	10034	7973	9244	10074
Pcgf1	723	652	508	499	581	611
Pcgf2	311	310	232	302	306	302
Pcgf3	1803	1790	1308	1189	1344	1390
Pcgf5	834	780	565	530	591	682
Pcgf6	766	742	544	699	756	744
Pcid2	1520	1409	1063	1036	1160	1217
Pcif1	5220	5142	4022	3832	4305	4690
Pck1	0	0	0	0	0	0
Pck2	534	527	358	406	437	502
Pclo	7337	7503	6011	3843	5413	4902
Pcm1	9300	8590	6624	5720	6833	7198
Pcmt1	4557	4259	3094	2920	3121	3537
Pcmtd1	5047	4836	3419	3556	3841	4150
Pcmtd2	38517	36565	26347	26204	28959	30702
Pcna	3624	3364	2543	2431	2530	2933
Pcna-ps2	472	454	353	299	300	397
Pcnp	5796	6048	4159	3902	4408	4762
Pcnt	2556	2207	1964	1592	1814	1839
Pcnx	7797	7065	5740	4704	5566	5598
Pcnx2	907	795	593	536	657	661
Pcnx3	2484	2348	1939	1725	2014	1966
Pcnx4	2703	2498	1928	1755	1978	2215
Pcolce	299	355	184	139	149	123
Pcolce2	317	260	231	225	227	245
Pcp2	6185	5845	4314	4838	5146	5646
Pcp4	7547	7073	5308	6053	6294	7359
Pcp4l1	3071	2869	1968	886	901	1053
Pcsk1	486	524	408	344	370	434
Pcsk1n	1233	1334	1019	981	1030	1136
Pcsk2	2174	1934	1421	1089	1297	1381
Pcsk2os1	227	203	146	99	130	136
Pcsk2os2	251	211	154	152	198	178
Pcsk4	318	286	251	228	257	237
Pcsk5	154	162	129	82	96	85
Pcsk6	1006	953	784	634	627	752
Pcsk7	977	1060	847	795	907	899
Pcsk9	197	209	131	152	165	191
Pctp	167	140	110	123	142	131
Pcx	999	1009	730	561	599	644
Pcyox1	3746	3430	2620	2372	2464	2857
Pcyox1l	324	335	216	232	233	250
Pcyt1a	1811	1837	1388	1150	1221	1354
Pcyt1b	1097	1101	817	651	706	781
Pcyt2	1943	1721	1400	1375	1534	1599
Pdap1	1944	1941	1391	1306	1539	1476
Pdc	111454	96997	69846	31976	36394	40223
Pdcd1	1	4	0	0	1	1
Pdcd10	1604	1511	1068	1062	1201	1281
Pdcd11	1889	1737	1414	1142	1466	1384
Pdcd1lg2	1	3	2	0	2	1
Pdcd2	744	764	567	490	579	622
Pdcd2l	659	626	484	426	440	486
Pdcd4	3973	4137	2802	2701	2986	3286
Pdcd5	847	824	579	572	619	702
Pdcd6	1116	1113	845	716	851	932
Pdcd6ip	2275	2229	1586	1480	1660	1694
Pdcd7	1194	1155	850	747	836	824
Pdcl	6163	5849	4154	4105	4651	5061
Pdcl2	11	4	7	4	9	11
Pdcl3	1137	1155	821	541	631	689
Pddc1	881	865	645	621	696	759
Pde10a	1144	1013	825	773	838	859
Pde11a	154	140	129	79	103	122
Pde12	1995	1811	1432	1299	1449	1568
Pde1a	430	458	351	247	250	251
Pde1b	2830	2505	1870	1966	2146	2387
Pde1c	2993	3001	2230	1845	2178	2334
Pde2a	579	556	431	308	374	371
Pde3a	5467	5044	3975	3249	3942	4040
Pde3b	390	353	215	258	272	273
Pde4a	631	636	474	510	579	536
Pde4b	3670	3378	2452	2196	2416	2726
Pde4c	21	15	25	13	12	9
Pde4d	1895	1826	1430	1093	1228	1284
Pde4dip	8908	8263	6377	5828	6935	7181
Pde5a	784	760	513	407	505	573
Pde6a	137725	124512	99456	83755	93771	97560
Pde6b	108059	101483	79907	77912	83205	93346
Pde6c	5093	4940	3671	1090	1218	1255
Pde6d	2026	1819	1529	1368	1347	1553
Pde6g	43082	42910	33379	32629	34385	37557
Pde6h	6946	6680	5390	1755	2038	2263
Pde7a	1554	1404	1156	1454	1779	1777
Pde7b	538	571	414	331	369	392
Pde8a	1954	1826	1305	1320	1416	1525
Pde8b	4835	4513	3597	3144	3435	3944
Pde9a	452	419	292	317	310	337
Pdf	967	954	744	706	776	858
Pdgfa	276	241	169	184	218	241
Pdgfb	134	127	88	53	70	78
Pdgfc	115	112	76	65	84	81
Pdgfd	437	442	273	340	359	377
Pdgfra	556	561	397	356	404	438
Pdgfrb	481	471	338	248	316	368
Pdgfrl	45	65	29	39	46	34
Pdha1	5280	5018	3701	3544	3663	4236
Pdha2	0	0	0	0	0	0
Pdhb	5187	4737	3674	3526	3741	4235
Pdhx	1944	1951	1450	1358	1464	1832
Pdia2	22	18	18	19	15	16
Pdia3	3887	3580	2668	2417	2691	2904
Pdia4	3530	3364	2539	2791	3074	3347
Pdia5	1382	1258	1033	735	893	981
Pdia6	3828	3665	2752	2402	2653	2902
Pdik1l	2443	2127	1582	1551	1824	1980
Pdilt	0	0	0	0	0	1
Pdk1	3182	2870	2035	1932	2316	2796
Pdk2	656	679	453	503	548	559
Pdk3	1504	1411	1008	879	958	1058
Pdk4	21	12	28	12	3	9
Pdlim1	56	47	40	10	11	9
Pdlim2	28	29	26	20	28	18
Pdlim3	462	495	312	264	258	274
Pdlim4	245	240	137	109	114	100
Pdlim5	2524	2360	1692	1426	1574	1643
Pdlim7	400	352	282	283	321	332
Pdp1	2969	2822	1971	1884	2017	2371
Pdp2	1973	1967	1389	1235	1364	1417
Pdpk1	7400	7055	5395	4963	5650	6183
Pdpn	2149	2115	1351	1286	1456	1560
Pdpr	2097	2070	1608	1429	1617	1749
Pdrg1	526	652	397	829	909	1009
Pds5a	5030	4685	3511	3254	3785	3956
Pds5b	3883	3432	2689	2388	2581	2725
Pdss1	548	503	389	367	451	441
Pdss2	437	438	337	320	330	361
Pdx1	0	0	0	0	0	0
Pdxdc1	6357	6093	4508	1894	2184	2322
Pdxk	4562	4306	3138	3191	3443	3960
Pdxk-ps	3	2	6	1	4	2
Pdyn	473	457	293	225	250	331
Pdzd11	1143	1125	785	729	836	929
Pdzd2	3871	3721	2917	2430	2836	2819
Pdzd3	1	5	7	8	4	10
Pdzd4	2748	2459	1807	1844	1966	2145
Pdzd7	276	306	226	213	275	265
Pdzd8	7385	6629	5105	9641	10479	11423
Pdzd9	1845	1743	1201	1304	1340	1482
Pdzk1	336	367	275	224	252	270
Pdzk1ip1	6	13	7	1	10	7
Pdzph1	20130	19358	14931	12924	14346	15471
Pdzrn3	269	249	216	132	161	161
Pdzrn4	155	137	105	73	74	80
Pea15a	13710	12951	9557	8381	9112	10157
Peak1	522	551	387	350	394	407
Peak1os	6	11	2	5	10	7
Pear1	48	62	37	26	32	24
Pebp1	9726	8947	6824	6947	7418	8445
Pebp4	14	10	5	3	4	4
Pecam1	443	391	295	289	250	264
Pecr	151	113	99	87	127	108
Pef1	1374	1337	1016	941	933	1108
Peg10	256	244	170	188	152	179
Peg12	13	10	14	3	2	7
Peg13	11354	10675	7563	8290	8832	9863
Peg3	9723	8773	7087	6314	7304	7096
Peli1	1398	1320	966	1061	1217	1312
Peli2	1565	1440	1137	713	797	848
Peli3	3687	3547	3015	2737	3048	3213
Pelo	305	298	247	206	216	279
Pelp1	912	949	729	799	911	947
Pemt	38	42	31	18	36	33
Penk	872	822	700	258	153	164
Peo1	566	608	380	398	465	474
Pepd	1013	1001	768	817	869	1001
Per1	2030	2278	1651	1386	1576	1428
Per2	995	973	744	534	625	604
Per3	4339	4137	3237	3037	3611	3640
Perm1	403	415	346	172	190	186
Perp	101	111	123	57	71	41
Pes1	3942	3465	2721	2705	2926	3398
Pet100	3547	3533	2433	2848	2916	3320
Pet117	353	321	202	246	284	288
Pet2	0	0	0	0	0	0
Pex1	1274	1184	982	896	1104	1056
Pex10	453	537	380	401	413	442
Pex11a	801	865	580	552	656	670
Pex11b	970	884	674	739	758	809
Pex11g	173	155	137	118	180	182
Pex12	537	590	428	427	513	529
Pex13	2229	2028	1485	1455	1666	1884
Pex14	1614	1483	1119	1150	1262	1417
Pex16	873	942	660	621	637	722
Pex19	3264	3150	2201	1836	2047	2197
Pex2	3179	2857	2064	1986	2177	2436
Pex26	787	772	633	566	654	644
Pex3	1230	1152	887	956	1136	1307
Pex5	1999	1885	1437	1414	1487	1616
Pex5l	21348	19833	15487	14800	15722	17598
Pex6	1357	1295	925	929	1094	1147
Pex7	1245	1130	774	605	776	875
Pf4	10	5	7	0	4	0
Pfas	2290	2150	1675	1590	1821	1946
Pfdn1	2107	1943	1467	1405	1455	1595
Pfdn2	631	620	428	338	363	455
Pfdn4	578	504	361	417	460	551
Pfdn5	5074	4770	3799	3527	3607	4049
Pfdn6	2520	2437	1827	1912	2047	2271
Pfkfb1	69	48	37	50	60	54
Pfkfb2	18008	16675	13680	12043	14183	14385
Pfkfb3	1446	1318	882	612	817	997
Pfkfb4	512	422	325	358	413	430
Pfkl	10507	10563	6984	6983	8284	9765
Pfkm	5614	5114	3710	3456	3647	4035
Pfkp	15541	15172	11241	10445	12389	13538
Pfn1	1841	1809	1280	1401	1498	1634
Pfn2	8608	8033	5548	5603	6079	7355
Pfn3	1	0	0	0	0	0
Pfn4	111	105	81	55	71	77
Pfpl	0	0	0	0	1	0
Pga5	0	0	1	0	1	0
Pgam1	32831	29866	22493	24398	27434	32876
Pgam2	84	92	70	68	83	69
Pgam5	2092	1974	1419	1518	1690	1953
Pgap1	2730	2368	1853	1601	1879	1982
Pgap2	693	756	536	350	421	449
Pgap3	1049	1033	802	606	729	845
Pgbd1	167	220	154	147	166	178
Pgbd5	2902	2679	1984	2012	2149	2344
Pgc	103	77	50	44	53	63
Pgd	1107	1171	766	1271	1359	1487
Pgf	23	36	21	16	22	24
Pggt1b	1355	1323	1059	921	1105	1169
Pgk1	33640	29807	21811	20946	24212	29659
Pgk1-rs7	14695	12996	9245	9178	10480	12709
Pgk2	0	0	0	0	0	0
Pgls	507	501	381	351	404	395
Pglyrp1	22	42	49	29	44	56
Pglyrp2	0	0	0	0	0	0
Pglyrp3	0	0	0	0	0	0
Pglyrp4	1	0	2	0	0	1
Pgm1	364	308	239	192	215	208
Pgm2	3040	2825	2027	1976	2245	2662
Pgm2l1	11930	10257	7646	6145	6836	7375
Pgm3	1091	982	690	699	827	922
Pgm5	57	50	52	37	30	44
Pgp	466	424	315	264	309	333
Pgpep1	1258	1152	911	914	1027	1106
Pgpep1l	5	4	6	3	10	10
Pgr	171	137	93	87	99	98
Pgr15l	0	0	0	0	0	0
Pgrmc1	9188	8508	6202	6176	6785	7635
Pgrmc2	3698	3590	2637	2460	2822	3104
Pgs1	1448	1436	1127	1055	1094	1155
Phactr1	3957	3802	2705	2898	3298	3366
Phactr2	2017	1930	1544	1506	1593	1573
Phactr3	1463	1466	967	1112	1231	1383
Phactr4	321	298	274	275	294	295
Phax	2984	2928	2317	2490	2562	2880
Phb	2579	2543	1865	1672	1736	2028
Phb2	2316	2223	1692	1605	1759	2021
Phc1	1372	1501	1109	1148	1365	1280
Phc2	3699	3436	2773	1950	2159	2353
Phc3	3435	3347	2752	2301	2960	2765
Phex	132	117	74	60	66	55
Phf1	1934	1812	1444	1288	1448	1450
Phf10	1084	1069	821	702	851	886
Phf11a	0	5	2	3	2	1
Phf11b	7	8	15	3	6	6
Phf11c	119	94	89	74	74	70
Phf11d	25	28	20	10	21	20
Phf12	1905	1909	1418	1449	1641	1607
Phf13	472	479	395	332	354	346
Phf14	3981	3635	2851	2548	2927	3187
Phf19	72	59	34	53	61	59
Phf2	2704	2496	2016	1902	2111	2277
Phf20	4344	3999	2927	2933	3324	3653
Phf20l1	4893	4677	3570	3210	3909	3995
Phf21a	4663	4536	3390	2926	3329	3740
Phf21b	1164	1178	881	951	1093	1078
Phf23	1197	1142	883	902	945	1097
Phf24	839	953	641	466	475	497
Phf2os1	128	130	95	127	110	131
Phf3	7695	7364	5632	4903	5615	6076
Phf5a	1082	1035	819	669	776	795
Phf6	1889	1743	1266	1264	1382	1542
Phf7	252	247	207	209	218	242
Phf8	3448	3313	2633	2270	2565	2757
Phgdh	313	358	267	129	158	156
Phgr1	3	0	1	0	1	0
Phip	10513	9541	7258	6798	8200	8476
Phka1	1453	1340	1019	922	1220	1172
Phka2	1546	1460	1171	905	1080	1153
Phkb	2691	2707	1866	1593	1743	1986
Phkg1	71	79	54	72	69	59
Phkg2	801	767	611	595	639	700
Phlda1	67	88	56	69	85	78
Phlda2	0	0	0	0	0	0
Phlda3	122	101	119	77	105	108
Phldb1	555	420	365	305	359	347
Phldb2	104	119	74	44	66	54
Phldb3	34	37	25	26	23	42
Phlpp1	3001	2812	2184	1885	2044	2227
Phlpp2	6724	6195	5131	4312	4798	5034
Phospho1	187	154	114	87	90	94
Phospho2	1688	1558	1181	1213	1284	1369
Phox2a	79	74	56	92	73	74
Phox2b	0	0	0	0	0	0
Phpt1	1249	1293	988	905	1007	1103
Phrf1	2559	2456	1847	1697	2009	2000
Phtf1	1317	1248	973	923	1093	1114
Phtf1os	2005	1780	1243	1253	1466	1684
Phtf2	991	893	687	692	767	807
Phxr2	15	15	5	18	18	11
Phxr4	7	17	22	1	14	8
Phyh	3813	3544	2605	2792	2967	3466
Phyhd1	1399	1276	1010	966	1110	1114
Phyhip	640	616	453	441	509	543
Phyhipl	2201	2219	1622	1512	1671	1804
Phykpl	2875	2946	2158	2061	2214	2484
Pi15	3	1	4	3	3	2
Pi16	12	12	15	14	15	18
Pi4k2a	1350	1437	964	1025	1109	1171
Pi4k2b	111	137	79	115	164	140
Pi4ka	7151	6724	5484	4899	5473	5862
Pi4kb	3395	3159	2343	2262	2528	2650
Pianp	263	293	218	180	198	221
Pias1	3287	3158	2293	2342	2485	2774
Pias2	4722	4553	3363	3116	3486	3896
Pias3	3173	3219	2529	2998	3388	3471
Pias4	1182	1266	892	849	872	897
Pibf1	1540	1367	1116	829	987	1100
Picalm	6813	6560	4826	4186	4698	5098
Pick1	1282	1267	1007	1046	1164	1264
Pid1	710	717	521	556	665	701
Pidd1	48	49	40	35	40	43
Piezo1	437	543	361	244	287	261
Piezo2	12	28	13	15	21	14
Pif1	2	0	5	1	4	2
Pifo	34	47	44	12	17	15
Piga	400	378	317	299	343	408
Pigb	1800	1894	1389	1266	1540	1513
Pigc	1254	1098	798	645	644	679
Pigf	968	896	729	629	709	717
Pigg	1850	1751	1322	1270	1435	1545
Pigh	810	798	566	609	625	679
Pigk	2739	2659	2161	1916	2016	2390
Pigl	145	165	129	103	147	141
Pigm	2942	2762	2003	1870	2138	2160
Pign	2028	1944	1447	1097	1293	1461
Pigo	1538	1467	1143	1195	1317	1438
Pigp	1362	1378	919	903	1103	1174
Pigq	1800	1777	1344	1202	1353	1475
Pigr	10	4	5	1	2	5
Pigs	2066	1945	1581	1581	1702	1834
Pigt	2299	2214	1604	1632	1713	1957
Pigu	576	501	376	418	443	499
Pigv	1054	1107	832	685	780	839
Pigw	131	190	123	76	98	93
Pigx	410	418	320	279	305	316
Pigyl	476	421	297	275	306	361
Pigz	273	258	196	322	296	307
Pih1d1	696	635	466	799	818	937
Pih1d2	231	202	161	219	212	220
Pih1d3	0	0	0	0	0	0
Pih1h3b	4	2	2	2	2	6
Pik3ap1	69	59	41	13	9	12
Pik3c2a	4720	4124	3154	2917	3430	3532
Pik3c2b	195	197	136	140	172	167
Pik3c2g	2	2	1	0	1	2
Pik3c3	2102	1980	1479	1589	1758	1904
Pik3ca	9964	8913	6843	6489	7205	7702
Pik3cb	899	808	623	612	654	693
Pik3cd	231	202	165	187	235	207
Pik3cg	36	27	16	14	16	20
Pik3ip1	994	817	644	584	619	718
Pik3r1	5618	5600	4149	5347	6019	6439
Pik3r2	2139	2175	1564	1490	1631	1801
Pik3r3	6758	6170	4438	4071	4441	5005
Pik3r4	1579	1469	1238	1102	1269	1352
Pik3r5	184	116	92	83	96	114
Pik3r6	16	13	14	10	8	9
Pikfyve	4339	3917	3049	3152	3487	3865
Pilra	86	82	51	64	98	83
Pilrb1	0	2	0	1	0	0
Pilrb2	0	0	0	0	0	0
Pim1	283	312	209	244	225	256
Pim2	372	392	266	235	269	307
Pim3	789	777	516	462	560	611
Pin1	2121	1971	1576	1397	1490	1687
Pin1rt1	0	5	3	2	2	0
Pin4	578	610	462	415	472	507
Pink1	13174	12462	9663	7231	7225	8661
Pinlyp	3	1	2	0	2	2
Pinx1	270	257	179	150	180	196
Pip	0	0	0	0	0	0
Pip4k2a	719	661	428	494	465	539
Pip4k2b	3963	3762	2734	2596	2995	3149
Pip4k2c	6453	6229	4680	4381	4794	5371
Pip5k1a	2068	1843	1390	1440	1682	1758
Pip5k1b	412	446	292	263	335	328
Pip5k1bos	3	4	4	0	2	1
Pip5k1c	4692	4516	3470	3149	3498	3707
Pip5kl1	79	85	51	66	86	71
Pipox	132	148	100	93	105	116
Pir	118	142	76	69	91	91
Pira2	0	1	1	1	0	1
Pirb	12	9	4	2	2	3
Pirt	78	41	39	72	53	69
Pisd	693	748	513	481	564	613
Pisd-ps1	594	582	443	775	741	849
Pisd-ps2	143	130	94	119	123	115
Pisrt1	0	0	0	0	0	0
Pithd1	2463	2381	1839	1725	1791	1946
Pitpna	5284	5037	3524	3129	3484	3929
Pitpnb	763	874	583	438	546	519
Pitpnc1	3276	3233	2451	2159	2320	2665
Pitpnm1	24111	22501	18405	17171	18351	19809
Pitpnm2	2192	2203	1821	1624	1909	1911
Pitpnm2os1	81	70	55	41	64	47
Pitpnm2os2	2561	2468	2061	1618	2005	2046
Pitpnm3	7677	6986	6130	4828	5437	5317
Pitrm1	928	944	653	665	833	809
Pitx1	0	0	1	0	1	0
Pitx2	1	5	4	6	1	0
Pitx3	0	0	0	0	0	1
Piwil1	1	1	1	5	4	1
Piwil2	227	250	168	169	231	195
Piwil4	46	46	16	15	16	27
Pja1	7694	7181	5277	4907	5282	6100
Pja2	13982	12717	9088	8991	9765	11523
Pkd1	6110	5958	5102	4482	5488	5449
Pkd1l1	23	21	14	9	8	20
Pkd1l2	8	9	4	7	5	7
Pkd1l3	605	564	458	436	473	549
Pkd2	1473	1469	971	702	819	760
Pkd2l1	1	0	2	4	2	1
Pkd2l2	721	664	430	471	554	591
Pkdcc	304	249	195	230	238	228
Pkdrej	15	32	15	11	20	12
Pkhd1	25	13	6	16	19	33
Pkhd1l1	27	30	18	13	14	22
Pkia	4161	4000	2738	2609	2833	3215
Pkib	82	84	71	58	82	84
Pkig	1494	1442	1104	1118	1065	1326
Pklr	72	78	51	45	54	49
Pkm	158481	142699	113137	105634	111535	129988
Pkmyt1	1592	1525	1104	1028	1146	1297
Pkn1	1881	1716	1375	1292	1424	1559
Pkn2	4730	4495	3262	2861	3163	3401
Pkn3	103	112	62	76	83	89
Pknox1	1479	1377	1113	1011	1218	1203
Pknox2	399	415	325	251	307	301
Pkp1	364	368	262	191	184	214
Pkp2	797	757	537	530	593	589
Pkp3	0	4	8	4	3	7
Pkp4	3963	3878	2810	2344	2553	2790
Pla1a	7	10	10	5	5	2
Pla2g10	5	9	9	3	9	3
Pla2g10os	1	1	1	1	0	0
Pla2g12a	466	421	311	350	405	361
Pla2g12b	7	4	4	3	3	4
Pla2g15	365	348	272	201	218	272
Pla2g16	2336	2170	1600	919	979	1151
Pla2g1b	0	4	1	6	4	4
Pla2g2a	0	0	0	0	0	0
Pla2g2c	96	112	60	21	32	36
Pla2g2d	5	6	6	1	0	3
Pla2g2e	0	1	0	0	1	0
Pla2g2f	84	90	77	0	0	0
Pla2g3	74	82	52	65	51	47
Pla2g4a	109	92	79	18	27	21
Pla2g4b	426	491	385	396	478	409
Pla2g4c	42	53	26	33	24	40
Pla2g4c-ps-001	4	3	4	1	7	4
Pla2g4d	2	1	1	0	0	0
Pla2g4e	81	75	68	177	194	178
Pla2g4f	1	3	2	1	3	1
Pla2g5	5470	5183	3980	3174	3341	3904
Pla2g6	606	606	477	554	624	620
Pla2g7	7088	7150	5002	6266	6811	7606
Pla2r1	12030	11197	9165	7331	8349	8379
Plaa	1500	1612	1196	1053	1166	1280
Plac1	0	0	0	0	0	0
Plac8	12	25	13	2	14	14
Plac8l1	3	3	0	1	0	0
Plac9a	377	444	289	189	195	267
Plac9b	569	673	444	293	292	417
Plag1	960	919	696	638	742	711
Plagl1	343	334	259	343	328	319
Plagl2	1476	1519	1199	984	1011	983
Plat	495	497	348	213	250	231
Platr31	123	131	93	86	97	87
Platr32	1	0	1	0	0	1
Plau	23	19	20	11	17	9
Plaur	6	2	5	5	8	3
Plb1	43	48	32	43	51	55
Plbd1	20	24	11	36	31	27
Plbd2	551	563	451	361	456	434
Plcb1	1668	1419	1061	869	996	1133
Plcb2	10	12	20	1	4	15
Plcb3	450	435	315	295	330	364
Plcb4	5232	5097	3782	3423	3795	3931
Plcd1	384	338	245	298	323	293
Plcd3	2712	2543	2129	2192	2433	2655
Plcd4	367	395	273	276	272	307
Plce1	939	919	661	630	661	763
Plcg1	1985	1843	1539	1402	1515	1648
Plcg2	69	66	44	28	39	43
Plch1	6902	6407	4838	4929	5429	5867
Plch2	17842	16947	13786	14497	16113	16581
Plcl1	1224	1121	802	678	773	830
Plcl2	1518	1404	1043	979	1180	1263
Plcxd1	237	203	167	172	181	227
Plcxd2	8926	8141	6367	6347	7194	7769
Plcxd3	244	277	166	169	173	181
Plcz1	151	112	106	408	402	496
Pld1	92	68	52	45	59	54
Pld2	448	389	299	260	307	333
Pld3	2606	2480	1902	1861	1956	2272
Pld4	51	39	24	15	18	24
Pld5	101	128	67	48	62	61
Pld6	18	9	5	5	9	14
Plec	2689	2426	2016	1635	1902	1776
Plek	912	873	685	601	684	750
Plek2	14	12	11	13	16	11
Plekha1	9148	8441	6090	6500	7342	7708
Plekha2	3398	3022	2409	2112	2378	2648
Plekha3	1671	1482	1140	1007	1081	1214
Plekha4	132	127	81	66	80	80
Plekha5	2230	2189	1701	1424	1684	1671
Plekha6	3832	3847	3092	2898	3356	3486
Plekha7	1247	1251	1034	1045	1207	1142
Plekha8	6487	5907	4665	4645	5358	5617
Plekhb1	6636	6957	4728	1451	1857	1854
Plekhb2	18124	16987	12380	11458	12173	14225
Plekhd1	1069	1024	740	816	848	992
Plekhd1os	27	26	25	26	34	25
Plekhf1	63	95	43	33	27	34
Plekhf2	6619	5837	4282	3994	4581	5060
Plekhg1	252	277	195	186	200	225
Plekhg2	146	113	97	58	79	73
Plekhg3	1063	989	882	675	863	940
Plekhg4	333	375	265	344	388	311
Plekhg5	302	327	227	193	235	270
Plekhg6	53	60	38	21	27	25
Plekhh1	715	756	555	548	594	599
Plekhh2	703	696	526	264	272	307
Plekhh3	369	333	294	240	309	276
Plekhj1	892	859	656	597	617	729
Plekhm1	659	724	528	474	551	585
Plekhm2	1508	1451	1178	1028	1143	1251
Plekhm3	4332	4003	3142	3117	3524	3685
Plekhn1	278	317	280	169	191	189
Plekho1	435	414	294	316	347	386
Plekho2	727	632	513	452	439	579
Plekhs1	15	31	35	15	31	30
Plet1	45	60	58	15	40	38
Plet1os	22	25	25	9	13	16
Plg	3	5	1	3	6	5
Plgrkt	730	704	523	550	632	662
Plin1	13	16	12	25	5	9
Plin2	341	280	259	225	224	263
Plin3	305	280	226	168	167	179
Plin4	297	310	277	171	180	134
Plin5	25	33	22	20	22	26
Plk1	22	28	23	20	29	25
Plk2	1905	1990	1306	1124	1168	1255
Plk3	74	81	50	34	41	48
Plk4	211	227	158	137	197	165
Plk5	4712	4782	3606	3518	3930	4170
Pllp	165	187	113	124	191	153
Pln	45	28	29	25	38	33
Plod1	716	670	541	618	685	756
Plod2	744	690	472	506	585	671
Plod3	786	718	560	523	625	602
Plp1	217	217	148	501	326	224
Plp2	141	161	139	86	117	90
Plpp1	758	704	551	472	499	673
Plpp2	1269	1222	880	1037	1043	1244
Plpp3	1809	1666	1154	1011	978	1154
Plpp4	28	35	13	18	25	25
Plpp5	506	433	309	316	331	375
Plpp6	1339	1350	985	881	921	1058
Plpp7	593	570	456	457	423	513
Plppr1	237	209	148	142	193	231
Plppr2	662	666	505	506	577	556
Plppr3	1148	1129	841	771	890	967
Plppr4	3075	2702	1891	3196	3737	3880
Plppr5	1408	1354	915	960	941	1123
Plrg1	2368	2478	1877	1673	1797	1986
Pls1	466	496	324	318	361	382
Pls3	2084	1939	1272	2102	2769	2857
Plscr1	383	330	268	310	280	308
Plscr2	71	72	49	25	33	28
Plscr3	151	167	128	150	137	133
Plscr4	167	168	129	78	70	92
Plscr5	12	15	7	15	10	13
Pltp	984	1020	817	649	801	721
Plvap	112	114	83	140	141	153
Plxdc1	155	161	109	79	76	93
Plxdc2	832	829	581	523	583	611
Plxna1	1278	1263	1004	901	1050	1007
Plxna2	5189	4792	3889	3956	4824	4736
Plxna3	634	649	516	544	628	620
Plxna4	681	628	488	449	560	544
Plxna4os1	5	6	3	5	4	2
Plxna4os2	8	22	15	7	23	13
Plxna4os3	14	13	11	15	8	13
Plxnb1	4204	3849	3358	2801	3290	3200
Plxnb2	2812	2673	2039	1964	2146	2278
Plxnb3	11	10	9	9	8	7
Plxnc1	1370	1181	887	772	823	935
Plxnd1	319	305	201	121	161	142
Pm20d1	37	51	37	36	52	49
Pm20d2	351	322	267	284	328	345
Pmaip1	14	23	12	20	18	33
Pmch	0	2	0	1	1	1
Pmel	145	384	103	284	48	35
Pmepa1	1119	1169	751	777	838	909
Pmepa1os	24	19	14	23	21	33
Pmf1	148	153	128	107	138	151
Pmfbp1	52	48	43	53	53	60
Pmis2	4	2	4	0	3	0
Pml	319	319	270	238	290	281
Pmm1	4061	3744	2958	2441	2583	2849
Pmm2	675	721	492	479	508	580
Pmp2	73	58	42	23	30	24
Pmp22	385	414	283	250	267	287
Pmpca	2719	2527	1944	1842	2036	2118
Pmpcb	2939	2795	2052	1907	2189	2426
Pms1	3870	3573	2619	2329	2565	3092
Pms2	1124	1074	785	777	887	966
Pmvk	1391	1312	972	965	1051	1113
Pnck	568	514	398	427	511	569
Pnisr	10462	10811	7726	7682	9259	8909
Pnkd	1547	1561	1166	1013	1093	1114
Pnkp	1005	932	702	735	914	894
Pnldc1	24	34	17	18	27	22
Pnlip	18	20	11	11	10	12
Pnliprp1	0	1	0	0	2	0
Pnliprp2	10	12	11	7	3	13
Pnma1	52	61	30	54	45	48
Pnma2	498	420	334	273	260	332
Pnma3	400	390	232	264	299	287
Pnma5	30	30	16	16	33	20
Pnmal1	2509	2225	1586	1539	1636	2007
Pnmal2	6267	5769	4163	3946	4359	4766
Pnmt	14	11	2	8	14	19
Pnn	2823	3043	2264	2191	2537	2443
Pno1	1310	1214	856	857	912	1057
Pnoc	8	15	10	10	15	13
Pnp	1077	1050	853	1195	1304	1497
Pnp2	68	47	47	97	82	107
Pnpla1	1	0	0	1	2	2
Pnpla1os	0	0	0	0	0	0
Pnpla2	262	262	186	177	199	176
Pnpla3	2847	2781	2169	1192	1362	1452
Pnpla5	1	0	0	1	1	1
Pnpla6	1333	1204	1056	1113	1153	1194
Pnpla7	356	314	299	243	294	289
Pnpla8	4638	4514	3341	3024	3360	3601
Pnpo	847	797	629	657	729	836
Pnpt1	1602	1612	1189	1433	1711	1676
Pnrc1	7768	7758	5625	5149	5204	6079
Pnrc2	4565	4348	3106	2559	2968	3160
Poc1a	103	98	51	26	35	36
Poc1b	1017	964	730	611	739	771
Poc5	2881	2798	2265	2014	2170	2394
Podn	81	70	63	37	51	35
Podnl1	69	45	64	28	42	38
Podxl	7725	6654	5182	5458	5764	6230
Podxl2	5950	5427	4220	3950	4264	4914
Pof1b	23	23	20	16	28	35
Pofut1	3641	3491	2841	1782	2018	2050
Pofut2	1403	1369	988	938	990	1123
Pogk	5862	5305	4064	3704	4270	4587
Poglut1	1348	1330	967	892	1002	1131
Pogz	3081	3052	2352	2092	2434	2531
Pola1	2222	1985	1639	1447	1685	1933
Pola2	304	290	211	202	236	248
Polb	1893	1805	1347	1338	1613	1760
Pold1	816	749	627	465	570	609
Pold2	576	512	426	383	431	428
Pold3	2495	2195	1777	1693	1886	2077
Pold4	304	272	200	173	187	223
Poldip2	2956	2784	1974	2004	2056	2186
Poldip3	5957	5697	4376	4004	4219	4806
Pole	124	109	81	47	85	88
Pole2	48	66	40	48	62	71
Pole3	642	599	452	465	604	639
Pole4	2089	2006	1434	1539	1674	1939
Polg	2598	2439	1875	1966	2038	2248
Polg2	1916	1786	1388	1094	1287	1331
Polh	602	597	474	407	432	456
Poli	629	679	504	360	412	449
Polk	1255	1083	855	780	941	1016
Poll	677	657	523	378	419	549
Polm	127	144	80	92	100	88
Poln	68	70	52	46	60	49
Polq	413	452	309	206	303	306
Polr1a	1543	1448	1096	929	1036	1095
Polr1b	957	990	734	534	641	618
Polr1c	1481	1462	1129	951	1061	1114
Polr1d	1946	1750	1302	1142	1200	1386
Polr1e	350	336	255	201	279	266
Polr2a	4210	3862	3215	2370	3069	2830
Polr2b	7037	6591	5009	4617	5009	5591
Polr2c	2049	1994	1458	1520	1595	1770
Polr2d	841	770	558	504	616	629
Polr2e	1053	1144	735	740	896	871
Polr2f	767	728	514	511	494	609
Polr2g	1607	1581	1158	1096	1291	1435
Polr2h	446	417	339	332	314	395
Polr2i	673	599	487	492	532	550
Polr2j	1443	1492	1092	1026	1098	1210
Polr2k	1734	1693	1211	1163	1220	1459
Polr2l	1331	1239	1000	804	895	999
Polr2m	5893	5661	3944	4185	4533	4971
Polr3a	2007	1882	1485	1303	1600	1605
Polr3b	1279	1225	972	1053	1173	1219
Polr3c	868	923	647	588	658	766
Polr3d	728	720	577	511	502	586
Polr3e	1733	1783	1339	1089	1268	1446
Polr3f	2415	2469	1723	1964	2158	2346
Polr3g	314	316	233	217	263	294
Polr3gl	1421	1295	995	1046	1152	1256
Polr3h	1750	1715	1237	1209	1433	1491
Polr3k	2129	1936	1490	1693	1879	1937
Polrmt	1119	1059	836	743	841	864
Pom121	724	729	582	517	609	557
Pom121l12	0	0	0	0	0	0
Pom121l2	0	0	0	0	2	0
Pomc	78	82	79	80	85	93
Pomgnt1	2674	2571	2011	1906	1987	2290
Pomgnt2	721	682	555	513	625	631
Pomk	1282	1198	878	809	866	1000
Pomp	2576	2551	1802	1686	1791	1971
Pomt1	834	866	651	602	759	747
Pomt2	3011	2751	2020	1957	2273	2490
Pon1	74	105	129	29	157	44
Pon2	651	664	459	496	507	592
Pon3	41	43	32	23	39	15
Pop1	316	354	252	175	218	193
Pop4	1170	1098	834	872	969	1063
Pop5	967	886	754	559	590	633
Pop7	554	571	403	384	479	509
Popdc2	19	19	13	6	10	21
Popdc3	256	228	178	153	186	228
Por	2354	2177	1715	1634	1736	1991
Porcn	895	886	584	654	709	727
Postn	117	117	78	130	92	86
Pot1a	1648	1510	1120	1005	1197	1292
Pot1b	491	490	427	303	389	378
Poteg	6	7	6	8	7	8
Pou1f1	0	9	1	0	4	1
Pou2af1	5	5	1	1	1	2
Pou2f1	3433	3430	2609	2422	2841	2747
Pou2f2	202	172	136	117	142	135
Pou2f3	0	2	0	0	2	1
Pou3f1	54	49	41	41	49	52
Pou3f2	131	156	116	81	109	120
Pou3f3	304	286	167	179	223	228
Pou3f4	4	5	0	0	0	0
Pou4f1	1359	1348	908	825	870	910
Pou4f2	376	376	245	227	222	265
Pou4f3	195	178	102	96	103	140
Pou5f1	4	4	3	0	0	0
Pou5f2	14	10	10	8	7	10
Pou6f1	2427	2323	1843	1702	2032	2169
Pou6f2	233	262	178	156	190	229
Pp2d1	499	455	290	328	326	404
Ppa1	6331	5805	4294	4062	4355	4946
Ppa2	2729	2530	1967	1788	2006	2174
Ppan	678	686	556	545	548	640
Ppara	684	642	512	540	635	657
Ppard	705	721	566	515	580	581
Pparg	4	8	6	6	10	9
Ppargc1a	2705	2525	1941	1781	2019	2160
Ppargc1b	1049	1084	865	1065	1232	1196
Ppat	1029	1064	748	952	928	1006
Ppbp	1	4	1	4	9	8
Ppcdc	800	751	622	551	584	657
Ppcs	220	202	140	134	154	171
Ppdpf	916	830	681	557	627	712
Ppef1	54	64	51	37	40	38
Ppef2	7603	7071	5738	6360	7202	7396
Ppfia1	2117	2244	1568	1354	1571	1598
Ppfia2	7212	6714	5323	4507	5245	5418
Ppfia3	2540	2348	1767	1810	1879	2019
Ppfia4	859	814	574	658	656	692
Ppfibp1	886	863	594	520	597	604
Ppfibp2	71	100	73	61	65	46
Pphln1	1671	1596	1174	1300	1557	1671
Ppia	22299	21282	15118	16533	17495	20008
Ppib	2800	2518	1923	1928	2072	2359
Ppic	41	33	29	19	17	18
Ppid	2679	2688	1960	1762	2015	2231
Ppie	1062	990	738	695	703	834
Ppif	297	300	257	269	256	290
Ppig	4006	4010	2740	2999	3379	3502
Ppih	787	647	553	528	577	653
Ppil1	717	714	538	412	404	461
Ppil2	2820	2688	2112	1917	2219	2281
Ppil3	623	574	457	582	564	628
Ppil4	4141	3947	3100	3104	3262	3706
Ppil6	187	222	156	170	218	246
Ppip5k1	7721	7342	5763	4851	5538	5685
Ppip5k2	1770	1668	1244	1200	1265	1378
Ppl	142	156	158	83	123	103
Ppm1a	9780	8737	6618	6193	6770	7496
Ppm1b	11048	10472	7597	7184	8176	8704
Ppm1d	2138	2220	1682	1765	1968	2052
Ppm1e	9397	8702	6682	5687	6292	6923
Ppm1f	1380	1403	940	926	982	1113
Ppm1g	1685	1567	1264	1149	1323	1312
Ppm1h	6272	6175	4488	3157	3535	3807
Ppm1j	649	653	498	467	522	605
Ppm1k	3012	2752	1842	1989	2189	2482
Ppm1l	4352	3990	3012	2728	3069	3150
Ppm1m	268	270	181	132	130	146
Ppm1n	2473	2241	1879	1688	1849	2055
Ppme1	4542	4226	3162	2943	3219	3605
Ppnr	13	13	11	4	13	6
Ppox	1178	1131	845	906	1040	1011
Ppp1ca	5323	4942	3794	3624	3644	4136
Ppp1cb	15568	14889	10262	10006	11221	12650
Ppp1cc	19614	18202	13458	13646	14360	16462
Ppp1r10	3409	3543	2602	2538	2763	2863
Ppp1r11	2360	2260	1654	1824	1869	2116
Ppp1r12a	4424	4064	3042	2828	3272	3558
Ppp1r12b	2584	2568	2104	1820	1990	2005
Ppp1r12c	2561	2432	1817	1819	1946	2156
Ppp1r13b	1851	1837	1410	1263	1374	1551
Ppp1r13l	171	171	134	151	137	180
Ppp1r14a	70	66	45	52	39	44
Ppp1r14b	226	217	156	143	170	156
Ppp1r14c	183	178	133	120	153	154
Ppp1r14d	6	6	6	2	5	3
Ppp1r15a	667	683	522	536	625	595
Ppp1r15b	3580	3436	2490	2256	2511	2743
Ppp1r16a	1718	1692	1300	1298	1442	1538
Ppp1r16b	1383	1363	998	1184	1254	1350
Ppp1r17	692	565	382	428	396	501
Ppp1r18	631	561	503	463	570	534
Ppp1r18os	178	178	141	144	161	159
Ppp1r1a	1071	1023	735	690	798	879
Ppp1r1b	299	281	249	222	254	270
Ppp1r1c	67	62	36	31	33	32
Ppp1r2	4705	4379	3066	2983	3362	3695
Ppp1r21	1640	1617	1119	1010	1119	1292
Ppp1r26	1543	1481	1069	1065	1123	1184
Ppp1r27	25	26	14	22	29	20
Ppp1r32	21	17	11	18	28	26
Ppp1r35	451	427	334	332	365	401
Ppp1r36	2	1	1	2	0	2
Ppp1r37	3494	3253	2569	2297	2484	2706
Ppp1r3a	35	44	21	23	18	23
Ppp1r3b	52	43	31	89	66	100
Ppp1r3c	1604	1485	1047	903	1032	1169
Ppp1r3d	255	209	148	170	191	208
Ppp1r3e	74	85	67	49	44	72
Ppp1r3f	904	880	642	689	756	812
Ppp1r3fos	107	132	81	102	126	110
Ppp1r3g	14	9	7	55	61	85
Ppp1r42	998	959	760	658	682	834
Ppp1r7	5963	5667	4245	3797	4332	4572
Ppp1r8	2251	2197	1579	1487	1549	1894
Ppp1r9a	8843	8172	6579	5181	6029	6453
Ppp1r9b	5466	5123	3696	3529	3720	4216
Ppp2ca	8821	8744	6149	5703	6215	6985
Ppp2cb	2602	2355	1644	1393	1524	1688
Ppp2r1a	11044	9882	7644	7056	7339	8260
Ppp2r1b	1226	1201	910	844	904	1030
Ppp2r2a	768	770	546	469	558	541
Ppp2r2b	7143	7189	5299	4928	5413	5876
Ppp2r2c	2210	2146	1479	1279	1443	1581
Ppp2r2cos	27	15	14	15	18	12
Ppp2r2d	1862	1741	1329	1270	1417	1536
Ppp2r3a	4295	4041	3069	3017	3357	3658
Ppp2r3c	1927	1796	1247	1212	1352	1436
Ppp2r3d	541	597	502	388	384	370
Ppp2r5a	2574	2418	1825	1904	2135	2372
Ppp2r5b	3330	3128	2395	2231	2442	2708
Ppp2r5c	7196	6790	5005	5089	5645	6135
Ppp2r5d	3661	3374	2662	2511	2683	2962
Ppp2r5e	4374	4318	3100	2603	3002	3243
Ppp3ca	9410	8934	6186	5595	6166	6883
Ppp3cb	7127	6731	4820	4715	5265	5918
Ppp3cc	6442	5978	4514	4730	5390	5845
Ppp3r1	6731	6718	4337	4331	4757	5320
Ppp3r2	5	7	5	2	3	5
Ppp4c	1236	1427	988	946	1047	1206
Ppp4r1	1558	1575	1204	1049	1167	1308
Ppp4r1l-ps	271	244	218	206	211	243
Ppp4r2	4612	4717	3243	3621	3876	4279
Ppp4r4	434	415	280	259	297	318
Ppp5c	2247	2251	1662	1588	1820	1946
Ppp6c	2877	2860	2043	2153	2395	2468
Ppp6r1	3295	3253	2642	2393	2765	2765
Ppp6r2	2545	2517	1819	1742	2090	2166
Ppp6r3	8378	7455	5897	5370	6034	6604
Pprc1	342	402	266	269	276	313
Ppt1	3119	3071	2282	2953	3378	3565
Ppt2	1812	1832	1336	1532	1543	1710
Pptc7	2531	2326	1803	1643	1858	1965
Ppwd1	374	446	298	287	343	327
Ppy	0	0	0	0	0	0
Pqbp1	2063	1882	1402	1400	1482	1667
Pqlc1	637	620	484	469	525	574
Pqlc2	357	353	304	245	309	302
Pqlc3	65	65	49	64	66	69
Pradc1	264	239	162	182	214	173
Praf2	985	1053	688	718	779	811
Pram1	196	182	151	169	223	170
Prame	0	0	0	0	0	0
Pramef12	0	0	0	0	1	0
Pramef12os	0	0	0	0	0	0
Pramef17	0	0	0	0	0	0
Pramef25	0	0	0	0	0	0
Pramef6	0	0	0	0	0	1
Pramef8	1933	1749	1177	1487	1595	1841
Pramel-001	0	0	0	0	0	0
Pramel1	0	0	0	0	0	0
Pramel3	1	1	1	1	3	2
Pramel4	0	0	1	0	0	0
Pramel5	0	0	0	0	0	0
Pramel6	0	0	0	0	0	0
Pramel7	0	0	0	0	0	0
Prap1	64	31	34	45	58	67
Prb1	0	0	0	0	0	0
Prc1	173	198	117	381	438	458
Prcc	2034	1851	1507	1348	1407	1606
Prcp	490	423	329	298	329	368
Prdm1	534	484	371	416	430	521
Prdm10	616	582	438	369	405	451
Prdm11	608	605	453	430	540	539
Prdm12	1	1	1	2	2	0
Prdm13	814	659	519	646	664	769
Prdm14	1	0	0	1	0	0
Prdm15	694	685	485	488	611	665
Prdm16	204	225	132	119	138	149
Prdm2	1786	1956	1400	1324	1403	1534
Prdm4	2010	1912	1490	1381	1512	1604
Prdm5	958	897	682	595	695	793
Prdm6	0	0	0	0	1	0
Prdm8	2545	2489	1894	1688	1963	2113
Prdm9	803	832	627	620	725	819
Prdx1	4207	3934	2740	2940	3174	3449
Prdx2	8034	7680	5702	5897	5934	6722
Prdx3	2035	1903	1411	1399	1509	1649
Prdx4	359	390	231	212	262	296
Prdx5	4428	4034	3106	2956	3107	3643
Prdx6	4334	4335	2963	2651	2674	3130
Prdx6b	6	4	1	0	0	0
Preb	1660	1863	1300	1275	1422	1483
Prelid1	3190	2979	2162	1934	2085	2401
Prelid2	56	52	36	39	36	49
Prelp	418	446	341	205	258	238
Prep	1091	1012	779	683	737	852
Prepl	9187	8723	6265	5692	6564	6918
Prex1	333	370	242	341	384	439
Prex2	4527	4079	3220	2944	3029	3422
Prf1	0	0	1	1	1	0
Prg2	0	0	0	0	0	1
Prg3	0	0	0	0	0	0
Prg4	253	222	193	162	205	202
Prh1	0	0	0	0	0	0
Prickle1	1882	1821	1398	1314	1564	1670
Prickle2	4142	3869	2791	2401	2701	2909
Prickle3	58	80	50	38	30	41
Prickle4	297	278	253	195	256	230
Prim1	492	501	382	398	415	491
Prim2	544	482	359	313	375	457
Prima1	66	77	61	33	66	64
Primpol	383	423	267	245	280	303
Prkaa1	2444	2358	1662	1515	1755	1853
Prkaa2	2263	2029	1544	1399	1558	1643
Prkab1	4376	4113	3259	3213	3535	3793
Prkab2	1603	1523	1114	1061	1270	1423
Prkaca	5207	4769	3511	2647	2847	3266
Prkacb	9374	8762	6266	5945	6681	7463
Prkag1	2150	2051	1579	1424	1457	1710
Prkag2	650	690	485	447	538	576
Prkag2os1	19	21	10	8	18	13
Prkag2os2	104	113	90	53	57	85
Prkag3	49	68	47	40	41	50
Prkar1a	16529	15350	10502	10220	11181	12303
Prkar1b	3417	3153	2479	2164	2277	2620
Prkar2a	5244	5195	3736	3332	3783	3924
Prkar2b	1548	1342	945	913	1011	1132
Prkca	14659	13410	10611	9218	11081	11592
Prkcb	4269	4009	2855	2861	2918	3371
Prkcd	317	307	224	222	237	295
Prkcdbp	119	114	90	73	86	76
Prkce	4625	4217	3130	3205	3628	3969
Prkcg	24	19	8	10	25	23
Prkch	373	404	269	268	302	287
Prkci	2704	2632	1913	1896	2080	2240
Prkcq	348	342	230	208	216	237
Prkcsh	3102	2941	2270	2083	2148	2447
Prkcz	4551	4336	3383	2846	3156	3512
Prkd1	2475	2342	1868	1569	1855	1965
Prkd2	162	175	122	110	126	134
Prkd3	3551	3206	2387	1995	2336	2531
Prkdc	3111	2887	2292	1765	2179	2326
Prkg1	1476	1501	1110	999	1104	1101
Prkg2	318	275	191	192	188	232
Prkra	863	814	601	604	745	858
Prkrip1	1085	1206	916	806	826	925
Prkrir	5028	4844	3675	3199	3419	3718
Prkx	887	840	589	630	700	747
Prl	0	0	0	0	0	0
Prl2a1	0	0	0	0	0	0
Prl2b1	0	0	0	0	0	0
Prl2c1	0	0	0	0	0	0
Prl2c2	0	0	0	0	0	0
Prl2c3	0	0	0	0	0	0
Prl2c5	0	0	0	0	0	0
Prl3a1	0	0	0	0	0	0
Prl3b1	0	0	0	0	1	0
Prl3c1	0	0	0	0	0	0
Prl3d1	0	0	0	0	0	0
Prl3d2	0	0	0	0	0	0
Prl3d3	0	0	0	0	0	0
Prl4a1	19	14	6	0	0	0
Prl5a1	0	0	0	0	0	0
Prl6a1	0	0	0	0	0	0
Prl7a1	0	0	0	0	0	0
Prl7a2	0	0	0	0	0	0
Prl7b1	0	0	0	0	0	0
Prl7c1	0	0	0	0	0	0
Prl7d1	0	0	0	0	0	0
Prl8a1	0	0	0	0	0	0
Prl8a2	0	0	0	0	0	0
Prl8a6	0	0	0	0	0	0
Prl8a8	0	0	0	0	0	0
Prl8a9	0	0	0	0	0	0
Prlh	0	0	0	0	0	0
Prlhr	9	13	10	12	20	18
Prlr	87	82	44	68	57	75
Prm1	3	2	3	1	5	2
Prm2	0	0	2	0	0	0
Prm3	0	0	0	0	0	0
Prmt1	1679	1570	1252	1310	1474	1583
Prmt2	1038	962	748	643	703	756
Prmt3	878	947	605	456	531	627
Prmt5	2221	2264	1695	1401	1542	1704
Prmt6	1231	1228	873	932	1022	1161
Prmt7	2575	2498	1945	1896	2031	2165
Prmt8	926	797	639	570	697	750
Prmt9	873	906	623	546	669	698
Prn	2347	2156	1651	1965	1912	2357
Prnd	13	10	9	2	4	7
Prnp	17281	16389	12060	14419	14845	17369
Prob1	283	292	226	236	272	283
Proc	0	0	0	0	0	0
Proca1	70	59	49	47	58	68
Procr	12	6	2	8	8	8
Prodh	669	678	499	510	594	607
Prodh2	1	1	4	0	2	2
Prok1	166	178	105	267	261	303
Prok2	0	0	0	0	0	0
Prokr1	25	36	20	34	25	33
Prokr2	23	16	17	11	3	10
Prol1	0	0	1	1	0	0
Prom1	41500	39710	31160	18891	21131	22842
Prom2	9	22	10	9	13	11
Prop1	0	0	0	0	0	0
Prorsd1	664	564	421	494	567	600
Pros1	683	640	479	460	421	419
Prosc	2006	2082	1536	1276	1451	1514
Proscos	63	84	66	34	47	43
Proser1	280	304	250	222	240	224
Proser2	664	555	367	300	300	362
Proser3	137	143	102	68	87	76
Prox1	6335	6109	4614	5114	5717	6509
Prox1os	195	179	138	109	156	140
Prox2	235	228	180	135	162	162
Prox2os	85	99	80	61	80	58
Proz	213	173	139	125	135	145
Prp2	0	0	0	0	0	0
Prpf18	3675	3789	2710	2612	2888	3256
Prpf19	4487	4011	3259	3146	3382	3781
Prpf3	1304	1495	1071	842	1018	1115
Prpf31	2932	2834	2198	2111	2323	2456
Prpf38a	1373	1385	998	921	1073	1203
Prpf38b	2239	2394	1731	1661	1932	1941
Prpf39	5433	5394	3989	3871	4531	4635
Prpf4	1572	1548	1174	1057	1308	1404
Prpf40a	5303	4760	3622	3378	3869	4267
Prpf40b	1875	1878	1484	1378	1649	1646
Prpf4b	6966	6770	4910	4939	5541	5591
Prpf6	3256	3202	2472	2156	2481	2573
Prpf8	16720	14822	12539	10324	12443	12429
Prph	124	142	87	57	57	66
Prph2	227577	213511	164349	151398	163373	184822
Prpmp5	0	0	0	0	0	0
Prps1	2570	2287	1685	1798	1933	2200
Prps1l1	0	0	1	0	0	0
Prps1l3	1446	1379	989	936	1049	1180
Prps2	453	404	293	287	346	375
Prpsap1	1140	1097	758	910	969	1045
Prpsap2	3215	3157	2330	2260	2578	2995
Prr11	151	125	91	95	134	98
Prr12	730	724	605	524	632	584
Prr13	1268	1121	831	800	863	924
Prr14	1666	1589	1236	1251	1435	1395
Prr14l	1969	1957	1570	1369	1584	1555
Prr15	17	22	17	15	14	26
Prr15l	36	46	36	27	38	54
Prr16	154	154	102	104	115	123
Prr18	28	23	14	29	29	29
Prr19	10	7	4	10	6	6
Prr22	61	55	34	37	26	34
Prr23a1	0	0	1	0	0	0
Prr23a2	0	0	0	0	0	0
Prr23a3	0	0	0	0	0	1
Prr27	0	0	0	0	0	0
Prr29	3	4	5	1	6	1
Prr3	1126	1100	832	779	990	933
Prr30	1	1	0	0	3	1
Prr32	0	0	0	0	0	0
Prr36	126	121	85	99	112	94
Prr5	79	104	50	45	46	56
Prr5l	160	152	100	129	138	160
Prr7	86	62	57	56	46	61
Prr9	0	0	0	0	0	0
Prrc1	979	959	699	663	756	808
Prrc2a	5668	5792	4494	3873	4526	4390
Prrc2b	13152	12223	9820	8127	9470	10070
Prrc2c	10305	9952	7829	6451	8470	7667
Prrg1	135	113	56	83	76	110
Prrg2	235	256	156	164	224	215
Prrg3	812	804	581	474	532	558
Prrg4	27	22	25	32	41	37
Prrt1	318	367	255	299	322	305
Prrt2	581	594	438	422	490	503
Prrt3	445	436	319	239	256	320
Prrt4	183	169	120	120	150	170
Prrx1	19	40	23	20	18	8
Prrx2	3	2	3	4	1	4
Prrxl1	17	13	13	7	9	14
Prss1	0	0	0	0	0	0
Prss12	28	46	38	32	75	67
Prss16	1	0	0	0	0	0
Prss2	0	0	0	0	0	0
Prss21	0	0	0	0	0	0
Prss22	5	21	15	6	15	14
Prss23	294	306	222	201	223	237
Prss23os	112	127	87	69	82	82
Prss27	20	39	38	14	33	18
Prss28	0	0	0	0	0	0
Prss29	0	0	0	0	0	0
Prss3	0	0	0	0	0	0
Prss30	0	1	0	0	0	1
Prss32	1	2	2	9	14	16
Prss33	9	9	9	11	15	18
Prss34	4	2	1	0	0	0
Prss35	55	53	33	27	40	39
Prss36	217	204	147	140	152	190
Prss37	25	28	18	8	8	21
Prss38	182	173	111	181	209	183
Prss39	0	0	0	0	0	0
Prss40	0	0	0	0	0	0
Prss41	10	11	8	127	160	160
Prss42	0	0	0	0	0	0
Prss43	0	0	0	0	0	0
Prss44	0	0	0	0	0	0
Prss45	7	5	2	6	2	2
Prss46	1	0	1	0	0	0
Prss47	0	0	0	0	0	0
Prss48	1	0	3	2	5	3
Prss50	3	3	1	2	3	2
Prss51	2	1	0	4	1	4
Prss52	12	0	6	3	1	3
Prss53	158	150	125	134	131	141
Prss54	17	16	11	6	4	14
Prss55	0	0	0	1	1	1
Prss56	149	156	103	61	60	105
Prss57	112	113	76	68	71	95
Prss58	0	0	0	0	0	0
Prss8	146	134	117	81	105	126
Prtg	368	330	242	352	366	394
Prtn3	14	9	5	11	3	5
Prune	883	827	646	651	724	712
Prune2	6562	6333	4598	3602	4408	4552
Prx	15	20	14	14	14	20
Psap	28036	25902	19425	17454	18763	20758
Psapl1	14	9	11	16	13	10
Psat1	1424	1480	973	956	1074	1283
Psca	9	18	59	12	11	14
Psd	7391	7335	5761	5414	5914	6001
Psd2	868	837	607	641	700	772
Psd3	5227	4537	3516	3277	3527	3788
Psd4	101	104	84	97	114	125
Psen1	1869	1756	1351	1173	1312	1504
Psen2	760	695	585	705	691	710
Psenen	717	733	520	486	466	536
Psg-ps1	0	0	0	0	0	0
Psg16	631	553	386	367	460	517
Psg17	0	0	0	0	0	0
Psg18	0	0	0	0	0	0
Psg19	0	0	1	0	0	0
Psg20	0	0	0	0	0	0
Psg21	0	0	0	0	0	0
Psg22	0	0	0	0	1	0
Psg23	0	0	0	0	0	0
Psg25	0	0	0	1	1	0
Psg26	0	0	0	0	0	0
Psg27	0	0	0	0	0	0
Psg28	0	0	0	0	0	0
Psg29	29	34	21	13	16	14
Psip1	16329	15586	10658	10558	11735	13031
Pskh1	706	650	479	481	554	561
Psma1	3314	2910	2320	2027	2314	2567
Psma2	4440	4075	2976	2786	3027	3390
Psma3	6972	6486	4813	3958	4227	4986
Psma4	3571	3510	2448	2465	2884	3068
Psma5	3383	3188	2350	2169	2313	2719
Psma6	3281	3038	2203	2144	2408	2580
Psma7	3393	3028	2324	2098	2410	2627
Psma8	9	2	1	4	6	2
Psmb1	3586	3269	2523	2339	2686	2920
Psmb10	351	295	268	222	256	270
Psmb11	0	3	2	5	1	2
Psmb2	1742	1608	1154	1146	1232	1393
Psmb3	2210	2118	1531	1452	1560	1802
Psmb4	6003	5435	4184	3860	4131	4739
Psmb5	2604	2416	1757	1109	1344	1456
Psmb6	4168	3806	2905	2169	2277	2720
Psmb7	5683	5157	3809	3886	3951	4764
Psmb8	94	105	53	31	31	43
Psmb9	55	47	47	31	40	31
Psmc1	5949	5480	3927	3542	3895	4370
Psmc2	3257	3455	2396	2444	2577	3011
Psmc3	6047	5597	4341	3706	3946	4543
Psmc3ip	510	532	393	354	381	452
Psmc4	3898	3662	2798	2619	2853	3049
Psmc5	3927	3753	2787	2619	2722	3122
Psmc6	5811	5281	3930	3693	4190	4744
Psmd1	6475	6000	4306	4207	4677	5298
Psmd10	709	641	444	402	428	514
Psmd11	1475	1574	1074	1002	1128	1211
Psmd12	2081	2108	1452	1445	1661	1703
Psmd13	2358	2195	1705	1568	1736	1971
Psmd14	3547	3141	2418	2192	2405	2722
Psmd2	8607	8020	6017	5309	5990	6614
Psmd3	1487	1626	1055	964	1165	1195
Psmd4	4879	4551	3534	3331	3476	3849
Psmd5	2343	2395	1764	1661	1764	1937
Psmd6	2940	2724	1969	2000	2232	2573
Psmd7	968	1071	679	626	751	804
Psmd8	4009	3713	2723	2625	2857	3082
Psmd9	1272	1259	1002	833	916	990
Psme1	1178	1090	796	733	790	848
Psme2	1065	1006	803	718	779	843
Psme2b	33	31	21	17	17	26
Psme3	3379	3078	2445	2298	2506	2712
Psme4	4501	4147	3103	2892	3290	3483
Psmf1	1391	1330	1018	927	1039	1179
Psmg1	694	616	520	497	467	614
Psmg2	831	847	622	550	610	750
Psmg3	150	153	120	111	87	134
Psmg4	282	248	165	213	246	311
Psors1c2	1	2	2	0	2	0
Pspc1	2578	2439	1947	1708	2018	2145
Psph	982	855	673	591	635	713
Pspn	91	89	62	61	65	91
Psrc1	40	31	45	55	65	72
Pstk	1033	984	729	713	789	824
Pstpip1	28	24	20	28	29	26
Pstpip2	66	43	33	33	42	57
Ptafr	18	5	9	6	9	8
Ptar1	1386	1210	904	667	762	734
Ptbp1	2506	2492	1825	1694	1913	1985
Ptbp2	6578	6470	4711	4933	5231	5785
Ptbp3	1673	1659	1137	1177	1351	1477
Ptcd1	1622	1580	1120	1057	1109	1249
Ptcd2	870	868	655	607	674	786
Ptcd3	3071	2885	2272	2412	2771	2915
Ptch1	4275	4016	2988	2865	3406	3612
Ptch2	4	5	8	1	7	12
Ptchd1	206	182	130	153	145	146
Ptchd2	460	457	335	412	354	408
Ptchd3	0	0	0	0	0	0
Ptchd4	326	349	238	134	191	161
Ptcra	9	5	9	7	5	9
Ptdss1	2649	2496	1846	1881	2020	2425
Ptdss2	841	944	637	572	690	747
Pten	18857	17206	12907	12079	13460	14525
Pter	3182	2691	2066	2451	2661	2943
Ptf1a	1	2	3	0	2	6
Ptf1aos	1	2	0	0	1	3
Ptgdr	0	0	1	1	0	0
Ptgdr2	58	51	49	55	62	65
Ptgds	2934	3633	2697	714	1290	440
Ptger1	995	987	766	713	785	903
Ptger2	14	11	6	6	8	9
Ptger3	28	27	21	20	11	22
Ptger4	16	15	14	13	13	19
Ptges	108	119	94	100	114	128
Ptges2	1536	1456	1150	994	1072	1176
Ptges3	6576	6420	4498	4106	4567	5193
Ptges3l	125	120	87	65	70	83
Ptgfr	13	15	18	7	9	4
Ptgfrn	591	539	430	398	478	500
Ptgir	44	32	29	20	23	29
Ptgis	420	341	261	276	288	308
Ptgr1	68	59	39	39	45	43
Ptgr2	3717	3346	2474	2187	2521	2856
Ptgs1	51	56	31	23	28	43
Ptgs2	28	28	24	163	167	179
Pth	0	0	1	0	0	0
Pth1r	86	92	55	48	56	49
Pth2	6	8	1	1	3	8
Pth2r	15	20	3	9	6	4
Pthlh	2	2	5	1	3	0
Ptk2	3578	3377	2584	2260	2628	2881
Ptk2b	106	117	73	46	61	74
Ptk6	5	3	2	3	2	6
Ptk7	641	581	462	366	462	463
Ptma	25963	25538	17074	16520	18130	20527
Ptms	6483	6403	4295	5104	5277	5727
Ptn	3262	3477	2060	1832	1894	2066
Ptov1	3088	2901	2318	2215	2411	2405
Ptp4a1	3936	3576	2472	2119	2371	2763
Ptp4a2	10413	9985	7065	5475	6062	6846
Ptp4a3	11971	12064	9100	7383	8348	8972
Ptpa	4272	3903	2943	2661	2885	3371
Ptpdc1	765	732	553	544	720	696
Ptpn1	1201	1293	957	887	928	915
Ptpn11	6978	6607	4817	4387	4783	5356
Ptpn12	661	651	520	490	549	541
Ptpn13	851	717	686	797	900	881
Ptpn14	168	175	151	100	116	104
Ptpn18	128	140	68	79	112	96
Ptpn2	3412	3149	2460	2061	2419	2434
Ptpn20	49	48	28	19	29	27
Ptpn21	3716	3487	2853	2394	2668	2736
Ptpn22	24	21	14	9	19	21
Ptpn23	1126	1094	876	774	891	885
Ptpn3	246	222	189	170	247	200
Ptpn4	11118	9770	7647	6919	7872	8357
Ptpn5	82	91	75	40	50	69
Ptpn6	56	43	49	32	40	33
Ptpn7	2	2	2	1	1	4
Ptpn9	777	875	580	555	617	704
Ptpra	4275	4142	2999	2774	3067	3576
Ptprb	939	918	751	513	607	593
Ptprc	46	48	29	26	24	30
Ptprcap	52	57	47	62	72	52
Ptprd	10219	9693	7394	5799	7056	7065
Ptpre	412	293	269	291	365	307
Ptprf	3525	3211	2488	2529	2773	3017
Ptprg	3256	2968	2352	1717	2025	2102
Ptprh	2	9	6	3	5	7
Ptprj	1639	1569	1134	1039	1202	1288
Ptprk	2410	2219	1717	1449	1640	1787
Ptprm	968	1039	747	667	689	787
Ptprn	2856	2695	2119	2051	2227	2242
Ptprn2	2547	2459	1847	1482	1616	1744
Ptpro	1519	1420	1153	1338	1452	1545
Ptprq	0	2	0	0	1	0
Ptprr	811	773	570	601	589	762
Ptprs	7440	7191	5544	4556	5029	5415
Ptprt	1648	1446	1142	1030	1237	1154
Ptprtos	1	1	1	2	3	0
Ptpru	1142	1216	870	906	1006	1091
Ptprz1	2452	2208	1836	1244	1632	1553
Ptrf	449	469	307	256	287	311
Ptrh1	67	86	70	55	63	48
Ptrh2	1051	1094	757	749	822	840
Ptrhd1	366	381	298	245	327	299
Pts	1404	1361	1000	918	941	1050
Pttg1	973	927	669	35	43	50
Pttg1ip	1839	1835	1362	1387	1488	1456
Ptx3	41	34	26	25	24	46
Ptx4	0	1	0	0	0	0
Puf60	6057	5687	4326	4211	4567	5364
Pum1	4952	4730	3596	3082	3638	3875
Pum2	12284	11744	8631	7898	8776	9717
Pum3	1038	1079	807	619	716	814
Pura	3848	3516	2512	2357	2826	2977
Purb	43349	39514	28107	25747	28497	30526
Purg	616	641	474	375	443	428
Pus1	294	305	195	211	195	245
Pus10	960	917	707	785	903	912
Pus3	1049	1039	807	791	892	946
Pus7	565	566	402	354	428	473
Pus7l	125	147	111	116	127	124
Pusl1	317	326	241	206	258	272
Pvalb	837	755	416	356	374	462
Pvr	663	619	428	242	256	269
Pwp1	1310	1163	930	793	938	1040
Pwp2	1467	1395	1113	1044	1093	1240
Pwwp2a	2315	2239	1682	1483	1692	1872
Pwwp2b	985	900	671	735	767	848
Pxdc1	59	54	43	52	60	56
Pxdn	805	782	688	338	365	371
Pxk	1497	1507	1069	1178	1304	1344
Pxmp2	98	89	81	82	105	102
Pxmp4	403	341	294	333	374	426
Pxn	1153	1087	890	612	681	736
Pxt1	2	0	2	5	2	0
Pxylp1	425	428	302	362	405	427
Pycard	145	158	120	97	142	138
Pycr1	79	55	32	45	62	42
Pycr2	1040	981	783	656	744	868
Pycrl	584	505	468	467	521	513
Pydc3	4	3	1	0	0	0
Pydc4	6	4	4	0	0	0
Pygb	5216	4726	3616	3266	3537	4076
Pygl	540	487	365	257	266	349
Pygm	3789	3344	2711	2375	2483	2595
Pygo1	1023	1091	664	653	739	850
Pygo2	1668	1634	1165	1167	1189	1251
Pyhin1	11	22	10	2	3	5
Pym1	774	729	459	517	528	653
Pyroxd1	1419	1417	1060	956	1138	1197
Pyroxd2	24	22	18	25	50	50
Pyurf	2653	2493	1953	1738	2037	2248
Pyy	0	0	0	0	0	0
Pzp	27	41	32	20	38	18
Qars	2356	2222	1695	1752	1866	2147
Qdpr	1953	1819	1328	1376	1495	1817
Qk	6835	6496	4609	4380	4909	5185
Qpct	2971	2804	1904	3008	3254	3871
Qpctl	453	477	354	332	368	394
Qprt	9	9	7	1	2	1
Qrfp	18	17	13	15	32	20
Qrfpr	272	243	116	179	188	215
Qrich1	6738	6291	4738	4445	4719	5266
Qrich2	26	36	22	9	14	15
Qrsl1	634	628	455	397	494	521
Qser1	2000	2059	1576	1277	1562	1499
Qsox1	1513	1468	1045	847	910	987
Qsox2	1282	1295	940	923	1099	1136
Qtrt1	362	349	272	281	303	331
Qtrtd1	1065	1084	627	682	804	867
R3hcc1	895	879	652	621	704	813
R3hcc1l	5466	5265	3775	3467	3882	4490
R3hdm1	2059	2188	1564	1346	1652	1585
R3hdm2	3843	4301	2973	2693	3124	3194
R3hdm4	1959	1952	1399	1501	1605	1668
R3hdml	34	42	20	14	10	9
RP23-100C12.1	0	0	0	0	0	0
RP23-103E11.7	86	68	53	45	53	78
RP23-103H3.1	25	28	20	18	29	21
RP23-106I21.6	163	144	150	86	128	128
RP23-112D14.4	12	24	15	9	14	10
RP23-112I20.5	5	5	1	3	7	4
RP23-114A6.7	528	534	413	368	387	418
RP23-114B10.6	518	538	396	325	368	406
RP23-114F11.1	8	1	3	3	3	4
RP23-115O21.9	189	192	178	184	192	188
RP23-116A10.2	3	5	2	2	1	0
RP23-116A10.3	67	65	38	47	67	51
RP23-118B13.1	8	8	10	0	0	1
RP23-118B13.3	4	7	3	0	0	0
RP23-11D11.1	44	49	41	29	34	28
RP23-122P1.12	0	0	0	0	1	0
RP23-122P15.1	0	0	0	0	0	0
RP23-127B8.7	223	239	169	176	206	261
RP23-135D17.1	7	14	15	3	6	3
RP23-144H18.4	0	0	0	0	0	0
RP23-144H18.5-001	0	0	0	0	0	0
RP23-145I16.3	7212	6815	5270	4297	4845	5185
RP23-146A22.1	0	1	0	0	0	0
RP23-146A22.3	0	0	0	0	0	0
RP23-146A22.7	0	0	0	0	0	0
RP23-14P17.5	20	25	14	16	20	24
RP23-15B11.1	0	0	0	0	0	0
RP23-163N19.3	14	14	9	10	13	6
RP23-182F18.1	30	22	29	13	23	18
RP23-187B20.1	28	31	21	16	23	18
RP23-187N1.1	195	217	159	149	158	167
RP23-193M8.3-001	0	0	0	0	0	0
RP23-194O23.2	2	4	2	3	5	3
RP23-202K1.1	48	33	30	80	53	59
RP23-204B12.4	1	0	0	0	0	0
RP23-212H13.6	35	37	37	25	32	24
RP23-212H13.8	109	122	104	86	106	88
RP23-213K14.2	75	77	62	45	58	52
RP23-218K15.5	561	556	393	442	444	559
RP23-218K15.7	728	704	600	577	652	636
RP23-220E13.1	14	21	13	6	9	12
RP23-220F20.2	3363	3241	2495	2471	2785	2960
RP23-226D9.6-001	0	0	0	0	0	0
RP23-234F23.1	1	0	1	0	2	0
RP23-235I2.1	97	110	92	54	46	58
RP23-235I2.2	19	14	17	3	2	2
RP23-235I2.4	9	13	7	4	4	8
RP23-238C13.1	11	13	12	8	5	5
RP23-238C13.2	100	107	72	60	116	92
RP23-238C13.3	11	11	10	7	10	5
RP23-239H14.1	63	55	43	47	49	46
RP23-247P3.2	18	17	10	12	14	15
RP23-247P3.3	25	23	20	10	13	17
RP23-247P3.6-001	0	0	0	0	0	0
RP23-248P8.1	14	22	12	15	15	10
RP23-248P8.2	1	0	2	0	0	0
RP23-24C14.1	44	42	31	22	37	28
RP23-252I24.3	21	33	24	37	42	41
RP23-261B5.1	74	97	82	44	72	55
RP23-264J18.1	93	84	69	52	86	72
RP23-264J18.6	1750	1611	1221	1128	1227	1350
RP23-271O7.5-001	0	0	0	0	0	0
RP23-279O5.4-001	0	0	0	0	0	0
RP23-281F13.1	0	1	0	0	1	1
RP23-288O12.2	3431	3354	2317	2047	2288	2817
RP23-28A7.6	24	27	25	15	26	24
RP23-28A7.7	155	186	127	131	118	108
RP23-28E6.13-001	0	0	0	0	0	0
RP23-290O4.2	12	21	17	13	19	15
RP23-292C5.8	242	248	268	234	256	206
RP23-296G24.1	255	309	245	229	234	250
RP23-296G24.3	20	18	19	19	18	23
RP23-298O13.2	7	14	8	2	11	4
RP23-300I4.1	74	92	66	55	70	68
RP23-300I4.2	36	60	44	25	44	39
RP23-300I4.3	47	51	50	27	54	24
RP23-303A11.3	1	0	0	1	0	0
RP23-305G5.3	248	212	164	195	204	225
RP23-306P12.3	0	0	1	0	0	2
RP23-312E2.1	281	282	240	164	194	189
RP23-313J14.7	299	311	249	223	228	211
RP23-314A15.3-001	0	0	0	0	0	0
RP23-314A15.4-001	0	0	0	0	0	0
RP23-314A15.5	63	77	58	21	41	24
RP23-316L10.2	361	411	304	188	241	201
RP23-317B21.2-001	280	283	234	169	184	188
RP23-321G17.10	50	62	38	51	50	52
RP23-321G17.8	26	23	38	34	42	19
RP23-322E23.3	36	32	27	25	33	19
RP23-322E23.4	10	17	16	6	18	10
RP23-322E23.5	23	38	44	25	33	26
RP23-322E23.7	22	34	23	27	20	25
RP23-323L3.1	36	18	25	27	40	30
RP23-324B16.2	0	0	0	0	0	0
RP23-324B16.3-001	0	0	0	0	0	0
RP23-327E18.14-001	0	0	0	0	0	0
RP23-328F3.4	667	606	469	451	471	532
RP23-330G24.3	281	298	181	184	252	239
RP23-330O16.2	121	139	107	100	92	109
RP23-330O16.3	13	16	19	11	13	8
RP23-336M16.2	20	20	28	15	33	21
RP23-336P20.1-001	0	1	0	0	1	0
RP23-344G11.4	853	871	665	587	671	701
RP23-345D18.4	442	409	356	159	186	170
RP23-346N11.5	1	0	0	0	0	0
RP23-346N11.6-001	1	0	0	0	0	0
RP23-348B21.1	2	5	3	0	0	0
RP23-348E18.5	0	0	0	0	0	0
RP23-349N15.2	12	7	5	9	4	3
RP23-354L15.1	177	143	118	93	106	142
RP23-355N5.6	33	21	12	21	15	21
RP23-357B4.1-001	0	0	1	0	0	0
RP23-357B4.2	3	3	7	1	1	3
RP23-357O17.1	1	1	1	0	1	0
RP23-357O17.2	1	1	0	0	1	0
RP23-359P12.1	0	0	0	0	0	0
RP23-359P19.1	52	42	27	28	28	34
RP23-35L23.3-001	0	0	0	0	0	0
RP23-35L23.7-001	0	0	0	0	0	0
RP23-35L23.8-001	0	0	0	0	0	0
RP23-369P21.2	20	23	18	15	27	16
RP23-372N15.4	106	132	118	86	96	93
RP23-373C4.1	12	25	20	11	17	7
RP23-378E4.1	31	45	26	22	41	34
RP23-378E4.4	45	61	29	18	39	34
RP23-383A10.1	185	180	149	122	146	119
RP23-383A10.2	63	63	49	36	60	48
RP23-383A10.3	72	89	70	42	66	62
RP23-383A10.6	65	68	65	33	58	59
RP23-383A10.7	176	158	141	120	148	118
RP23-383A10.9	396	395	327	178	212	204
RP23-383B20.1	0	0	0	0	0	0
RP23-384C18.12	211	172	137	134	180	167
RP23-385F3.2	25	18	9	10	11	6
RP23-385G14.1	1	2	3	15	19	13
RP23-390K13.5-001	3	1	1	1	3	0
RP23-390K13.6	15	11	13	8	5	5
RP23-390K13.7	15	10	13	7	7	5
RP23-393E8.4	29	23	17	13	11	22
RP23-397L11.3	33	37	31	34	22	16
RP23-397L11.6	27	29	21	26	23	23
RP23-39F24.3	389	455	330	325	346	343
RP23-401L9.4	7	2	2	2	7	6
RP23-401L9.5	0	0	0	0	0	0
RP23-403G9.6	24	23	33	23	29	20
RP23-403G9.8	0	0	0	0	0	0
RP23-403G9.9	0	0	0	0	0	0
RP23-410L16.8	148	132	107	111	142	154
RP23-411I6.1	0	0	1	1	0	0
RP23-413D14.5	125	137	82	92	96	123
RP23-413F14.3	0	0	1	0	0	0
RP23-414I24.11	79	58	45	93	126	118
RP23-416P12.3-001	0	0	0	0	0	0
RP23-418A13.5	0	0	0	0	0	0
RP23-418L5.3	64	66	38	47	63	64
RP23-418L5.4	1	1	2	2	1	0
RP23-422L16.28	3	6	3	0	3	0
RP23-423B21.1	23	16	18	12	10	21
RP23-423B21.6	61	59	42	48	56	53
RP23-423E20.2	1	1	2	1	3	3
RP23-423E20.7	9	3	4	1	5	1
RP23-424A21.4	216	211	135	132	155	149
RP23-424A21.5	131	170	130	94	121	102
RP23-42I13.3	60	56	58	68	57	42
RP23-430K5.3	147	188	134	110	117	146
RP23-431O7.10	26	29	26	13	26	19
RP23-431O7.3	0	0	0	1	0	0
RP23-431O7.6	149	167	104	102	120	144
RP23-431O7.8	66	76	68	46	65	56
RP23-431O7.9	6	6	5	4	4	3
RP23-432C4.2	17	16	21	28	23	38
RP23-433M13.5-001	0	0	0	0	0	0
RP23-434H18.1	970	875	689	627	716	760
RP23-440M14.3	2	0	0	3	2	1
RP23-442K7.4-001	0	0	0	0	0	0
RP23-443B19.1	2	5	2	3	6	6
RP23-44P12.2	0	0	0	0	0	0
RP23-451H9.2	48	42	54	21	30	25
RP23-453G12.2	131	174	99	105	132	124
RP23-453P1.1	27	35	20	19	27	14
RP23-453P1.3	0	2	0	0	0	0
RP23-462D5.5	64	62	52	47	49	57
RP23-466C10.2	61	55	39	40	57	57
RP23-466I14.2	0	0	0	0	0	0
RP23-469O12.7-001	1	0	1	0	0	0
RP23-478N15.1	105	92	81	85	99	91
RP23-478N15.3	27	15	28	10	21	14
RP23-478P10.3-001	95	137	90	220	188	306
RP23-479K9.3	6	7	5	8	9	8
RP23-47G19.2	56	55	38	51	48	61
RP23-47G19.5	16	13	13	6	17	12
RP23-47L13.5	206	205	183	80	123	87
RP23-480D17.3	138	99	86	89	115	113
RP23-50L10.1	378	464	333	226	281	249
RP23-50L10.4	181	128	119	185	242	229
RP23-56A14.10	9	2	6	9	6	2
RP23-56A14.11-001	5	10	7	4	1	3
RP23-56A14.12	100	76	68	58	63	69
RP23-56A14.14	81	58	72	54	64	42
RP23-56A14.7	3	1	0	0	0	2
RP23-56A14.8	6	3	4	14	7	6
RP23-56A14.9	2	4	6	11	3	4
RP23-57D10.3	5	4	10	8	5	3
RP23-58C12.2	40	40	35	15	14	11
RP23-60O19.1	0	0	1	0	0	0
RP23-60O3.1	39	41	25	51	54	63
RP23-60P23.4	134	151	128	71	96	74
RP23-60P23.6	340	367	323	266	323	312
RP23-60P23.7	112	87	86	84	98	81
RP23-61O10.1	390	314	303	211	252	272
RP23-62N8.4-001	0	0	0	0	0	0
RP23-62O7.9	722	675	528	462	571	587
RP23-63I1.6-001	0	0	0	0	0	0
RP23-63I1.7-001	0	0	0	0	0	0
RP23-64O4.1	5	6	3	3	5	5
RP23-64O4.2	1	1	3	0	2	1
RP23-64O4.4	3	0	3	26	24	31
RP23-65B16.5	0	3	2	5	0	1
RP23-68E7.5-001	0	0	0	0	0	0
RP23-69L20.2-001	0	0	0	0	0	0
RP23-72K19.2	847	824	636	530	585	629
RP23-74O12.5	1	1	2	1	1	4
RP23-75I5.1	56	62	41	35	28	43
RP23-78H21.2	1	0	2	0	0	3
RP23-81K14.6	0	0	0	0	0	0
RP23-89F9.7	11	6	5	13	15	8
RP23-8D10.1-001	0	0	0	0	0	0
RP23-8D10.2	0	0	0	0	0	0
RP23-91H23.4	0	1	0	0	1	2
RP23-93F3.4	0	1	0	0	0	2
RP23-98C9.5	173	190	141	114	126	143
RP23-99B10.4	0	1	0	1	0	0
RP23-9C19.1-001	98	82	50	65	69	76
RP24-100K9.2	61	108	87	39	54	60
RP24-100K9.4	33	32	32	22	29	27
RP24-100K9.5	4	2	1	3	6	0
RP24-101G17.1-001	0	0	0	0	0	0
RP24-104I4.3	31	29	22	16	12	15
RP24-112O1.3	14	10	11	5	7	9
RP24-116C19.5	250	227	183	172	227	217
RP24-116G1.1	52	98	62	34	65	47
RP24-116G1.2	29	32	37	11	21	26
RP24-120F8.1	103	106	86	70	97	73
RP24-126J17.5	36	33	30	46	40	49
RP24-133K20.5	0	0	0	0	0	0
RP24-134G9.4	16	18	9	7	15	9
RP24-137O21.1	9	9	8	7	11	10
RP24-140P18.1	3	8	1	1	0	1
RP24-156K15.1	0	0	0	0	0	0
RP24-156K15.4	52	55	44	31	49	34
RP24-156K15.5	6	13	10	12	18	10
RP24-156K15.6	1	2	2	7	1	2
RP24-160I20.1	3	6	5	5	5	8
RP24-160I20.2	0	0	0	0	0	0
RP24-163J22.10-001	0	0	0	0	0	0
RP24-163K4.3	0	0	0	0	0	0
RP24-163M14.1	24	28	25	15	36	24
RP24-163M14.3	6	3	3	2	3	2
RP24-168F5.2-001	0	0	0	0	0	0
RP24-178J22.1	627	531	395	359	446	423
RP24-178J22.3	56	71	38	51	50	64
RP24-196H4.2	0	0	0	0	0	0
RP24-198O18.1	20	18	10	15	19	14
RP24-199K4.3	2	0	0	0	0	0
RP24-201K16.2-001	8	8	11	4	9	5
RP24-211L21.1-001	3	3	2	4	4	4
RP24-217M18.3-001	0	1	0	0	0	0
RP24-217M18.8	12	6	6	1	4	5
RP24-219A21.3	12	16	17	17	23	18
RP24-222P6.4	0	1	1	0	0	1
RP24-225A21.2	21	19	20	13	21	9
RP24-225A21.3	741	686	576	400	470	488
RP24-225H21.2	59	63	51	39	52	46
RP24-229D22.1	0	0	1	1	0	1
RP24-230C18.3	365	338	294	196	221	233
RP24-235B15.4	2734	2382	1880	1940	2066	2457
RP24-235B15.7	37	37	22	20	15	18
RP24-235N21.5-001	0	0	0	0	0	0
RP24-238M4.4	28	42	17	32	34	33
RP24-240K8.3	38	43	36	24	43	32
RP24-240K8.7	41	46	31	24	31	44
RP24-243J4.5	75	69	41	31	36	33
RP24-246F6.2	235	219	167	142	179	212
RP24-247M18.4	1	1	3	1	1	2
RP24-247M18.5	12	6	11	9	10	15
RP24-252B21.3	31	30	16	25	23	29
RP24-257F22.3	48	35	34	41	41	53
RP24-258B3.1	21	33	23	13	22	22
RP24-258B3.3	39	36	26	29	31	37
RP24-263E2.2	36	51	27	21	26	24
RP24-267I21.3	12	6	7	23	13	17
RP24-269A16.7	1	4	2	0	2	0
RP24-273H15.3	20	25	18	13	16	28
RP24-273H15.5	9	21	16	6	12	6
RP24-273H15.6	38	33	24	11	16	17
RP24-274N3.1	6	5	3	3	2	9
RP24-276H6.2-001	0	0	0	0	0	0
RP24-278L20.2	0	0	0	0	0	0
RP24-281G1.2	0	1	0	0	0	0
RP24-285L8.3	3770	3304	2262	2123	2499	3218
RP24-300H3.2	0	0	0	0	0	0
RP24-302M13.5	391	346	266	225	331	302
RP24-306C18.11-001	0	0	0	1	0	0
RP24-306C18.12-001	1	2	0	0	1	1
RP24-306C18.9	11	9	11	10	14	18
RP24-314B3.2	4	1	1	2	1	0
RP24-315L4.1	66	77	57	45	49	58
RP24-316B1.1	187	170	108	85	71	72
RP24-316F13.6-001	1	0	1	0	0	0
RP24-332C4.1	87	129	93	59	110	70
RP24-333B11.4	162	124	115	100	127	94
RP24-333B11.5	47	32	31	22	40	28
RP24-335D17.3	39	42	37	27	27	43
RP24-337F7.2	7	10	9	4	7	4
RP24-337F7.3	11	24	17	8	12	12
RP24-337F7.4	7	4	6	5	6	7
RP24-343G19.3	864	829	589	580	695	774
RP24-344F2.1	186	261	152	171	201	202
RP24-345M22.1	0	0	0	0	1	0
RP24-346O11.2	0	0	0	0	0	0
RP24-347O5.11-001	15	9	4	4	4	8
RP24-347O5.8-001	0	0	0	0	0	0
RP24-350C10.1	2	4	4	4	7	1
RP24-351P7.8	0	0	0	0	0	0
RP24-354I16.2	5	5	1	0	0	0
RP24-367H14.3	28	19	18	0	0	0
RP24-369J8.1	30	23	17	1	3	3
RP24-370L8.11	0	0	0	0	0	0
RP24-370L8.12-001	0	0	0	0	0	0
RP24-370L8.5-001	0	0	0	0	0	0
RP24-370L8.7-001	0	0	0	0	0	0
RP24-371E20.3	0	0	0	0	0	0
RP24-371M20.1	1	0	1	1	4	5
RP24-378B22.2	0	0	0	0	0	0
RP24-380D10.1	0	0	0	0	0	0
RP24-388A6.3	0	0	0	1	0	0
RP24-392H7.4	17	19	17	17	23	11
RP24-407N9.2	3	5	7	1	4	2
RP24-418N13.1	26	25	24	8	26	7
RP24-418N13.2	58	70	34	21	36	46
RP24-418N13.4	30	25	22	19	28	21
RP24-420C18.1	2	0	3	2	0	4
RP24-420C18.2	0	1	2	1	0	2
RP24-424D1.1	44	47	32	47	63	41
RP24-424D1.4	5	12	8	5	14	11
RP24-424D1.5	60	57	46	36	56	50
RP24-426B21.1	0	4	1	1	0	0
RP24-439K22.1	4	11	8	1	5	5
RP24-447D19.1	0	0	0	0	0	0
RP24-459A4.6	0	0	0	0	0	0
RP24-462O14.2	0	0	0	0	0	0
RP24-464B16.1	3058	2735	2094	1903	2455	2310
RP24-470M22.10	295	268	194	67	87	91
RP24-497H18.3	10	4	3	2	5	5
RP24-502E20.4	152	150	131	131	193	150
RP24-502E20.5	317	253	212	146	181	163
RP24-502E20.6	2	1	1	0	2	0
RP24-531I15.1	0	0	0	0	0	0
RP24-532A16.2	0	1	0	1	6	1
RP24-539K4.1-001	0	0	0	0	0	0
RP24-553O21.3	210	190	139	108	126	129
RP24-553O21.4	0	1	0	0	0	0
RP24-560O24.2-001	0	0	0	0	0	0
RP24-69E5.2	127	136	112	65	95	101
RP24-77E13.10	206	235	155	145	216	183
RP24-77E13.11	0	1	0	1	2	1
RP24-77E13.4	6	5	2	5	15	10
RP24-77I7.2	74	73	71	60	69	59
RP24-81G20.2-001	0	0	0	0	0	0
RP24-83E15.3	65	86	61	67	76	76
RP24-92F8.4	1	1	2	1	0	2
RP24-93F18.2	652	540	438	460	457	510
RP24-94F12.4	14	10	5	7	9	12
RP24-94F12.6	37	34	42	36	43	24
RP24-95N3.1	348	363	279	203	225	237
RP24-95N3.2	118	113	94	53	75	82
RP24-95N3.3	42	42	26	31	40	35
RP24-95N3.4	197	172	160	71	127	124
RP24-96C7.1-001	0	0	0	0	0	0
RP24-96C7.7	0	0	0	0	0	0
RP24-96N12.4	0	0	0	0	0	0
RP24-97K3.3	250	276	189	184	277	263
Rab10	5106	5076	3724	3487	3680	4095
Rab10os	2657	2661	2221	1989	2246	2217
Rab11a	4488	4181	3080	2756	2999	3552
Rab11b	4082	4121	2853	2886	3057	3437
Rab11fip1	461	435	338	292	299	333
Rab11fip2	2875	2774	2027	1910	2285	2438
Rab11fip3	2516	2185	1765	1537	1792	1877
Rab11fip4	6586	5631	4518	3920	4181	4704
Rab11fip4os1	5	7	10	1	8	3
Rab11fip4os2	4	8	3	1	0	2
Rab11fip5	1790	1808	1242	1210	1282	1501
Rab12	1955	1850	1309	1282	1404	1540
Rab13	193	204	147	156	180	165
Rab14	6537	6308	4519	3911	4568	5000
Rab15	680	695	484	432	509	517
Rab17	6	3	11	1	1	2
Rab18	1445	1450	983	915	1038	1106
Rab19	14	16	30	9	6	11
Rab1a	3809	4336	2717	2379	2741	2894
Rab1b	3529	3399	2524	2540	2614	3118
Rab20	42	44	29	40	38	34
Rab21	2300	2109	1499	1342	1522	1639
Rab22a	1596	1524	1158	1167	1290	1422
Rab23	534	571	445	433	459	475
Rab24	1837	1803	1379	1420	1490	1645
Rab25	2	9	6	2	5	6
Rab26	370	300	264	268	279	367
Rab26os	194	187	146	172	193	176
Rab27a	398	445	306	334	414	403
Rab27b	1351	1333	951	812	850	991
Rab28	6720	6546	5106	5202	5589	6215
Rab29	88	88	70	49	73	94
Rab2a	6594	6272	4257	4882	5397	6117
Rab2b	1250	1257	840	921	963	1110
Rab30	4594	3936	3080	2723	3250	3289
Rab31	386	394	239	272	266	325
Rab32	41	55	24	24	25	35
Rab33a	202	201	149	134	142	188
Rab33b	1059	996	679	689	802	753
Rab34	570	590	373	497	552	579
Rab35	1766	1627	1304	1200	1204	1379
Rab36	159	157	125	137	147	136
Rab37	226	203	140	141	206	190
Rab38	156	138	82	53	55	64
Rab39	167	147	123	111	151	136
Rab39b	2213	2112	1522	1585	1700	1882
Rab3a	6850	6431	4797	4895	5021	5636
Rab3b	136	106	83	111	139	115
Rab3c	4835	4618	3446	3291	3715	3854
Rab3d	271	250	188	161	168	203
Rab3gap1	5404	5001	3845	3784	4052	4651
Rab3gap2	4533	4118	3218	2758	3083	3410
Rab3il1	189	188	150	157	156	178
Rab3ip	2940	2611	2069	1917	2002	2260
Rab40b	165	147	130	110	122	151
Rab40c	540	559	393	382	391	450
Rab42	23	25	20	24	25	22
Rab43	1579	1658	1303	1190	1353	1383
Rab44	2	1	0	0	0	1
Rab4a	984	902	671	758	819	880
Rab4b	716	674	476	468	512	580
Rab5a	2797	2842	1910	1919	2041	2309
Rab5b	5034	4879	3497	3458	3752	4019
Rab5c	4106	3961	2821	2614	2829	3117
Rab6a	10204	9346	6565	6147	6458	7345
Rab6b	8583	8590	5480	3141	3303	3720
Rab7	4905	4926	3379	2962	3245	3621
Rab7b	91	77	67	39	52	48
Rab8a	2740	2615	1951	1513	1585	1802
Rab8b	1050	1024	694	688	818	876
Rab9	1156	1152	790	848	913	918
Rab9b	671	679	459	348	427	436
Rabac1	3746	3443	2592	2702	2737	3187
Rabep1	9062	8098	6114	7181	8157	8994
Rabep2	560	508	387	426	494	509
Rabepk	892	848	656	593	651	725
Rabgap1	6128	5416	4145	4032	4319	4907
Rabgap1l	5200	5185	3766	2881	3235	3552
Rabgef1	17897	17003	13012	12420	13860	14810
Rabggta	1174	1071	886	830	935	988
Rabggtb	2408	2457	1837	1780	1939	2107
Rabif	1525	1548	1128	873	878	1042
Rabl2	641	730	525	440	502	600
Rabl3	1016	1043	760	712	768	854
Rabl6	2446	2347	1761	1808	1987	2181
Rac1	4185	3957	2839	2456	2791	2996
Rac2	6	4	6	8	3	10
Rac3	215	211	155	172	186	182
Racgap1	436	413	302	422	456	567
Rack1	9106	8261	6507	6587	7192	8288
Rad1	589	637	451	434	478	535
Rad17	1194	1319	1024	1003	1090	1220
Rad18	295	312	213	108	169	171
Rad21	6927	6377	4640	4776	5201	5658
Rad21l	6	6	1	8	5	12
Rad23a	3197	3138	2337	2338	2460	2829
Rad23b	7442	6670	4813	3832	4344	4933
Rad50	1024	1010	769	662	769	811
Rad51	1166	1147	895	922	964	1130
Rad51ap1	102	78	66	51	45	53
Rad51ap2	29	28	24	27	46	49
Rad51b	67	62	47	29	35	44
Rad51c	615	571	454	441	456	521
Rad51d	718	750	582	574	648	688
Rad52	456	442	340	371	351	361
Rad54b	1661	1489	1139	937	1156	1181
Rad54l	157	185	143	128	128	144
Rad54l2	2154	2125	1652	1502	1755	1788
Rad9a	1876	1670	1339	1298	1350	1427
Rad9b	1243	1154	899	807	962	965
Radil	637	633	479	405	411	463
Rae1	1276	1316	946	962	1030	1163
Raet1d	0	1	1	1	0	0
Raet1e	4	2	5	1	2	0
Raf1	3792	3723	2865	2549	2903	2923
Rag1	31	25	25	22	27	38
Rag2	3	5	6	5	6	5
Rai1	1561	1488	1088	996	1167	1232
Rai14	485	461	329	334	354	373
Rai2	233	245	147	127	141	152
Rala	1275	1346	881	1006	1101	1184
Ralb	745	708	507	397	430	493
Ralbp1	3541	3457	2491	2446	2699	2937
Ralgapa1	6935	6765	5092	4371	5241	5325
Ralgapa2	3084	2894	2343	1982	2249	2402
Ralgapb	4128	3918	2981	2522	2973	3062
Ralgds	871	914	660	709	774	866
Ralgps1	2167	2101	1643	1501	1718	1732
Ralgps2	6006	5633	4357	4492	5244	5565
Raly	3355	3671	2556	2265	2404	2610
Ralyl	1831	1766	1142	1379	1418	1721
Ramp1	88	93	55	37	44	42
Ramp2	81	100	81	52	41	68
Ramp3	650	643	530	521	499	578
Ran	7459	7153	5174	5120	5485	6262
Ranbp1	2133	2057	1472	1439	1561	1734
Ranbp10	1087	1095	833	805	903	985
Ranbp17	447	447	314	283	389	353
Ranbp2	18379	16033	13045	11144	12983	13245
Ranbp2-ps1-001	0	2	1	1	5	5
Ranbp2-ps2-001	0	0	0	0	0	0
Ranbp2-ps3-001	0	0	0	0	0	0
Ranbp2-ps4-001	0	0	0	0	0	0
Ranbp2-ps6-001	0	0	0	0	0	0
Ranbp2-ps7-001	0	0	0	0	1	0
Ranbp2-ps8-001	0	1	0	0	0	0
Ranbp3	3202	2982	2362	2167	2369	2672
Ranbp3l	20	42	25	27	16	27
Ranbp6	6602	5875	4534	4080	4536	5151
Ranbp9	3231	3062	2362	2287	2574	2996
Rangap1	5658	5311	4017	3681	3951	4325
Rangrf	870	829	642	791	805	967
Rap1a	2094	2044	1515	1402	1564	1712
Rap1b	1810	1772	1265	1115	1181	1284
Rap1gap	3369	3008	2314	2229	2325	2610
Rap1gap2	3553	3453	2522	2470	2631	2988
Rap1gapos	3	3	4	0	5	4
Rap1gds1	7510	7003	5326	4197	4525	5226
Rap2a	1235	1228	854	775	882	964
Rap2b	194	216	146	138	136	178
Rap2c	1017	975	717	654	735	773
Rapgef1	2727	2917	2195	1801	2083	2212
Rapgef2	4304	3994	3153	2691	2932	3096
Rapgef3	259	222	179	64	93	71
Rapgef3os1	29	28	30	7	12	13
Rapgef3os2	42	31	23	7	13	14
Rapgef4	1397	1225	934	825	1009	976
Rapgef4os1	4	9	7	3	3	3
Rapgef4os2	143	122	116	87	113	109
Rapgef4os3	8	5	5	3	5	7
Rapgef5	5118	4728	3802	3292	3732	3950
Rapgef6	1814	1681	1311	1144	1404	1445
Rapgefl1	405	364	309	349	355	439
Raph1	1334	1412	1046	782	1023	963
Rapsn	29	41	31	13	17	19
Rara	847	790	574	564	668	681
Rarb	565	623	459	253	316	288
Rarg	223	233	203	194	204	217
Rarres1	16	6	10	8	5	3
Rarres2	572	576	428	270	271	325
Rars	2004	2196	1502	1341	1488	1692
Rars2	1542	1382	1044	1167	1244	1322
Rasa1	3956	3785	2708	2795	3330	3432
Rasa2	3227	2951	2017	2280	2497	2775
Rasa3	1972	1802	1365	1319	1459	1618
Rasa4	961	992	596	722	741	829
Rasal1	31	33	21	13	22	22
Rasal2	4452	4089	3425	2207	2458	2567
Rasal3	18	12	5	4	5	8
Rasd1	105	99	58	52	62	58
Rasd2	718	593	449	357	402	430
Rasef	118	146	99	104	113	111
Rasgef1a	1150	1093	845	512	665	608
Rasgef1c	38	23	17	31	26	47
Rasgrf1	2879	2767	1972	1662	1862	2002
Rasgrf2	9036	9005	7447	6321	7440	7701
Rasgrp1	805	741	539	744	758	803
Rasgrp2	416	398	285	215	240	246
Rasgrp3	149	169	115	131	129	92
Rasgrp4	483	442	306	352	408	426
Rasip1	543	511	420	235	251	271
Rasl10a	46	47	30	25	35	37
Rasl10b	2633	2428	1818	1884	1906	2166
Rasl11a	237	211	168	114	114	116
Rasl11b	101	94	77	108	121	114
Rasl12	42	28	24	9	20	18
Rasl2-9	7	12	10	15	23	13
Rassf1	677	602	515	455	499	506
Rassf10	96	106	74	84	80	95
Rassf2	118	148	108	57	74	67
Rassf3	286	223	154	107	119	139
Rassf4	649	668	402	437	487	500
Rassf5	505	488	356	362	423	444
Rassf6	6	17	13	9	12	11
Rassf7	408	353	277	295	283	376
Rassf8	4325	4016	3224	2674	3030	3267
Rassf9	48	33	21	12	20	29
Raver1	902	918	697	646	750	783
Raver2	873	843	656	565	730	748
Rax	3077	2817	2218	1891	2152	2296
Rb1	3121	2925	2170	2084	2345	2620
Rb1cc1	7385	6673	4992	4622	5075	5527
Rbak	516	464	327	344	361	436
Rbbp4	9785	9268	6634	6554	7271	8205
Rbbp5	2984	2890	2212	2117	2405	2682
Rbbp6	5562	5421	3936	3642	4538	4567
Rbbp7	3989	3780	2738	2630	2913	3137
Rbbp8	312	297	229	220	251	307
Rbbp8nl	0	0	0	1	0	0
Rbbp9	1502	1373	1076	1002	1042	1201
Rbck1	1777	1718	1326	1297	1414	1552
Rbfa	263	261	157	159	196	195
Rbfox1	2884	2692	1786	1615	1631	1827
Rbfox2	4665	4414	3213	2991	3266	3403
Rbfox3	665	651	463	402	433	504
Rbks	171	175	146	98	118	131
Rbl1	327	331	217	259	312	284
Rbl2	4452	4182	3156	2485	2834	3018
Rbm10	2772	2586	2084	1943	2078	2356
Rbm11	200	165	123	144	155	202
Rbm12	5045	4493	3648	3067	3512	3821
Rbm12b1	2758	2797	2277	1833	2103	2134
Rbm12b2	3598	3750	2849	2443	2726	2854
Rbm14	1432	1499	1121	956	1110	1154
Rbm15	2620	2483	2050	1871	1960	1997
Rbm15b	3007	2913	2214	2081	2178	2471
Rbm17	1911	1882	1323	1355	1414	1640
Rbm18	2444	2383	1662	1609	1718	1948
Rbm19	815	768	618	568	607	670
Rbm20	1506	1617	1136	824	977	901
Rbm22	1465	1476	1104	1040	1081	1152
Rbm24	195	218	153	149	167	164
Rbm25	7606	7646	5660	5368	6467	6262
Rbm26	4068	3803	2874	2710	3310	3360
Rbm27	4916	4377	3346	2905	3374	3565
Rbm28	1840	1614	1284	1527	1665	1719
Rbm3	6695	5407	3883	3220	3697	3924
Rbm31y	0	0	0	0	0	0
Rbm33	4972	5010	3819	3680	4272	4078
Rbm34	988	1013	652	578	634	644
Rbm38	30	29	35	14	30	25
Rbm39	20402	18778	14351	13261	15229	16169
Rbm3os	147	129	78	70	86	70
Rbm4	3969	3507	2789	2384	2663	2958
Rbm41	1624	1512	1106	1202	1248	1487
Rbm42	2105	2036	1610	1349	1317	1585
Rbm43	347	333	252	211	220	299
Rbm44	2	5	4	0	0	0
Rbm45	1709	1613	1204	716	832	875
Rbm46	32	65	32	46	45	55
Rbm46os	3	0	2	1	0	4
Rbm47	25	29	29	6	20	19
Rbm48	989	1037	724	745	843	806
Rbm4b	2603	2295	1898	1612	1807	2016
Rbm5	6382	5963	4900	4735	5285	5454
Rbm6	6472	6151	4795	4886	5334	5835
Rbm7	5205	4962	3599	3433	3611	4214
Rbm8a	2909	2997	1995	2094	2234	2570
Rbm8a2	18	27	16	18	23	9
Rbms1	451	460	309	253	343	354
Rbms2	283	285	170	196	219	228
Rbms3	789	822	538	414	501	457
Rbmx	4725	4385	3194	3091	3585	3744
Rbmx2	448	451	316	309	367	382
Rbmxl1	2668	2291	1711	1691	1867	2159
Rbmxl2	0	0	0	0	0	0
Rbmy	0	1	0	0	0	0
Rbp1	574	697	567	284	479	282
Rbp2	10	14	22	3	5	2
Rbp3	139145	125404	102500	88057	98043	104491
Rbp4	11	18	18	15	19	19
Rbp7	2	4	2	2	3	11
Rbpj	2064	1900	1449	1088	1152	1335
Rbpjl	0	1	0	0	1	2
Rbpms	869	901	569	577	677	647
Rbpms2	588	539	372	343	394	407
Rbsn	3817	3437	2736	2702	2960	3184
Rbx1	5504	5573	3815	4029	4185	4835
Rc3h1	4018	3840	2708	2555	3070	3110
Rc3h2	6653	6416	5023	4843	5666	5537
Rcan1	1643	1401	1168	1083	1151	1305
Rcan2	3285	3202	2224	1654	1826	2036
Rcan3	5174	4723	3575	3368	3606	4120
Rcbtb1	2025	1956	1534	1372	1529	1618
Rcbtb2	1018	903	637	477	571	691
Rcc1	680	653	482	503	544	598
Rcc2	1563	1597	1212	1092	1133	1244
Rccd1	685	641	503	656	803	843
Rce1	1420	1379	1005	1014	986	1109
Rchy1	1136	1083	854	774	879	1034
Rcl1	645	567	398	379	424	549
Rcn1	2265	2088	1537	1094	1237	1361
Rcn2	3721	3369	2378	2162	2368	2601
Rcn3	154	151	90	80	76	75
Rcor1	1768	1700	1287	1162	1370	1413
Rcor2	298	232	181	248	229	286
Rcor3	1616	1606	1097	1080	1208	1291
Rcsd1	72	52	43	18	17	26
Rcvrn	36212	33677	26544	25609	28671	31910
Rd3	8429	8216	6528	6135	6430	7295
Rd3l	3539	3390	2536	1898	2143	2346
Rdh1	47	59	31	132	154	155
Rdh10	1798	1974	1403	1171	1386	1308
Rdh11	3841	3417	2785	2635	2890	3189
Rdh12	11807	11869	9027	9651	10239	12096
Rdh13	1457	1443	1031	1092	1197	1324
Rdh14	1007	1060	718	804	882	996
Rdh16	3	7	5	8	9	11
Rdh18-ps	4	4	1	2	1	3
Rdh19	1	1	1	3	3	4
Rdh5	1059	1120	952	707	916	796
Rdh7	3	0	0	1	0	0
Rdh8	2938	2781	2262	2327	2441	2615
Rdh9	41	41	23	102	98	80
Rdm1	541	496	380	139	162	178
Rdx	5126	5040	3423	3251	3770	4258
Rec114	531	513	357	361	353	445
Rec8	305	331	228	49	48	65
Reck	578	645	480	530	585	598
Recql	2447	2509	1784	1594	1881	1954
Recql4	94	114	71	87	97	99
Recql5	1399	1395	1087	906	1016	1170
Recql5os1	9	13	8	3	15	8
Reep1	2492	2313	1649	1433	1635	1817
Reep2	2013	1795	1351	1209	1126	1291
Reep3	1183	1064	697	741	755	847
Reep4	101	127	83	93	89	94
Reep5	6008	5602	3932	3565	3754	4276
Reep6	9082	9959	7247	6366	7144	7196
Reg1	0	0	0	0	0	0
Reg2	0	1	0	0	0	1
Reg3a	0	0	0	0	0	0
Reg3b	0	0	0	0	0	0
Reg3d	0	0	0	0	0	0
Reg3g	0	0	0	1	0	0
Reg4	0	0	0	0	0	0
Rel	253	271	187	162	180	204
Rela	685	713	587	494	548	496
Relb	79	75	63	48	44	71
Rell1	277	301	172	157	156	179
Rell2	1165	1108	750	784	780	883
Reln	9225	8268	7089	4096	5280	4962
Relt	302	270	198	219	256	319
Rem1	6	2	2	1	2	2
Rem2	36	56	37	28	27	23
Ren1	0	1	0	0	0	0
Renbp	162	185	128	148	144	146
Rep15	40	37	36	15	33	27
Repin1	2110	2127	1518	1567	1728	1819
Reps1	1947	1885	1421	1205	1291	1438
Reps2	3679	3354	2288	2065	2211	2435
Rer1	3447	3300	2428	1989	2186	2394
Rere	3246	3330	2472	1825	2250	2203
Rerg	23	14	9	16	21	22
Rergl	0	0	0	2	0	1
Resp18	535	549	373	308	377	406
Rest	1437	1418	973	944	1123	1183
Ret	1588	1464	1114	1145	1296	1364
Retn	89	75	52	54	70	55
Retnla	0	0	0	0	0	0
Retnlb	0	1	0	1	0	0
Retnlg	0	1	1	1	2	2
Retsat	618	584	473	356	423	458
Rev1	3252	3220	2272	2610	2755	3265
Rev3l	6795	6382	4724	3966	4970	5073
Rex2	11	6	5	49	62	71
Rexo1	1112	1048	825	765	882	967
Rexo2	964	933	669	765	809	989
Rexo4	1459	1483	1151	988	1182	1201
Rfc1	1383	1375	1010	886	1029	1143
Rfc2	1358	1283	1004	938	1024	1213
Rfc3	440	433	318	313	348	398
Rfc4	476	485	383	319	379	406
Rfc5	1516	1481	1062	1086	1149	1294
Rfesd	727	704	498	617	688	781
Rffl	1651	1587	1191	1283	1493	1433
Rfk	1543	1477	1024	1221	1337	1575
Rfng	1259	1261	920	888	961	1051
Rfpl4	3	7	4	3	6	4
Rfpl4b	0	0	0	0	0	0
Rft1	790	727	499	480	556	676
Rftn1	154	123	94	78	96	97
Rftn2	285	258	190	198	191	257
Rfwd2	3628	3371	2574	2082	2426	2746
Rfwd3	2369	2331	1703	1705	1816	1998
Rfx1	1171	1130	956	812	927	890
Rfx2	147	127	96	102	114	124
Rfx3	2825	2704	2034	1851	2040	2133
Rfx4	16	21	12	7	19	11
Rfx5	1541	1378	1049	884	1103	1103
Rfx6	0	0	0	0	0	0
Rfx7	1816	1669	1237	1014	1216	1265
Rfx8	4	4	3	2	8	8
Rfxank	741	840	555	422	502	554
Rfxap	578	580	422	423	442	528
Rgag1	23	22	7	9	12	4
Rgag4	984	887	637	634	727	794
Rgcc	83	85	78	18	22	20
Rgl1	1896	1849	1385	1175	1289	1410
Rgl2	1633	1587	1276	942	952	1079
Rgl3	219	222	143	178	181	191
Rgma	235	214	166	153	167	152
Rgmb	917	906	689	595	649	686
Rgn	14	8	5	3	6	5
Rgp1	2136	2293	1679	1540	1723	1807
Rgr	819	1464	1630	426	1673	516
Rgs1	1	3	0	0	0	0
Rgs10	155	148	119	94	111	116
Rgs11	1630	1493	1035	1198	1257	1386
Rgs12	559	511	349	373	438	426
Rgs13	105	121	68	95	99	99
Rgs14	1	0	2	1	0	0
Rgs16	1528	1449	928	670	736	864
Rgs17	1167	1067	758	672	774	811
Rgs18	1	0	0	1	4	0
Rgs19	117	129	98	54	70	86
Rgs2	1916	1884	1294	1125	1191	1372
Rgs20	1974	2243	1662	1308	1452	1439
Rgs21	0	0	0	0	0	0
Rgs22	462	440	312	296	400	390
Rgs3	1468	1345	1036	830	931	1078
Rgs4	3488	3145	2294	1877	2052	2377
Rgs5	3511	3305	2490	2308	2506	2927
Rgs6	1561	1500	1020	920	1027	1080
Rgs7	1808	1709	1290	1160	1326	1442
Rgs7bp	2444	2273	1592	1538	1600	1865
Rgs8	6879	6522	4624	5132	5752	6394
Rgs9	28446	25782	21224	15912	17980	18127
Rgs9bp	39374	38510	28840	27509	31627	33292
Rgsl1	21	14	15	2	3	1
Rhag	1	0	0	0	0	0
Rhbdd1	731	660	520	440	486	562
Rhbdd2	1499	1545	1099	1176	1355	1409
Rhbdd3	902	876	665	683	740	772
Rhbdf1	155	156	130	275	246	278
Rhbdf2	383	318	300	141	124	153
Rhbdl1	632	632	496	531	571	566
Rhbdl2	1	4	2	1	3	0
Rhbdl3	1251	1208	923	892	1027	1179
Rhbg	2	2	6	1	2	4
Rhcg	1	2	1	0	0	1
Rhd	8	13	9	9	10	6
Rheb	3167	2926	2094	1964	2259	2543
Rhebl1	357	264	232	164	166	188
Rhno1	262	241	145	256	279	302
Rho	1568258	1443076	1098629	874935	943858	1056408
Rhoa	4872	4495	3240	3137	3376	3900
Rhob	1562	1439	1079	1065	1152	1337
Rhobtb1	570	550	395	352	426	467
Rhobtb2	3825	3485	2633	2215	2568	2721
Rhobtb3	1282	1256	888	835	965	1061
Rhoc	523	470	302	332	391	459
Rhod	74	78	71	34	50	49
Rhof	347	316	246	233	262	293
Rhog	100	103	64	63	71	61
Rhoh	5	1	3	3	3	4
Rhoj	458	531	304	220	237	199
Rhoq	1647	1554	1194	1181	1250	1330
Rhot1	15345	14585	11047	10656	11593	12738
Rhot2	6769	5887	5009	4472	4963	5155
Rhou	518	532	421	393	380	432
Rhov	53	58	31	54	60	72
Rhox1	0	0	1	0	0	0
Rhox10	0	0	0	0	0	0
Rhox11	0	0	0	0	0	0
Rhox11-ps1-001	0	0	0	0	0	0
Rhox11-ps2-001	1	0	0	0	0	1
Rhox11-ps3-001	0	0	0	0	0	0
Rhox12	0	0	0	0	0	1
Rhox13	0	0	0	0	0	0
Rhox2-ps-001	0	0	0	0	0	0
Rhox2a	1	3	2	1	2	5
Rhox2b	3	2	2	2	0	1
Rhox2c	0	0	2	1	0	4
Rhox2d	0	0	0	0	0	0
Rhox2e	3	3	1	1	1	2
Rhox2f	2	2	0	1	1	2
Rhox2g	1	0	1	2	0	0
Rhox2h	0	0	0	0	0	0
Rhox3a	0	0	0	1	0	0
Rhox3a2	0	0	0	1	0	0
Rhox3b-ps	0	0	0	0	0	0
Rhox3c	0	0	0	0	0	0
Rhox3d-ps-002	0	0	0	1	0	0
Rhox3e	0	0	0	1	0	0
Rhox3f	0	0	0	0	0	0
Rhox3g	0	0	0	0	0	0
Rhox3h	0	0	0	0	0	0
Rhox4a	12	18	19	13	8	14
Rhox4a2	9	16	15	11	6	11
Rhox4b	3	6	4	1	6	1
Rhox4c	4	5	3	7	5	2
Rhox4d	1	2	2	2	2	1
Rhox4e	3	2	2	3	2	3
Rhox4f	3	1	2	3	4	1
Rhox4g	1	2	3	4	7	1
Rhox5	10	6	5	6	9	10
Rhox6	0	0	0	0	0	0
Rhox7-ps1-001	0	0	0	0	1	0
Rhox7-ps2-001	0	0	0	0	0	0
Rhox7a	0	0	0	0	0	0
Rhox7b	0	0	0	0	0	0
Rhox8	0	1	0	0	0	1
Rhox9	0	0	0	0	0	0
Rhpn1	1615	1526	1309	1299	1413	1424
Rhpn2	1196	1068	821	837	899	913
Ribc1	95	97	67	72	69	93
Ribc2	39	41	40	21	30	32
Ric1	6741	6486	5104	4721	5498	5910
Ric3	8082	7352	5542	5369	5850	6439
Ric8a	1989	1916	1380	1426	1481	1680
Ric8b	5278	5178	3850	3745	4358	4615
Rictor	7393	6587	5236	4839	5778	5944
Rida	968	871	679	597	650	757
Rif1	5829	5327	4193	4506	5345	5611
Riiad1	110	103	77	45	48	75
Rilp	14	10	16	8	23	17
Rilpl1	652	589	405	413	490	525
Rilpl2	274	265	191	221	223	240
Rimbp2	934	946	660	730	708	793
Rimbp3	133	136	85	78	89	105
Rimkla	1982	1713	1253	883	902	1035
Rimklb	2101	1994	1387	1448	1520	1665
Rims1	3918	3673	2809	2440	2628	3031
Rims2	21122	21048	15913	13342	15180	16250
Rims3	2980	2831	2115	1619	1663	2003
Rims4	1108	991	814	612	635	777
Rin1	56	49	34	30	36	40
Rin2	1316	1272	901	728	767	833
Rin3	21	27	18	9	23	16
Ring1	1411	1382	964	1042	1199	1219
Rinl	60	78	78	79	106	78
Rint1	1205	1179	849	839	1026	1024
Riok1	1180	1098	852	828	1004	1011
Riok3	6111	5285	4113	4264	4825	5206
Ripk1	411	455	350	300	339	374
Ripk2	322	383	251	234	281	328
Ripk3	3	3	1	0	2	1
Ripk4	347	305	229	230	309	303
Ripply1	0	0	0	0	0	0
Ripply2	83	58	28	48	55	68
Ripply3	17	26	23	6	12	12
Rit1	714	673	499	539	511	585
Rit2	5615	5196	3521	3461	3619	4139
Rita1	578	435	380	357	377	424
Rlbp1	13739	13433	9476	9654	10526	11988
Rlf	4735	4428	3328	3021	3450	3823
Rlim	4844	4665	3293	3158	3425	3479
Rln1	3	2	2	3	1	2
Rln3	0	0	1	0	0	0
Rltpr	272	274	196	190	211	228
Rmdn1	892	839	600	642	843	839
Rmdn2	333	320	186	228	196	256
Rmdn3	3031	3034	2239	2308	2493	2839
Rmi1	1260	1216	870	914	991	1135
Rmi2	3	3	6	1	0	3
Rmnd1	1259	1213	973	920	1035	1088
Rmnd5a	8401	8295	5808	5577	6410	6645
Rmnd5b	1641	1633	1274	1428	1461	1536
Rmrp	60897	75490	55487	49405	51065	72535
Rn18s	330671	233200	336712	478479	262354	186484
Rnase1	0	0	0	0	0	0
Rnase10	1	0	0	0	0	0
Rnase11	0	0	0	0	0	0
Rnase12	13	3	7	6	2	4
Rnase13	0	0	0	0	0	0
Rnase2a	0	0	0	0	0	0
Rnase2b	0	0	0	0	0	0
Rnase4	112	118	81	56	32	53
Rnase6	6	1	3	0	0	0
Rnase9	0	0	0	0	2	3
Rnaseh1	558	540	415	405	467	487
Rnaseh2a	1167	1138	843	824	850	971
Rnaseh2b	531	504	396	373	412	474
Rnaseh2c	1265	1310	901	937	1034	1080
Rnasek	889	864	602	631	699	798
Rnasel	177	180	109	38	39	41
Rnaset2a	1118	1087	844	718	846	979
Rnaset2b	1123	1051	826	556	660	731
Rnd1	496	423	306	287	273	325
Rnd2	1175	1142	838	1000	1038	1147
Rnd3	1159	1136	775	1091	1128	1284
Rnf10	6539	6293	4927	4932	5417	5668
Rnf103	2232	2146	1559	1439	1568	1736
Rnf11	9001	8428	6046	5795	6396	7215
Rnf111	2259	2035	1644	1519	1711	1801
Rnf112	931	856	592	501	547	564
Rnf113a1	329	321	247	255	296	338
Rnf113a2	1410	1293	973	1024	1127	1225
Rnf114	2186	2066	1573	1492	1608	1730
Rnf115	2452	2302	1627	1657	1713	2078
Rnf121	1160	1213	868	852	1079	1111
Rnf122	497	449	373	355	415	450
Rnf123	4467	4631	3486	3533	4082	3917
Rnf125	13	11	9	11	13	10
Rnf126	706	710	559	509	556	595
Rnf128	135	121	84	99	119	103
Rnf13	5540	5125	3613	3421	3820	4366
Rnf130	1023	956	665	679	730	760
Rnf133	2	0	2	0	0	1
Rnf135	100	115	72	58	80	72
Rnf138	1074	935	703	713	873	937
Rnf138rt1	6	7	3	3	2	2
Rnf139	2753	2523	1881	1849	1918	2219
Rnf14	10898	9837	7045	6901	7653	8636
Rnf141	3121	2712	2028	2053	2336	2486
Rnf144a	513	578	366	568	674	741
Rnf144b	1644	1551	1110	997	1129	1169
Rnf145	5367	4698	3555	3682	4023	4827
Rnf146	3137	3215	2130	2137	2449	2562
Rnf148	1	1	0	0	0	3
Rnf149	694	640	455	474	567	663
Rnf150	8521	7675	6308	4963	5587	5776
Rnf151	3	8	3	4	7	4
Rnf152	2221	2075	1652	1406	1666	1859
Rnf157	7572	7179	5407	4594	5224	5533
Rnf165	219	241	159	129	160	186
Rnf166	669	584	462	496	507	549
Rnf167	3303	3168	2371	2414	2714	2936
Rnf168	2356	2266	1667	1597	1633	1904
Rnf169	3883	3606	2851	2229	2452	2525
Rnf17	26	35	26	22	35	46
Rnf170	3089	3013	2181	1974	2167	2382
Rnf180	298	238	192	189	184	242
Rnf181	3422	3190	2524	2304	2461	2927
Rnf182	329	303	219	221	256	255
Rnf183	13	20	12	20	15	20
Rnf185	2283	2291	1695	1539	1652	1937
Rnf186	0	0	0	0	0	0
Rnf187	6296	5812	4453	4785	5144	5822
Rnf19a	4192	3690	2861	2691	2967	3320
Rnf19b	670	702	486	461	493	539
Rnf2	3422	3221	2293	2385	2679	2928
Rnf20	3777	3712	2748	2753	3081	3144
Rnf207	5465	5251	3997	3646	4744	4883
Rnf208	357	391	269	223	208	256
Rnf212	0	0	0	2	5	3
Rnf213	1313	1094	986	595	693	653
Rnf214	3619	3231	2536	2261	2496	2792
Rnf215	981	938	713	665	764	810
Rnf216	2097	2004	1481	1380	1545	1698
Rnf217	804	845	570	479	585	654
Rnf219	482	521	333	417	436	545
Rnf220	4208	4104	3112	2831	3071	3400
Rnf222	3	1	2	0	0	1
Rnf223	33	40	25	32	23	26
Rnf224	0	0	1	0	0	0
Rnf225	47	36	44	40	38	43
Rnf24	1558	1395	1052	1235	1382	1359
Rnf25	1239	1115	912	933	1021	1131
Rnf26	500	493	358	344	413	411
Rnf31	1014	973	841	730	837	893
Rnf32	413	448	295	330	367	418
Rnf34	1881	1878	1268	1329	1425	1589
Rnf38	1619	1641	1251	840	956	992
Rnf39	81	103	68	69	91	82
Rnf4	2619	2609	1816	1793	1940	2259
Rnf40	2799	2903	2164	1952	2246	2351
Rnf41	1979	2132	1441	1424	1553	1739
Rnf43	28	57	27	36	47	49
Rnf44	1511	1581	1082	1078	1189	1252
Rnf5	802	912	546	530	607	673
Rnf6	3812	3953	2802	2688	3104	3327
Rnf7	2765	2511	1853	1750	1892	2130
Rnf8	1440	1502	1130	1218	1280	1352
Rnft1	1243	1185	913	1109	1261	1341
Rnft2	2115	2097	1642	1467	1613	1733
Rngtt	2234	2038	1451	1319	1486	1696
Rnh1	1913	1919	1372	1550	1670	1792
Rnls	141	139	102	92	113	110
Rnmt	2884	2809	2122	1894	2063	2427
Rnmtl1	410	341	313	294	314	346
Rnpc3	8247	7737	5743	5319	6427	6412
Rnpep	708	713	517	429	508	470
Rnpepl1	583	611	483	426	540	505
Rnps1	4734	4502	3309	2232	2597	2798
Robo1	689	678	459	397	461	427
Robo2	4431	4125	3135	2457	2806	3021
Robo3	59	66	33	38	50	68
Robo4	83	90	52	43	49	54
Rock1	4903	4645	3614	3252	3759	3913
Rock2	6198	5678	4322	3586	4222	4313
Rogdi	1953	1961	1506	1350	1499	1724
Rom1	110682	99727	80035	74148	77153	88508
Romo1	1072	1111	879	755	818	850
Ropn1	0	0	0	0	0	0
Ropn1l	4	1	3	4	2	6
Ror1	163	153	137	84	79	107
Ror2	39	58	22	15	15	26
Rora	15084	13440	10047	8622	9990	10521
Rorb	29097	24524	18964	17811	20066	21034
Rorc	221	226	150	118	139	111
Ros1	2	4	1	1	0	1
Rp1	155652	138537	107690	120976	135926	145553
Rp1l1	37976	35237	29129	27404	30153	32641
Rp2	1700	1628	1095	1067	1288	1435
Rp9	705	683	490	486	525	588
Rpa1	7592	6977	5284	4999	5552	6367
Rpa2	1091	999	761	740	754	898
Rpa3	553	462	315	461	556	605
Rpain	599	614	487	385	443	463
Rpap1	799	904	698	653	688	783
Rpap2	1442	1422	1055	720	863	888
Rpap3	1447	1436	1064	1020	1053	1218
Rpe	2047	2052	1516	1163	1337	1531
Rpe65	345	693	892	225	756	207
Rpf1	1671	1719	1247	1278	1454	1509
Rpf2	749	735	553	492	537	633
Rpgr	1057	1091	899	786	1019	962
Rpgrip1	16188	16081	12910	6904	8550	7812
Rpgrip1l	1393	1274	981	691	852	905
Rph3a	3956	3925	2912	2562	2800	3066
Rph3al	73	90	44	64	58	76
Rpia	574	609	409	453	501	568
Rpl10	4260	4013	2885	3405	3625	3925
Rpl10-ps3	1014	964	629	776	857	903
Rpl10a	6222	6041	4636	4579	4769	5402
Rpl10l	0	0	0	0	1	1
Rpl11	7810	7616	5688	5568	5944	6797
Rpl12	5073	4891	3705	3318	3598	4143
Rpl13	7462	7388	5756	5407	5919	6630
Rpl13-ps3	272	229	182	141	180	235
Rpl13a	19555	18330	13938	11358	11909	14212
Rpl13a-ps1	44	52	36	21	28	27
Rpl14	9882	8763	6692	6843	7707	8442
Rpl15	8489	8055	5988	5833	6413	7116
Rpl17	8083	7468	5579	5297	5936	6487
Rpl18	4206	3878	3028	2795	3021	3545
Rpl18a	6538	6078	4823	4601	5079	5628
Rpl19	9235	8565	6241	6307	6925	7763
Rpl21	12697	11568	8956	5167	5623	6023
Rpl21-ps4	2	4	3	18	38	23
Rpl22	6550	6103	4380	4447	5067	5590
Rpl22l1	2865	2597	1925	1795	1982	2165
Rpl23	11668	10985	8195	7998	8567	9767
Rpl23a	6575	6295	4625	4556	5018	5575
Rpl23a-ps3	982	950	744	720	785	877
Rpl24	6739	6316	4616	4516	4844	5532
Rpl26	9884	9273	7107	7031	7475	8713
Rpl27	5233	4886	3611	3364	3942	4468
Rpl27-ps3	1144	1042	752	717	818	924
Rpl27a	7399	6805	5253	5173	5619	6150
Rpl28	3282	3285	2399	2428	2674	3171
Rpl29	3715	3585	2772	795	901	1021
Rpl3	19097	17022	13137	11685	12796	14570
Rpl30	10843	10090	7472	7270	7954	9167
Rpl31	6555	5969	4780	4129	4747	5209
Rpl32	5478	5099	3785	3641	3792	4501
Rpl34	4585	4247	3196	2689	2856	3292
Rpl35	4159	4004	2951	2822	3033	3337
Rpl35a	6984	6399	4724	4579	4979	5593
Rpl36	4000	3749	2861	2696	2860	3135
Rpl36-ps3	215	186	123	125	118	113
Rpl36-ps4	0	0	0	0	0	0
Rpl36a	3014	2904	2240	2095	2354	2651
Rpl36al	1826	1764	1246	1248	1282	1437
Rpl37	5354	5096	3862	3466	3748	4403
Rpl37a	7417	7029	5327	5375	5781	6649
Rpl38	5241	4952	3864	3444	3730	4375
Rpl39	5604	5177	3918	3858	4064	4582
Rpl39l	0	0	2	2	0	4
Rpl3l	8	4	14	7	9	5
Rpl4	17188	16158	11999	12185	13676	15289
Rpl41	6583	6239	5043	4403	4772	5272
Rpl5	13378	12436	9503	8221	8983	9985
Rpl6	9127	8839	6354	6146	6492	7437
Rpl6l	508	493	368	337	348	401
Rpl7	14996	13954	10488	10530	11639	13313
Rpl7a	8525	8028	6009	5672	6239	6891
Rpl7a-ps3	55	65	24	50	52	48
Rpl7a-ps5	54	58	29	32	42	29
Rpl7l1	1320	1592	995	944	1019	1037
Rpl8	11062	10568	8214	7708	8588	9739
Rpl9	20681	18431	14211	13643	14723	17018
Rpl9-ps1	3	4	6	1	2	5
Rpl9-ps6	1152	1098	799	783	946	1081
Rplp0	7080	6409	4745	3060	3300	3807
Rplp1	11278	11350	8320	8047	8328	9718
Rplp2	3535	3737	2571	2543	2602	2984
Rpn1	4543	4600	3244	3346	3524	4070
Rpn2	5425	5090	3947	4044	4095	4645
Rpp14	1123	1139	825	811	888	1005
Rpp21	424	422	304	302	335	361
Rpp25	244	264	183	202	194	213
Rpp25l	419	388	308	266	315	330
Rpp30	858	805	558	548	600	672
Rpp38	306	297	214	206	245	226
Rpp40	103	98	79	119	116	136
Rpph1	160799	156891	103592	96530	87646	139500
Rprd1a	3394	3011	2302	2259	2509	2686
Rprd1b	2593	2586	2018	1872	2109	2252
Rprd2	2786	2816	2154	1915	2285	2268
Rprl1	1	0	0	70	27	51
Rprl2	5	1	0	5026	300	3517
Rprl3	6	2	1	9249	6491	10650
Rprm	164	166	113	85	84	100
Rprml	31	31	20	8	14	17
Rps10	4875	4721	3523	3272	3509	4066
Rps11	6904	6359	4844	4812	5173	6032
Rps12	5824	5536	4398	3960	4282	4860
Rps12-ps3	296	311	229	228	233	264
Rps13	4946	4760	3431	3271	3682	4057
Rps14	17649	16204	12443	11554	12374	14530
Rps15	9169	8953	6960	6715	7213	8273
Rps15a	8219	7516	5713	5105	5454	6198
Rps16	4487	4341	2883	2832	3198	3652
Rps17	8056	7829	5955	6048	6573	7602
Rps18	6929	6295	4942	3993	4556	5087
Rps19	4427	4202	3037	3047	3396	3830
Rps19bp1	480	488	429	342	351	400
Rps2	8160	7929	6277	5092	5694	6355
Rps2-ps6	631	566	462	824	944	1123
Rps20	4312	3950	3007	2691	3043	3523
Rps21	6722	6193	4835	4730	5147	5740
Rps23	9380	8402	6659	11078	12288	13698
Rps24	9475	9259	6641	6571	7162	8506
Rps25	8084	7453	5668	5365	5870	6560
Rps26	3091	2936	2135	2115	2424	2452
Rps27	8106	7820	5772	6097	6641	7757
Rps27a	8420	7797	5895	5536	5980	7031
Rps27l	659	623	459	392	465	564
Rps27rt	243	189	115	153	175	193
Rps28	6121	5658	4323	4300	4474	5154
Rps29	8575	8137	6409	5705	6267	7007
Rps3	17693	16381	12442	10856	11638	13781
Rps3a1	12524	11783	8871	8539	9465	10492
Rps4x	13160	12219	9231	8645	9302	10819
Rps5	4681	4521	3455	3030	3437	3856
Rps6	13839	12825	9671	9356	10131	11642
Rps6ka1	246	232	138	79	83	101
Rps6ka2	5987	5788	4565	4312	4738	5356
Rps6ka3	2284	2145	1658	1300	1616	1714
Rps6ka4	950	894	646	750	833	905
Rps6ka5	1867	1728	1282	1221	1283	1541
Rps6ka6	613	583	359	343	359	415
Rps6kb1	2784	2760	1866	1670	2083	2161
Rps6kb2	985	950	781	762	876	865
Rps6kc1	3696	3213	2459	2380	2546	3090
Rps6kl1	476	469	333	354	375	414
Rps7	11190	10246	7640	7816	8623	9713
Rps8	10536	9609	7307	7910	8940	9806
Rps9	7019	6568	5030	4655	4903	5832
Rpsa	11304	10468	8198	5496	5918	7022
Rptn	0	0	1	0	0	0
Rptor	3444	3236	2613	2267	2519	2615
Rptoros	93	97	98	74	77	68
Rpusd1	266	259	166	177	213	221
Rpusd2	449	480	311	299	354	356
Rpusd3	424	477	325	358	401	437
Rpusd4	474	445	364	311	320	394
Rrad	22	23	20	16	7	15
Rraga	1244	1280	877	797	895	1009
Rragb	2575	2326	1805	1574	1843	2162
Rragc	2010	2145	1434	1363	1412	1433
Rragd	2731	2737	1873	2120	2341	2611
Rras	71	52	46	36	38	38
Rras2	215	236	181	467	592	593
Rrbp1	1043	1034	792	817	957	978
Rreb1	641	627	493	409	470	494
Rrh	682	669	514	367	449	482
Rrm1	1728	1697	1225	1089	1169	1372
Rrm2	4	10	5	8	7	2
Rrm2b	1988	1955	1325	1325	1493	1627
Rrn3	4334	4120	2997	2402	2764	3118
Rrnad1	1975	1921	1506	1379	1612	1622
Rrp1	6392	6145	4805	4289	4519	5056
Rrp12	819	799	608	384	439	484
Rrp15	482	500	355	349	396	455
Rrp1b	4111	4029	3011	3031	3557	3863
Rrp36	569	585	455	399	468	467
Rrp7a	3278	3205	2503	2127	2166	2508
Rrp8	1282	1178	860	813	903	943
Rrp9	1063	998	756	598	629	675
Rrs1	294	311	180	142	144	168
Rs1	125776	120776	91542	86374	93449	105525
Rsad1	951	906	663	684	766	802
Rsad2	69	108	47	26	16	23
Rsbn1	5293	4731	3477	3373	3841	4308
Rsbn1l	2942	2989	2111	1874	2086	2323
Rsc1a1	1300	1203	1020	923	1084	1147
Rsf1	5400	5207	3700	2996	3573	3711
Rsf1os1	17	12	9	7	14	10
Rsf1os2	297	309	222	210	245	250
Rsg1	51	29	39	17	18	13
Rsl1	166	162	125	78	70	82
Rsl1d1	3697	3405	2400	2221	2358	2785
Rsl24d1	2389	2012	1429	1460	1530	1810
Rslcan18	90	98	89	69	75	68
Rsph1	5	2	0	5	2	3
Rsph10b	250	233	182	159	193	192
Rsph14	4	1	6	2	1	5
Rsph3a	1277	1219	922	771	905	946
Rsph3b	1039	979	758	617	714	734
Rsph4a	11	7	6	3	11	4
Rsph6a	4	2	3	1	4	2
Rsph9	56	70	48	50	49	50
Rspo1	3	6	0	0	0	1
Rspo2	55	46	22	87	91	82
Rspo3	11	8	4	1	8	2
Rspo4	45	32	21	8	19	25
Rspo4os	0	0	0	1	0	0
Rspry1	1805	1738	1262	1273	1405	1430
Rsrc1	2745	2549	1734	1559	1690	1912
Rsrc2	8435	8465	6145	6657	7429	7437
Rsrp1	10612	11093	7630	8096	8681	8430
Rsu1	262	260	182	179	186	186
Rtbdn	16768	16126	12629	13284	14766	16347
Rtca	1273	1195	877	814	961	1016
Rtcb	4422	4268	3067	2983	3182	3597
Rtel1	1346	1322	1051	827	991	993
Rtf1	1497	1500	1119	1455	1602	1792
Rtfdc1	2668	2669	2127	1903	2119	2280
Rtkn	278	297	180	204	253	241
Rtkn2	97	99	68	1835	2230	2339
Rtl1	521	579	424	346	348	425
Rtn1	5481	5462	4039	3539	3840	4141
Rtn2	1047	917	682	695	769	819
Rtn3	13581	13367	9364	9709	10565	11441
Rtn4	38678	35300	26156	27697	29796	33429
Rtn4ip1	577	579	441	392	421	450
Rtn4r	18	19	11	11	12	15
Rtn4rl1	1885	1865	1268	1209	1261	1499
Rtn4rl2	181	180	123	169	211	194
Rtp1	0	1	0	0	0	0
Rtp2	0	0	0	0	2	0
Rtp3	31	30	14	59	51	49
Rtp4	42	21	31	13	12	12
Rttn	1548	1461	1092	965	1163	1243
Rubcn	2147	1874	1518	1284	1529	1562
Rufy1	2029	2023	1539	1461	1634	1784
Rufy2	3067	2944	2317	2179	2494	2558
Rufy3	19873	18279	13560	12711	14142	15458
Rufy4	1	2	0	17	12	15
Rundc1	786	833	569	541	623	652
Rundc3a	5509	5102	3853	3776	4035	4381
Rundc3b	1283	1068	808	806	928	1087
Runx1	36	47	23	16	16	27
Runx1t1	1999	1807	1314	1280	1406	1519
Runx2	34	37	27	21	42	41
Runx2os1	4	2	0	3	5	4
Runx2os2	0	1	2	0	0	0
Runx2os3	0	1	0	1	0	0
Runx3	2	0	0	0	0	0
Rusc1	943	1005	709	713	802	820
Rusc2	3005	2878	2166	2060	2259	2532
Ruvbl1	1605	1428	1106	1059	1145	1358
Ruvbl2	1658	1512	1194	1066	1227	1389
Rwdd1	2319	2091	1654	1471	1658	1803
Rwdd2a	193	160	109	117	176	165
Rwdd2b	267	270	202	221	214	239
Rwdd3	199	159	136	242	277	287
Rwdd4a	1752	1713	1255	1160	1234	1389
Rxfp1	0	0	2	0	0	0
Rxfp2	1	0	0	0	0	0
Rxfp3	200	195	132	135	139	161
Rxfp4	5	15	11	12	7	9
Rxra	2284	2147	1647	1573	1780	1959
Rxrb	1873	1777	1380	1444	1468	1643
Rxrg	262	285	230	106	101	118
Rybp	3161	3269	2280	2107	2411	2623
Ryk	1887	1850	1365	1325	1380	1607
Ryr1	100	80	48	210	181	212
Ryr2	4877	4493	3651	2937	3764	3626
Ryr3	1564	1577	1250	873	1090	1054
S100a1	681	658	503	624	698	783
S100a10	660	682	527	282	306	356
S100a11	33	55	38	23	31	23
S100a13	80	54	60	47	60	59
S100a14	17	43	36	16	25	17
S100a16	745	620	461	428	428	547
S100a2	0	1	0	0	0	0
S100a3	14	8	6	12	13	13
S100a4	85	64	51	64	64	69
S100a5	0	1	1	0	0	0
S100a6	241	345	260	174	192	154
S100a7a	9	8	3	3	4	7
S100a8	1	2	4	1	1	0
S100a9	6	2	4	1	2	3
S100b	369	425	294	304	306	279
S100g	1	4	0	1	2	1
S100pbp	2532	2355	1698	1685	1938	2005
S100z	1	1	0	0	0	0
S1pr1	1535	1395	999	924	908	1023
S1pr2	105	97	54	61	84	83
S1pr3	1209	1130	752	506	484	536
S1pr4	17	12	19	7	8	4
S1pr5	40	40	24	33	38	31
Saa-ps-001	0	0	0	0	0	0
Saa1	1	0	0	0	0	1
Saa2	0	1	0	0	1	1
Saa3	0	0	1	1	0	0
Saa4	0	0	0	0	0	0
Saal1	771	827	580	507	600	670
Sac3d1	215	175	157	149	137	161
Sacm1l	4078	3959	2671	2616	2948	3281
Sacs	2776	2691	2141	1800	2048	2138
Sae1	2011	1967	1394	1656	1877	2106
Safb	3122	3308	2543	2211	2657	2552
Safb2	1563	1902	1412	1256	1476	1298
Sag	177858	178378	134476	237718	236295	273959
Sall1	33	36	19	14	23	30
Sall2	3025	2680	2067	2177	2412	2622
Sall3	275	262	176	169	165	196
Sall4	10	2	0	0	2	0
Samd1	370	373	272	278	299	373
Samd10	436	389	275	313	329	327
Samd11	13425	12237	9977	4326	4902	5260
Samd12	112	135	89	80	104	92
Samd13	1	4	1	3	3	1
Samd14	3257	3014	2180	2315	2479	2705
Samd15	51	44	35	86	104	110
Samd3	1	1	3	4	3	1
Samd4	326	368	281	211	214	236
Samd4b	682	750	587	557	559	604
Samd5	273	256	188	195	222	279
Samd7	5063	4701	3492	4639	5656	5823
Samd8	6759	5932	4540	3953	4544	5025
Samd9l	333	250	227	170	159	191
Samhd1	955	990	738	577	667	666
Samm50	2408	2311	1800	1538	1829	2005
Samsn1	1609	1479	1054	1074	1260	1359
Samt1	0	0	0	0	0	0
Samt2	0	1	0	0	0	0
Samt3	0	0	0	0	0	0
Samt4	0	0	0	0	0	0
Sap130	849	860	723	636	787	769
Sap18	2609	2589	1775	1636	1785	2020
Sap18b	812	770	491	495	538	656
Sap25	315	337	281	275	281	275
Sap30	821	691	515	439	443	588
Sap30bp	2940	2859	2220	2116	2230	2495
Sap30bpos	61	71	62	54	56	50
Sap30l	705	679	553	511	497	551
Sapcd1	59	70	45	61	75	63
Sapcd2	1	4	1	3	2	3
Sar1a	8339	8309	5888	5471	5887	6749
Sar1b	2511	2398	1672	1680	1829	2091
Saraf	6656	6210	4751	4072	4050	4832
Sardh	234	213	162	112	139	156
Sardhos	18	9	16	9	10	16
Sarm1	3060	2983	2580	2257	2493	2586
Sarnp	1771	1611	1129	1101	1299	1408
Sars	7233	6967	4937	4504	4955	5574
Sars2	324	354	252	249	231	295
Sart1	2934	2888	2233	2041	2156	2372
Sart3	1701	1735	1242	1194	1285	1328
Sash1	1309	1110	800	646	676	761
Sash3	10	8	7	3	12	8
Sass6	369	378	270	248	319	278
Sat1	1646	1555	1050	1099	1126	1265
Sat2	328	303	212	124	180	174
Satb1	1376	1384	977	969	1234	1182
Satb2	131	121	107	77	102	99
Satl1	3	5	1	2	7	4
Sav1	998	1017	717	667	681	734
Saxo1	0	0	0	0	0	0
Saxo1os	5	4	1	3	1	1
Saxo2	443	425	323	473	493	553
Saysd1	242	253	177	175	202	191
Sbds	1722	1681	1273	1124	1243	1408
Sbf1	5422	4993	4186	3787	4122	4287
Sbf2	4592	4486	3517	3143	3728	3881
Sbk1	4199	3881	2942	2933	3374	3721
Sbk2	13	15	10	24	31	38
Sbk3	9	12	12	18	17	13
Sbno1	9419	8761	6910	5045	5984	6046
Sbno2	512	536	393	387	433	423
Sbp	0	0	0	0	0	1
Sbpl	0	0	0	0	0	1
Sbsn	186	172	166	18	38	32
Sbspon	782	734	516	531	531	627
Sc5d	2175	2177	1526	1294	1407	1585
Scaf1	2326	2213	1800	1554	1749	1735
Scaf11	7998	7606	5754	5364	6024	6490
Scaf4	692	708	544	499	622	582
Scaf8	4528	4265	3379	2940	3430	3553
Scai	4574	4078	3092	2860	3312	3616
Scamp1	7564	7823	5268	4961	5631	6182
Scamp2	1092	1081	812	756	872	911
Scamp3	593	553	388	407	410	450
Scamp4	436	459	319	324	339	370
Scamp5	15861	14903	11396	10762	11173	13147
Scand1	451	408	329	311	306	356
Scap	5018	4855	3755	3490	3883	4064
Scaper	6458	5862	4486	4633	5305	5647
Scara3	1095	937	598	452	502	546
Scara5	56	54	49	35	51	37
Scarb1	2762	2783	2149	1864	2197	2343
Scarb2	7804	7602	5340	4916	5557	5979
Scarf1	54	49	36	30	29	39
Scarf2	170	154	132	110	117	127
Scarna13	3635	3300	2571	2215	2460	2728
Scarna17	743	722	591	269	276	315
Scarna2	29415	28427	21889	19222	21281	24473
Scarna3a	61	93	44	53	65	101
Scarna3b	19	18	20	11	16	23
Scarna6	940	1179	888	797	718	1118
Scarna8	3	3	1	0	0	0
Sccpdh	2442	2364	1622	1504	1760	1889
Scd1	736	768	477	744	772	825
Scd2	16738	16317	10375	12474	13820	15017
Scd3	116	132	81	283	266	319
Scd4	5	8	9	11	24	14
Scel	82	116	88	47	53	38
Scfd1	2638	2417	1747	1680	1857	2118
Scfd2	481	437	357	276	363	348
Scg2	17735	16561	12357	10376	10959	12685
Scg3	5346	5204	3596	3341	3569	3970
Scg5	8199	7594	5501	9048	9817	11308
Scgb1a1	0	0	0	0	0	0
Scgb1b1-ps-001	0	0	0	0	0	0
Scgb1b10	0	0	0	0	0	0
Scgb1b11	0	0	0	0	0	0
Scgb1b12	0	0	0	0	0	0
Scgb1b13-ps-001	0	0	0	0	0	0
Scgb1b14-ps-001	0	0	0	0	0	0
Scgb1b15	0	0	0	0	0	0
Scgb1b16-ps-001	0	0	0	0	0	0
Scgb1b17	0	0	0	0	0	0
Scgb1b18	0	0	0	0	0	0
Scgb1b19	0	0	0	0	0	0
Scgb1b2	0	0	0	4	4	0
Scgb1b20	0	0	0	1	0	0
Scgb1b21	0	0	0	0	0	0
Scgb1b22-ps-001	0	0	0	0	0	0
Scgb1b23-ps-001	0	0	0	0	0	0
Scgb1b24	0	0	0	0	0	0
Scgb1b25-ps-001	0	0	0	0	0	0
Scgb1b26-ps-001	0	0	0	0	0	0
Scgb1b27	0	0	0	0	0	0
Scgb1b28-ps-001	0	0	0	0	0	0
Scgb1b29	0	0	0	1	0	0
Scgb1b3	0	0	0	0	0	0
Scgb1b30	1	0	3	0	0	1
Scgb1b34-ps-001	0	0	0	0	0	0
Scgb1b4-ps-001	0	0	0	0	0	0
Scgb1b5-ps-001	0	0	0	0	0	0
Scgb1b6-ps-001	0	0	0	0	0	0
Scgb1b7	0	0	0	1	0	0
Scgb1b8-ps-001	0	0	0	0	0	0
Scgb1b9-ps-001	0	0	0	0	0	0
Scgb1c1	11	4	7	3	6	4
Scgb2a2	0	0	1	0	0	0
Scgb2b1-001	0	0	1	0	0	0
Scgb2b10-001	0	0	0	0	0	0
Scgb2b11	0	0	0	0	0	0
Scgb2b12	0	0	0	0	0	0
Scgb2b13-ps-001	0	0	0	0	0	0
Scgb2b14-ps-001	0	0	0	0	0	0
Scgb2b15	0	0	0	0	0	0
Scgb2b16-ps-001	0	0	0	0	0	0
Scgb2b17	0	0	0	0	0	0
Scgb2b18	0	0	0	0	0	0
Scgb2b19	0	0	0	0	0	0
Scgb2b2	1	0	0	3	3	0
Scgb2b20	0	0	0	0	0	0
Scgb2b21	0	0	0	0	0	0
Scgb2b22-ps-001	0	0	0	0	0	0
Scgb2b23-ps	0	0	0	0	0	0
Scgb2b24	0	0	0	0	0	0
Scgb2b25-ps-001	0	0	0	0	0	0
Scgb2b26	0	0	0	0	0	0
Scgb2b27	0	0	0	0	0	0
Scgb2b28-ps-001	0	0	0	0	0	0
Scgb2b29-ps-001	0	0	0	0	0	0
Scgb2b3	0	0	0	0	0	0
Scgb2b30-001	0	0	0	0	0	0
Scgb2b31-ps-001	0	0	0	0	0	0
Scgb2b32-ps-001	0	0	0	0	0	0
Scgb2b33-001	0	0	0	0	0	0
Scgb2b4-ps-001	0	0	0	0	0	0
Scgb2b5-ps-001	0	0	0	0	0	0
Scgb2b6-001	0	0	0	0	0	0
Scgb2b7	0	0	0	0	0	0
Scgb2b8-ps-001	0	0	0	0	0	0
Scgb2b9-ps-001	0	0	0	0	0	0
Scgb3a1	3	12	14	9	11	5
Scgb3a2	0	0	0	0	1	0
Scgn	2677	2540	1795	1722	1913	2285
Schip1	1329	1276	909	798	837	990
Scimp	1	2	4	7	4	8
Scin	20	18	9	13	25	13
Sclt1	1305	1203	966	955	1042	1131
Scly	597	559	428	461	524	529
Scmh1	1012	946	770	691	766	800
Scml2	202	186	141	99	163	130
Scml4	48	38	15	13	21	17
Scn10a	0	1	1	0	0	0
Scn11a	10	9	6	6	7	4
Scn1a	5909	5299	3738	3016	3444	3642
Scn1b	1276	1176	773	595	594	715
Scn2a1	3492	3094	2483	2053	2404	2455
Scn2b	4573	4089	2962	2886	3220	3565
Scn3a	1747	1650	1212	1050	1193	1193
Scn3b	1230	1052	814	881	949	1045
Scn4a	897	762	589	350	510	498
Scn4b	418	382	213	158	169	211
Scn5a	254	242	214	188	190	170
Scn7a	1351	1188	749	574	675	714
Scn8a	4116	3882	3200	2659	3231	3151
Scn9a	375	391	246	151	200	200
Scnm1	1269	1333	959	700	764	792
Scnn1a	4	16	8	6	4	5
Scnn1b	13	10	8	12	12	9
Scnn1g	3	2	2	1	0	5
Sco1	931	940	631	616	727	767
Sco2	603	641	508	465	493	500
Scoc	4504	4427	2928	2010	2196	2394
Scp2	8091	7623	5460	5357	5759	6618
Scp2-ps1-001	0	0	0	0	0	1
Scp2d1	0	0	0	1	1	2
Scpep1	516	537	331	453	487	556
Scpep1os	60	43	34	50	49	62
Scrg1	6	4	6	32	41	52
Scrib	2300	2310	1799	1658	1835	1860
Scrn1	5148	4779	3625	3114	3378	3692
Scrn2	628	543	432	474	503	592
Scrn3	2299	2251	1676	1522	1793	2079
Scrt1	1156	1150	810	678	779	816
Scrt2	161	181	132	118	131	131
Sct	28	18	18	9	15	22
Sctr	0	7	2	3	2	0
Scube1	48	33	31	25	36	35
Scube2	154	183	132	81	111	115
Scube3	592	652	560	498	643	568
Scx	113	110	98	104	97	117
Scyl1	2426	2348	1806	1837	1950	2158
Scyl2	2168	2151	1551	1404	1516	1633
Scyl3	1134	1111	872	788	921	967
Sdad1	1419	1315	940	884	992	1024
Sdc1	41	48	58	37	22	23
Sdc2	2143	2030	1447	1426	1532	1714
Sdc3	4198	4090	3056	3302	3578	3980
Sdc4	3987	3577	2562	2589	2828	3143
Sdcbp	3234	3106	2154	1900	2116	2244
Sdcbp2	65	54	41	36	42	40
Sdccag3	2178	2064	1641	1583	1818	1866
Sdccag8	1424	1384	1028	948	1043	1199
Sde2	1857	1977	1452	1257	1399	1530
Sdf2	2679	2615	1908	1769	1930	2151
Sdf2l1	261	204	148	131	136	178
Sdf4	8658	7950	5859	5624	6256	7122
Sdha	11201	10990	7666	6481	7504	8219
Sdhaf1	1376	1094	858	712	707	838
Sdhaf2	1576	1405	1066	1116	1154	1199
Sdhaf3	695	676	494	493	491	605
Sdhaf4	1286	1205	748	652	742	860
Sdhb	1997	1861	1427	1512	1686	1784
Sdhc	4720	4289	3249	2387	2670	2852
Sdhd	2204	2035	1523	1478	1611	1842
Sdk1	845	864	651	487	581	615
Sdk2	1101	1025	828	688	907	795
Sdpr	233	251	202	98	107	109
Sdr16c5	0	0	0	0	0	0
Sdr16c6	0	0	0	0	0	0
Sdr39u1	2056	1922	1466	1514	1671	1760
Sdr42e1	214	251	177	189	230	260
Sdr9c7	0	0	0	0	0	1
Sds	43	42	36	27	38	41
Sdsl	127	126	67	92	87	91
Sebox	1601	1481	1143	1225	1417	1557
Sec1	94	103	79	38	37	37
Sec11a	1208	1138	890	762	858	892
Sec11c	1239	1146	791	876	895	1027
Sec13	1941	1802	1418	1203	1338	1434
Sec14l1	10003	9183	6973	5706	5990	6734
Sec14l2	2254	2039	1641	1818	2004	2141
Sec14l3	0	0	0	1	5	1
Sec14l4	2	0	1	0	0	1
Sec14l5	42	46	30	32	42	35
Sec16a	5521	5091	4058	3468	4146	4169
Sec16b	30	21	15	20	22	13
Sec22a	2664	2358	1772	1803	2093	2316
Sec22b	4382	4175	3108	2998	3442	3788
Sec22c	1224	1170	869	893	927	1013
Sec23a	5864	5544	4022	3646	4141	4522
Sec23b	2176	2097	1579	1405	1623	1860
Sec23ip	1580	1619	1120	999	1105	1173
Sec24a	1596	1574	1177	1045	1275	1320
Sec24b	1483	1500	1177	1027	1283	1237
Sec24c	5042	4782	3677	3468	3842	4129
Sec24d	413	405	288	110	130	124
Sec31a	3747	3540	2765	2430	2730	2981
Sec31b	42	41	28	30	39	45
Sec61a1	2994	2742	2070	1877	2057	2212
Sec61a2	1343	1377	1015	1184	1375	1380
Sec61b	810	763	577	484	577	631
Sec61g	1618	1581	1121	1023	1086	1287
Sec62	8517	8182	5656	5716	6585	7275
Sec63	3065	2965	2215	2079	2528	2602
Secisbp2	1428	1446	1179	1093	1239	1215
Secisbp2l	6442	5743	4448	5433	6295	6518
Sectm1a	1	1	0	0	0	0
Sectm1b	0	1	0	0	2	0
Seh1l	1827	1582	1162	1266	1434	1613
Sel1l	5968	5460	4248	3599	3932	4267
Sel1l2	1	0	0	2	2	7
Sel1l3	412	390	306	367	460	474
Sele	0	0	0	2	1	2
Selenbp1	519	482	332	338	374	485
Selenbp2	75	77	61	100	122	131
Selk	2478	2354	1632	1692	1780	2080
Sell	6	2	1	1	1	6
Selm	1097	993	739	700	731	784
Selo	1383	1401	1136	1005	1149	1198
Selp	0	0	0	1	0	1
Selplg	62	44	39	25	24	34
Selt	11148	10118	7083	7135	8016	8746
Sema3a	626	611	435	378	403	496
Sema3b	333	362	297	182	212	169
Sema3c	202	337	282	99	254	117
Sema3d	170	159	108	124	167	184
Sema3e	1284	1228	873	557	607	632
Sema3f	4240	3998	3174	3418	3763	3859
Sema3g	109	122	93	82	85	84
Sema4a	422	377	285	305	358	347
Sema4b	895	859	668	875	907	1014
Sema4c	605	511	428	711	763	823
Sema4d	662	601	414	433	481	513
Sema4f	173	196	117	129	148	166
Sema4g	767	750	582	754	795	744
Sema5a	2568	2437	1690	1595	1735	1982
Sema5b	378	340	244	288	290	327
Sema6a	1145	1142	933	716	920	851
Sema6b	1109	986	818	757	753	884
Sema6c	723	757	541	678	775	783
Sema6d	465	464	331	326	347	329
Sema7a	1846	1966	1311	758	908	937
Senp1	1248	1242	889	737	839	887
Senp2	4013	4021	2983	2817	3138	3352
Senp3	2283	2317	1614	1489	1703	1783
Senp5	2058	1860	1419	1183	1267	1349
Senp6	4812	4702	3422	3144	3671	4034
Senp7	2428	2294	1716	1580	1915	2012
Senp8	851	727	509	526	615	670
15-Sep	8656	8194	5760	5572	6002	6571
Sephs1	2020	1861	1340	1407	1511	1704
Sephs2	3290	2928	2055	2499	2634	3139
Sepn1	656	637	432	705	785	771
Sepp1	909	917	585	496	489	479
Sepsecs	1712	1547	1177	1295	1415	1489
1-Sep	28	26	23	16	24	30
10-Sep	581	518	422	421	417	489
11-Sep	2521	2480	1895	1584	1826	1854
12-Sep	0	0	0	0	0	0
14-Sep	0	1	0	0	0	0
2-Sep	6446	6063	4314	4054	4452	4997
3-Sep	4654	4274	3138	3171	3517	3688
4-Sep	5656	5318	4130	4732	4872	5657
5-Sep	3579	3376	2401	2388	2482	2864
6-Sep	1723	1596	1139	1115	1180	1373
7-Sep	11186	10409	7303	6993	7615	8679
8-Sep	4373	4322	3081	2986	3328	3573
9-Sep	681	709	482	459	487	530
Sepw1	4155	3938	3057	3239	3598	3842
Serac1	739	792	593	781	844	809
Serbp1	14247	14184	10381	9651	11295	11895
Serf1	232	213	133	168	172	181
Serf2	7364	7055	5312	5170	5585	6002
Sergef	482	428	332	301	352	374
Serhl	1167	1119	879	973	965	1024
Serinc1	11499	11628	7785	7118	8290	8985
Serinc2	7	7	15	10	6	9
Serinc3	10484	10115	7236	7033	7502	8685
Serinc4	4657	4482	3492	3461	3963	3937
Serinc5	1616	1557	1166	919	1046	1139
Serp1	2696	2546	1801	1811	1971	2159
Serp2	409	378	292	265	312	349
Serpina10	4	5	6	4	8	5
Serpina11	0	0	0	0	0	0
Serpina12	0	0	0	0	0	0
Serpina16	2	2	1	0	0	0
Serpina1a	0	0	0	7	5	12
Serpina1b	0	0	1	22	20	24
Serpina1c	0	0	0	7	6	13
Serpina1d	0	0	0	6	4	8
Serpina1e	0	0	0	9	1	11
Serpina1f	0	0	1	0	0	0
Serpina3a	0	0	0	0	0	1
Serpina3b	1	0	1	4	4	0
Serpina3c	1	1	0	2	2	2
Serpina3d-ps-001	0	0	0	1	0	0
Serpina3e-ps-001	2	0	1	5	5	2
Serpina3f	1	0	0	45	51	38
Serpina3g	19	15	10	97	103	118
Serpina3h	2	1	0	266	327	391
Serpina3i	2	0	0	172	200	208
Serpina3j	0	0	0	0	0	1
Serpina3k	0	0	0	2	0	1
Serpina3l-ps-001	0	0	0	0	0	0
Serpina3m	0	2	0	17	7	7
Serpina3n	344	320	74	189	171	206
Serpina4-ps1-001	0	0	0	0	0	0
Serpina5	0	0	0	0	1	0
Serpina6	0	0	1	0	0	0
Serpina7	0	0	0	0	0	0
Serpina9	0	0	0	0	0	0
Serpinb1-ps1-001	0	2	2	0	0	1
Serpinb10	0	0	1	0	2	2
Serpinb11	3	3	4	0	4	6
Serpinb12	2	2	0	0	0	1
Serpinb13	0	0	0	1	0	0
Serpinb1a	12	10	11	8	8	9
Serpinb1b	62	55	29	34	35	49
Serpinb1c	1	1	0	0	2	0
Serpinb2	0	0	0	0	0	0
Serpinb3a	0	5	3	1	3	5
Serpinb3b	0	0	0	0	0	0
Serpinb3c	0	0	0	0	0	0
Serpinb3d	0	0	0	0	0	0
Serpinb5	2	10	1	1	2	6
Serpinb6a	477	490	334	304	323	338
Serpinb6b	27	26	18	56	51	66
Serpinb6c	9	9	11	4	6	12
Serpinb6d	0	0	0	0	0	0
Serpinb6e	1	3	4	1	1	0
Serpinb7	0	0	0	1	2	2
Serpinb8	91	68	62	18	28	26
Serpinb9	317	308	206	202	227	210
Serpinb9b	0	1	1	0	0	0
Serpinb9c	0	0	0	0	0	2
Serpinb9d	0	0	0	0	0	0
Serpinb9e	0	0	0	0	0	0
Serpinb9f	0	0	0	0	0	0
Serpinb9g	0	0	0	0	0	0
Serpinc1	780	708	627	474	554	565
Serpind1	28	41	37	29	33	31
Serpine1	57	55	45	27	16	26
Serpine2	296	295	216	99	144	158
Serpine3	79	71	72	34	56	67
Serpinf1	112	98	51	39	63	67
Serpinf2	5	4	1	0	2	3
Serping1	243	202	140	64	56	50
Serpinh1	470	492	375	294	291	320
Serpini1	5402	4900	3362	2597	2822	3326
Serpini2	0	0	1	1	0	1
Sertad1	242	215	153	123	150	134
Sertad2	719	798	527	532	592	673
Sertad3	164	172	112	112	112	108
Sertad4	154	157	93	135	133	157
Sertm1	194	164	101	65	91	104
Sesn1	3823	3475	2642	2497	2935	3117
Sesn2	588	584	432	339	318	369
Sesn3	7665	7184	5676	4893	5700	5849
Sestd1	1388	1382	990	879	1099	1078
Set	9244	8959	6155	5950	6869	7313
Setbp1	1446	1460	1123	1073	1191	1239
Setd1a	1420	1393	1141	1116	1241	1191
Setd1b	439	464	345	314	389	336
Setd2	7448	6726	5405	4780	5824	5934
Setd3	5951	5543	4022	3743	4137	4665
Setd4	353	344	259	272	312	304
Setd5	4305	4359	3342	2923	3463	3705
Setd6	576	546	415	353	410	423
Setd7	2291	2293	1652	1501	1678	1834
Setdb1	2487	2314	1865	1769	1873	1966
Setdb2	736	634	485	452	601	628
Setmar	312	369	256	250	293	293
Setx	7337	6862	5314	4618	5504	5644
Sez6	1714	1667	1303	1301	1521	1657
Sez6l	1265	1111	902	715	764	780
Sez6l2	2767	2767	2082	2096	2221	2267
Sf1	3732	3748	2839	2592	2991	3051
Sf3a1	3874	3700	2925	2625	2897	3142
Sf3a2	801	826	581	570	660	658
Sf3a3	2258	2152	1678	1480	1694	1850
Sf3b1	16346	14558	11745	10566	12012	12435
Sf3b2	14608	13601	10467	9713	10464	11426
Sf3b3	6160	5614	4437	3990	4483	4801
Sf3b4	1012	955	703	629	738	776
Sf3b5	796	737	590	503	572	603
Sf3b6	2225	2021	1487	1350	1494	1683
Sfi1	1782	1742	1472	7166	7893	8178
Sfmbt1	1462	1286	963	1009	1043	1115
Sfmbt2	143	183	111	212	215	214
Sfn	37	54	36	17	34	28
Sfpq	10400	9701	8213	7050	8116	8338
Sfr1	3507	3358	2270	2051	2140	2535
Sfrp1	150	219	110	111	147	85
Sfrp2	26	30	14	26	32	22
Sfrp4	19	32	20	12	18	10
Sfrp5	43	30	30	13	14	20
Sfswap	3291	3168	2594	2333	2849	2832
Sft2d1	967	853	677	575	592	643
Sft2d2	1074	1053	806	609	633	686
Sft2d3	918	913	695	695	769	847
Sfta2	0	0	0	3	0	0
Sftpa1	0	0	0	0	0	0
Sftpb	6	3	5	7	6	9
Sftpc	2	1	2	0	4	2
Sftpd	0	0	0	1	0	0
Sfxn1	1137	1049	715	665	772	834
Sfxn2	755	709	607	856	1041	1066
Sfxn3	1654	1711	1271	1243	1424	1512
Sfxn4	669	597	463	564	596	670
Sfxn5	5965	5607	4050	4057	4228	4875
Sgca	4	0	0	1	2	0
Sgcb	1527	1539	1057	1173	1369	1415
Sgcd	35	22	32	26	29	35
Sgce	802	732	506	517	538	593
Sgcg	4	1	6	493	538	653
Sgcz	36	36	29	30	49	56
Sgf29	544	507	369	334	394	449
Sgip1	8920	8962	6826	4259	5950	6692
Sgk1	18963	19032	13907	10090	10352	11533
Sgk2	8	8	3	6	4	8
Sgk3	275	247	192	231	240	232
Sgms1	1223	1224	950	907	1093	1187
Sgms2	122	148	93	77	85	85
Sgol1	44	55	44	23	25	23
Sgol2a	62	66	32	42	38	51
Sgol2b	7	3	2	8	13	13
Sgpl1	1224	1172	844	846	967	1000
Sgpp1	3370	3035	2060	1995	2175	2446
Sgpp2	979	1017	692	619	676	801
Sgsh	456	494	396	1261	1360	1417
Sgsm1	919	885	662	707	807	882
Sgsm2	859	810	618	642	702	768
Sgsm3	941	948	767	627	694	787
Sgta	3122	2923	2289	2086	2217	2494
Sgtb	3923	3510	2590	2856	3132	3426
Sh2b1	1742	1770	1356	1294	1448	1505
Sh2b2	49	35	33	65	74	82
Sh2b3	531	504	415	370	426	421
Sh2d1a	817	758	562	477	445	540
Sh2d1b1	3	6	0	0	0	1
Sh2d1b2	7	15	3	8	12	7
Sh2d2a	22	12	13	68	80	70
Sh2d3c	180	211	149	176	162	181
Sh2d4a	1	6	3	12	4	3
Sh2d4b	63	57	37	40	40	44
Sh2d5	1335	1414	1002	1065	1109	1154
Sh2d6	11	9	7	15	20	12
Sh2d7	66	61	46	31	65	59
Sh3bgr	185	152	125	126	159	164
Sh3bgrl	2931	2804	1848	1712	1911	2180
Sh3bgrl2	9187	8615	6156	6364	7288	7720
Sh3bgrl3	320	319	202	237	316	269
Sh3bp1	2861	2526	1914	2223	2419	2744
Sh3bp2	99	105	71	85	79	78
Sh3bp4	505	460	306	253	327	337
Sh3bp5	445	460	315	290	302	328
Sh3bp5l	2042	2055	1568	1572	1760	1884
Sh3d19	175	201	127	123	147	143
Sh3d21	20	21	24	22	20	25
Sh3gl1	1418	1301	1054	1030	1167	1170
Sh3gl2	5237	5629	3814	3422	4123	4396
Sh3gl3	163	126	96	166	173	190
Sh3glb1	6840	6211	4690	4626	5245	5602
Sh3glb2	1875	1771	1387	1412	1523	1593
Sh3kbp1	1189	1151	821	755	897	944
Sh3pxd2a	1083	1000	803	549	642	637
Sh3pxd2b	557	555	428	433	389	410
Sh3rf1	517	469	371	375	455	500
Sh3rf2	6	3	6	4	5	4
Sh3rf3	216	213	152	139	188	148
Sh3tc1	47	52	48	25	22	22
Sh3tc2	46	65	45	28	38	48
Sh3yl1	700	696	459	652	806	863
Shank1	651	646	554	506	530	518
Shank2	1801	1756	1355	1105	1337	1310
Shank3	536	540	453	354	380	414
Sharpin	1200	1172	952	886	984	1054
Shb	112	126	102	99	111	113
Shbg	1	1	0	2	4	0
Shc1	661	641	494	547	553	579
Shc2	798	710	600	606	616	691
Shc3	291	306	221	195	228	224
Shc4	1297	1179	909	807	874	892
Shcbp1	36	47	28	27	23	29
Shcbp1l	23	18	19	32	43	40
Shd	484	411	289	367	349	389
She	80	114	78	55	52	66
Shf	262	228	172	252	299	313
Shfm1	2173	2019	1600	1452	1637	1681
Shh	178	143	85	95	118	117
Shisa2	681	610	493	177	212	249
Shisa3	1	3	7	5	5	5
Shisa4	2474	2290	1830	472	530	585
Shisa5	424	389	324	243	298	345
Shisa6	155	157	131	162	165	175
Shisa7	167	186	113	147	151	150
Shisa8	271	301	206	205	230	236
Shisa9	721	825	560	434	516	546
Shkbp1	203	221	158	157	203	201
Shmt1	260	251	174	166	180	209
Shmt2	787	824	618	562	652	730
Shoc2	6033	5465	4070	3418	3738	4159
Shox2	10	11	2	6	3	7
Shpk	235	238	184	151	193	253
Shprh	4330	4233	3258	2903	3606	3470
Shq1	387	434	258	268	298	323
Shroom1	57	58	31	33	42	40
Shroom2	3528	3245	2592	2176	2379	2553
Shroom3	2201	2133	1625	1135	1316	1262
Shroom4	202	189	180	127	129	123
Shtn1	1353	1218	874	772	881	976
Siae	387	386	262	181	213	237
Siah1a	2488	2260	1564	1722	1965	2008
Siah1b	265	231	172	174	191	225
Siah2	632	584	387	379	378	421
Siah3	74	76	62	60	71	62
Sidt1	111	121	65	92	107	94
Sidt2	1328	1319	1065	1099	1204	1200
Sigirr	26	15	18	18	16	15
Siglec1	16	10	8	3	3	2
Siglec15	0	0	1	0	0	1
Siglece	12	15	8	4	5	4
Siglecf	9	5	5	50	53	48
Siglecg	1	1	0	0	1	1
Siglech	65	56	37	24	38	32
Sigmar1	615	567	482	397	524	533
Sik1	546	775	558	428	443	490
Sik2	2446	2282	1785	1505	1831	1843
Sik3	2096	2163	1602	1541	1710	1867
Sike1	2765	2546	2000	1834	2192	2211
Sil1	1233	1146	834	835	940	1080
Sim1	1	0	0	0	0	1
Sim2	4	3	1	2	4	0
Simc1	624	638	436	432	534	530
Sin3a	3764	3512	2747	2531	2819	3033
Sin3b	3443	3382	2572	2416	2623	2871
Sipa1	390	328	263	221	223	241
Sipa1l1	2091	2193	1743	1448	1601	1645
Sipa1l2	3678	3385	2805	2368	2661	2880
Sipa1l3	1872	2116	1594	1453	1664	1612
Sirpa	7152	6524	5110	5034	5525	6193
Sirpb1a	0	0	0	0	0	0
Sirpb1b	0	0	0	0	0	1
Sirpb1c	1	2	0	0	0	1
Sirt1	2422	2430	1837	1733	1910	2086
Sirt2	2066	1985	1511	1529	1708	1759
Sirt3	1267	1192	908	954	962	1120
Sirt4	1254	1311	961	773	939	937
Sirt5	368	421	272	277	304	335
Sirt6	321	324	248	238	244	270
Sirt7	1100	1002	788	636	769	751
Sis	2	1	1	2	1	0
Sit1	0	0	0	0	1	0
Siva1	354	321	255	210	244	276
Six1	81	69	45	32	25	32
Six2	12	21	15	9	12	10
Six3	1103	1129	808	773	851	884
Six4	75	71	57	47	50	53
Six5	105	117	65	76	94	87
Six6	2784	2551	1854	1866	1945	2207
Ska1	0	1	0	1	0	0
Ska2	1851	1737	1276	1311	1483	1527
Ska3	25	28	23	20	19	30
Skap1	2	2	6	0	0	2
Skap2	233	258	168	114	175	173
Ski	1258	1177	928	840	938	941
Skida1	5739	5542	4174	3272	3372	3715
Skil	3629	3350	2433	2219	2529	2620
Skint1	0	0	0	0	0	0
Skint10	0	0	0	0	0	1
Skint11	0	0	0	0	0	0
Skint2	0	0	0	0	0	0
Skint3	0	1	3	0	0	0
Skint4	0	0	0	0	0	0
Skint5	0	0	1	0	0	1
Skint6	0	1	0	0	0	0
Skint7	0	0	1	0	0	0
Skint8	0	0	0	0	0	0
Skint9	0	0	0	0	0	0
Skiv2l	2673	2373	1879	1719	1848	1894
Skiv2l-ps1-001	0	0	0	0	0	0
Skiv2l2	4417	4164	3208	2703	3066	3439
Skor1	2	4	4	3	7	5
Skor2	54	41	32	32	44	39
Skp1a	13292	12494	8690	8666	9553	10505
Skp2	563	606	467	445	511	467
Sla	16	20	13	10	11	10
Sla2	1437	1395	1070	1005	1102	1220
Slain1	730	686	520	525	562	629
Slain1os	106	106	84	76	77	101
Slain2	1340	1318	931	860	948	1011
Slamf1	48	41	33	8	5	10
Slamf6	4	2	1	1	3	4
Slamf7	2	0	0	1	0	1
Slamf8	1	1	0	3	3	1
Slamf9	10	13	12	19	16	29
Slbp	1353	1317	1020	931	962	1162
Slc10a1	120	124	81	95	134	111
Slc10a2	2	0	0	0	0	0
Slc10a3	86	90	73	79	74	79
Slc10a4	92	77	78	56	66	88
Slc10a5	37	23	26	32	20	31
Slc10a6	3	3	2	1	2	3
Slc10a7	581	543	442	406	453	445
Slc11a1	26	28	17	6	16	15
Slc11a2	2289	2199	1560	1486	1590	1716
Slc12a1	27	24	15	13	14	10
Slc12a2	2945	2810	2099	2105	2490	2541
Slc12a3	2	3	2	2	1	1
Slc12a4	305	269	189	223	251	275
Slc12a5	15883	14615	11329	10254	11797	12006
Slc12a6	13003	11965	9382	8722	9912	10261
Slc12a7	249	231	198	132	170	171
Slc12a8	32	13	11	6	8	14
Slc12a9	712	762	537	566	654	641
Slc13a1	4	3	9	4	8	4
Slc13a2	0	5	6	1	5	3
Slc13a2os	0	2	1	0	0	1
Slc13a3	41	58	55	29	26	13
Slc13a4	270	247	203	63	60	30
Slc13a5	243	212	167	84	101	125
Slc14a1	544	531	347	237	337	298
Slc14a2	0	0	0	0	0	0
Slc15a1	0	0	1	0	2	2
Slc15a2	1407	1306	1841	943	1032	1198
Slc15a3	289	323	194	211	280	277
Slc15a4	713	702	540	560	563	626
Slc15a5	0	3	0	0	0	0
Slc16a1	18032	16852	12150	12223	13186	15413
Slc16a10	98	100	78	70	67	73
Slc16a11	289	292	221	220	249	246
Slc16a12	174	154	135	42	24	15
Slc16a13	105	139	82	83	121	104
Slc16a14	97	94	68	52	75	78
Slc16a2	333	357	226	159	208	201
Slc16a3	2432	2004	1352	1312	1559	2251
Slc16a4	314	289	212	174	261	235
Slc16a5	40	38	20	18	38	28
Slc16a6	7768	7081	5406	4641	5486	5726
Slc16a7	853	780	546	359	480	474
Slc16a8	90	137	150	60	168	59
Slc16a9	163	163	143	84	128	77
Slc17a1	338	332	296	204	240	241
Slc17a2	180	149	135	68	133	84
Slc17a3	456	474	333	219	258	286
Slc17a4	499	534	496	287	328	299
Slc17a5	573	515	374	492	545	607
Slc17a6	4177	3859	2622	2156	2551	2702
Slc17a7	46448	45687	35123	33590	35745	40362
Slc17a8	711	646	473	482	590	579
Slc17a9	24	15	13	17	31	18
Slc18a1	50	43	37	32	48	57
Slc18a2	547	544	372	566	667	679
Slc18a3	206	211	178	167	158	197
Slc18b1	468	529	386	349	398	415
Slc19a1	637	654	510	511	554	513
Slc19a2	760	793	519	473	471	591
Slc19a3	40	37	35	24	30	27
Slc1a1	1972	1839	1436	1352	1573	1634
Slc1a2	18253	16557	13910	10844	13110	13450
Slc1a3	9075	8483	6057	5906	6135	6965
Slc1a4	777	711	595	317	406	433
Slc1a5	362	285	249	209	258	265
Slc1a6	164	128	132	118	109	141
Slc1a7	4193	3822	3185	3119	3418	3714
Slc20a1	5362	5161	3714	3647	4044	4322
Slc20a2	1612	1459	1034	825	873	957
Slc22a1	1	1	0	0	4	2
Slc22a12	10	10	2	6	3	2
Slc22a13	5	8	8	1	5	3
Slc22a14	0	1	0	2	0	2
Slc22a15	456	432	341	351	383	405
Slc22a16	0	0	0	0	0	0
Slc22a17	4531	4225	3174	3487	3705	4078
Slc22a18	6	8	8	0	5	2
Slc22a19	0	0	0	0	0	0
Slc22a2	0	1	1	1	0	0
Slc22a20	0	0	0	0	0	0
Slc22a21	85	89	71	38	58	70
Slc22a22	0	0	0	0	0	0
Slc22a23	759	709	526	537	629	693
Slc22a26	0	0	0	0	0	0
Slc22a27	8	6	6	12	20	17
Slc22a28	96	69	64	37	54	52
Slc22a29	180	169	133	197	261	262
Slc22a3	2	0	0	0	0	1
Slc22a30	145	121	132	122	197	171
Slc22a4	39	29	15	28	28	30
Slc22a5	411	381	301	265	307	348
Slc22a6	0	0	1	0	0	0
Slc22a7	11	11	11	7	15	5
Slc22a8	118	159	119	57	67	55
Slc23a1	115	113	87	105	107	94
Slc23a2	6259	5789	4291	4007	4523	4954
Slc23a3	23	10	10	9	24	17
Slc23a4	38	41	23	36	26	18
Slc24a1	32760	34902	25981	23688	26498	28099
Slc24a2	4411	4078	3131	2017	2383	2410
Slc24a3	2450	2427	1769	1606	1764	1896
Slc24a4	1476	1498	1172	962	1127	1133
Slc24a5	1636	1650	1167	1213	1312	1407
Slc25a1	411	434	311	273	306	357
Slc25a10	835	743	574	611	651	716
Slc25a11	2800	2637	1928	1910	2097	2350
Slc25a12	2998	3035	2080	1806	2066	2124
Slc25a13	87	81	50	73	55	79
Slc25a14	856	799	548	574	641	730
Slc25a15	433	425	332	337	329	370
Slc25a16	1508	1314	942	900	1082	1179
Slc25a17	1645	1476	1086	1062	1135	1303
Slc25a18	111	81	78	88	124	80
Slc25a19	1957	2022	1411	1144	1386	1328
Slc25a2	43	24	35	24	37	27
Slc25a20	612	595	566	481	474	524
Slc25a21	25	28	20	14	14	11
Slc25a22	3397	3289	2377	2615	2749	2812
Slc25a23	1318	1372	957	999	1118	1205
Slc25a24	128	119	85	79	79	91
Slc25a25	6849	5976	4967	4809	5081	5688
Slc25a26	621	605	448	348	440	517
Slc25a27	1239	1123	919	910	1048	1100
Slc25a28	1080	1072	808	783	825	859
Slc25a29	398	448	306	384	348	360
Slc25a3	8680	8710	6424	6087	6591	7548
Slc25a30	146	163	98	100	135	141
Slc25a31	11	5	8	71	84	109
Slc25a32	582	616	478	421	511	517
Slc25a33	3703	3453	2499	2738	3059	3368
Slc25a34	24	14	18	8	11	13
Slc25a35	1296	1275	992	1130	1204	1396
Slc25a36	3662	3537	2547	2542	3231	3100
Slc25a37	955	947	730	811	862	821
Slc25a38	982	1054	802	632	742	837
Slc25a39	535	559	376	349	395	453
Slc25a4	26790	25096	17853	17621	19056	21887
Slc25a40	454	473	322	338	360	441
Slc25a41	23	27	19	15	26	13
Slc25a42	502	471	390	533	599	607
Slc25a43	5	2	4	6	3	6
Slc25a44	765	918	555	547	600	637
Slc25a45	43	52	39	37	20	46
Slc25a46	2941	2687	1982	1860	2110	2344
Slc25a47	203	169	118	69	91	69
Slc25a48	2	6	5	3	3	6
Slc25a5	10399	9986	7450	7347	7731	8826
Slc25a51	1816	1820	1356	1155	1237	1375
Slc25a53	211	181	150	137	155	168
Slc25a54	3	1	0	2	1	1
Slc26a1	138	161	116	103	108	104
Slc26a10	39	31	28	26	33	33
Slc26a11	317	295	231	311	335	338
Slc26a2	5055	4658	3561	3101	3540	3771
Slc26a3	0	2	1	4	0	2
Slc26a4	580	478	447	43	34	18
Slc26a5	0	1	2	1	1	0
Slc26a6	613	659	487	459	507	558
Slc26a7	141	180	148	83	211	104
Slc26a8	96	93	79	62	72	78
Slc26a9	0	1	0	3	10	22
Slc27a1	2240	2084	1586	1661	1820	1779
Slc27a2	18	20	15	35	48	42
Slc27a3	120	118	100	95	97	96
Slc27a4	2027	1948	1453	1475	1642	1756
Slc27a5	10	13	7	11	16	12
Slc27a6	114	106	79	56	61	52
Slc28a1	9	2	2	1	3	3
Slc28a2	1	1	0	3	4	2
Slc28a3	5	10	14	4	4	7
Slc29a1	539	494	379	284	357	417
Slc29a2	825	820	637	510	590	626
Slc29a3	233	191	152	143	143	164
Slc29a4	263	268	190	150	162	197
Slc2a1	8416	7914	5814	5535	6073	7050
Slc2a10	8	9	12	9	2	2
Slc2a12	473	497	362	316	394	378
Slc2a13	2224	2049	1536	1288	1445	1610
Slc2a2	16	11	12	10	8	11
Slc2a3	4183	3830	2822	2711	2937	3435
Slc2a4	35	39	34	31	31	29
Slc2a4rg-ps-002	192	204	161	199	223	193
Slc2a5	20	15	17	11	7	12
Slc2a6	274	256	189	179	218	206
Slc2a7	0	0	0	0	0	0
Slc2a8	500	410	343	344	361	395
Slc2a9	21	28	21	16	14	25
Slc30a1	2515	2364	1734	1383	1507	1646
Slc30a10	184	146	139	103	137	138
Slc30a2	25	26	23	8	10	10
Slc30a3	55	45	46	40	50	50
Slc30a4	4578	4144	3097	3082	3339	3739
Slc30a5	3428	3206	2403	2230	2388	2763
Slc30a6	516	560	366	338	390	438
Slc30a7	1375	1368	1011	1033	1218	1268
Slc30a8	3	0	0	1	3	5
Slc30a9	9193	8768	6241	6671	7323	8438
Slc31a1	1300	1257	925	880	1076	1133
Slc31a2	5165	5241	4289	3721	4145	4368
Slc32a1	2352	2383	1694	1420	1562	1793
Slc33a1	2127	1975	1498	1463	1594	1703
Slc34a1	1	0	0	0	0	0
Slc34a2	5	7	18	2	5	8
Slc34a3	0	0	0	1	3	2
Slc35a1	997	963	714	720	746	808
Slc35a2	711	656	520	480	569	552
Slc35a3	2321	2235	1687	1613	2037	2133
Slc35a4	1281	1193	918	866	904	1012
Slc35a5	1848	1745	1218	1101	1236	1440
Slc35b1	1529	1344	1053	1012	1121	1256
Slc35b2	726	712	575	489	471	559
Slc35b3	439	477	330	298	399	387
Slc35b4	1524	1471	1058	987	1020	1188
Slc35c1	212	225	138	133	154	154
Slc35c2	1149	1124	798	864	858	970
Slc35d1	249	271	246	182	211	241
Slc35d2	14	12	4	4	9	6
Slc35d3	141	109	77	78	64	79
Slc35e1	2612	2558	1998	1696	1667	1825
Slc35e2	3336	3248	2487	2301	2567	2779
Slc35e3	1231	1143	846	742	859	877
Slc35e4	1366	1168	979	1066	1157	1356
Slc35f1	1785	1651	1110	928	1133	1197
Slc35f2	83	88	79	55	65	63
Slc35f3	39	61	34	25	37	27
Slc35f4	168	190	124	90	115	121
Slc35f5	796	741	588	567	627	692
Slc35f6	887	927	655	618	660	778
Slc35g1	461	395	283	269	303	320
Slc35g2	1007	880	655	663	773	845
Slc35g3	20	25	17	25	21	32
Slc36a1	962	884	663	507	562	623
Slc36a1os	0	0	0	0	2	1
Slc36a2	3	2	0	0	1	0
Slc36a3	0	0	0	0	1	0
Slc36a3os	0	0	0	0	0	0
Slc36a4	2597	2426	1733	1619	1747	2004
Slc37a1	40	30	29	31	27	30
Slc37a2	136	130	111	63	83	79
Slc37a3	971	983	746	633	737	756
Slc37a4	1044	921	676	677	748	908
Slc38a1	9056	8581	6345	8510	9554	9814
Slc38a10	2992	2798	2145	2267	2481	2774
Slc38a11	21	28	20	12	12	20
Slc38a2	4154	4180	2827	2767	2902	3008
Slc38a3	16342	15447	12146	10344	11392	12386
Slc38a4	8	8	4	4	6	7
Slc38a5	25	24	27	16	15	31
Slc38a6	940	941	789	783	855	897
Slc38a7	735	675	517	537	570	604
Slc38a8	26	26	14	7	1	4
Slc38a9	3450	3266	2563	1880	2281	2377
Slc39a1	1279	1237	867	906	959	1139
Slc39a10	2727	2487	1870	1635	1703	1969
Slc39a11	223	277	185	169	208	181
Slc39a12	120	131	85	104	103	65
Slc39a13	827	810	586	678	702	788
Slc39a14	1314	1269	904	903	999	1101
Slc39a2	148	139	104	51	40	43
Slc39a3	3152	3113	2361	2229	2465	2790
Slc39a4	18	23	18	17	26	24
Slc39a5	45	35	26	25	37	24
Slc39a6	1253	1368	866	851	979	1070
Slc39a7	3499	3348	2434	2464	2610	2957
Slc39a8	49	74	64	33	44	41
Slc39a9	917	1023	724	598	687	767
Slc3a1	1296	1324	884	786	943	978
Slc3a2	3030	2748	2024	2821	3103	3434
Slc40a1	225	220	153	194	193	237
Slc41a1	2320	2166	1618	1394	1588	1895
Slc41a2	529	505	393	340	363	444
Slc41a3	244	219	148	143	145	150
Slc43a1	4	6	4	1	4	0
Slc43a2	1636	1530	1069	1286	1403	1446
Slc43a3	43	41	28	20	19	27
Slc44a1	7444	6562	5066	4769	5288	5638
Slc44a2	803	731	534	550	613	668
Slc44a3	31	41	27	33	35	37
Slc44a4	3	5	8	4	10	3
Slc44a5	99	109	76	59	56	60
Slc45a1	496	442	345	356	329	394
Slc45a2	19	31	13	32	18	7
Slc45a3	19	15	11	3	8	7
Slc45a4	1357	1324	1013	1072	1231	1262
Slc46a1	918	859	752	652	734	818
Slc46a2	7	4	2	2	4	2
Slc46a3	826	780	586	619	725	756
Slc47a1	33	24	19	24	35	51
Slc47a2	79	87	62	59	68	89
Slc48a1	2183	2199	1569	1269	1400	1440
Slc4a1	2	3	0	3	1	1
Slc4a10	9404	8374	6180	5943	6722	7232
Slc4a11	34	48	28	30	50	25
Slc4a1ap	2436	2393	1946	1664	1881	2023
Slc4a2	1088	1043	927	965	1164	1180
Slc4a3	4658	4278	3275	3037	3301	3581
Slc4a4	425	519	348	380	483	419
Slc4a5	1049	1050	816	533	655	576
Slc4a7	16315	15454	11638	11466	13459	14488
Slc4a8	3588	3421	2594	2284	2758	2729
Slc4a9	1	1	2	2	2	2
Slc50a1	467	445	320	356	366	402
Slc51a	37	29	16	18	20	21
Slc51b	1	1	1	0	2	0
Slc52a2	488	492	364	368	373	378
Slc52a3	26	29	30	25	19	29
Slc5a1	38	57	41	32	36	51
Slc5a10	6	7	0	9	5	7
Slc5a11	7	6	2	1	2	6
Slc5a12	12	19	14	3	5	9
Slc5a2	338	334	240	252	241	267
Slc5a3	2518	2428	1831	1768	2037	2017
Slc5a4a	0	0	0	0	0	1
Slc5a4b	1	2	1	2	2	3
Slc5a5	213	228	141	52	64	72
Slc5a6	1268	1174	918	883	1032	1105
Slc5a7	903	825	612	530	570	587
Slc5a8	660	569	394	5	5	11
Slc5a9	0	2	3	4	2	3
Slc6a1	16705	15064	11305	12660	13531	15213
Slc6a11	5813	5496	4024	4317	4524	5190
Slc6a12	267	223	164	93	109	131
Slc6a13	563	600	484	81	110	44
Slc6a14	30	45	63	17	33	33
Slc6a15	2344	2106	1465	1315	1461	1526
Slc6a16	10	10	16	8	6	5
Slc6a17	3958	3904	2842	2506	2782	3011
Slc6a18	0	1	1	0	0	0
Slc6a19	33	31	20	31	29	37
Slc6a19os	0	0	0	0	0	0
Slc6a2	25	19	12	11	18	10
Slc6a20a	84	129	112	31	109	41
Slc6a20b	56	52	54	23	54	31
Slc6a21	0	0	0	0	0	0
Slc6a3	3	8	5	5	3	3
Slc6a4	1	0	0	1	1	2
Slc6a5	539	472	351	258	310	361
Slc6a6	71190	64965	49225	48839	53575	56971
Slc6a7	316	289	202	279	258	286
Slc6a8	2052	2051	1519	1494	1629	1704
Slc6a9	8092	7966	6174	5758	6538	6709
Slc7a1	807	876	579	402	544	551
Slc7a10	156	173	120	137	155	165
Slc7a11	672	677	457	885	932	947
Slc7a12	1	1	1	0	0	0
Slc7a13	0	0	0	0	0	0
Slc7a14	2714	2405	1814	1505	1807	1877
Slc7a15	13	8	11	11	9	8
Slc7a2	1438	1302	853	809	890	1022
Slc7a3	154	183	120	92	105	120
Slc7a4	508	528	397	349	371	425
Slc7a5	1603	1644	1197	777	880	995
Slc7a6	1083	1073	728	752	851	849
Slc7a6os	1024	942	675	702	814	882
Slc7a7	150	162	139	75	89	85
Slc7a8	917	926	610	544	578	622
Slc7a9	0	0	0	1	3	1
Slc8a1	3397	3110	2274	1860	2071	2262
Slc8a2	514	468	380	356	397	417
Slc8a3	4777	4481	3356	3350	3570	3787
Slc8b1	240	246	156	151	140	230
Slc9a1	786	826	620	531	635	607
Slc9a2	6	0	6	2	5	5
Slc9a3	19	26	15	19	12	19
Slc9a3r1	540	521	426	378	443	412
Slc9a3r2	605	579	437	351	353	393
Slc9a4	0	3	0	0	2	0
Slc9a5	673	706	528	605	651	677
Slc9a6	2850	2701	2030	1935	2247	2382
Slc9a7	3669	3246	2682	2053	2264	2533
Slc9a8	1570	1475	1197	1082	1266	1230
Slc9a9	377	342	279	172	203	223
Slc9b1	19	28	21	19	12	19
Slc9b2	20	24	18	20	30	15
Slc9c1	0	0	0	0	0	0
Slco1a1	2	4	4	7	7	6
Slco1a4	1020	1011	774	679	799	817
Slco1a5	23	18	16	29	28	30
Slco1a6	1	3	0	3	3	6
Slco1b2	2	0	1	0	1	1
Slco1c1	594	583	449	453	490	499
Slco2a1	7	10	4	6	3	8
Slco2b1	278	295	219	268	287	289
Slco3a1	424	520	317	356	393	447
Slco4a1	3585	3325	2587	2283	2513	2765
Slco4c1	32	36	19	22	27	29
Slco5a1	947	829	660	242	283	343
Slco6b1	0	0	1	0	0	0
Slco6c1	7	3	0	2	3	1
Slco6d1	0	0	0	0	0	0
Slf1	2151	1905	1311	1148	1249	1425
Slfn1	0	0	0	0	0	0
Slfn10-ps	3	2	3	0	1	3
Slfn14	2	2	1	0	0	1
Slfn2	26	22	15	5	3	3
Slfn3	11	13	10	12	12	4
Slfn4	1	2	1	1	1	2
Slfn5	70	82	58	31	37	46
Slfn5os	2	4	2	2	0	4
Slfn8	23	26	10	13	4	7
Slfn9	17	16	9	5	4	8
Slfnl1	5	6	3	3	12	6
Slirp	5586	5120	3826	3751	4051	4729
Slit1	736	683	521	430	460	457
Slit2	6047	5589	4041	3862	4492	4638
Slit3	29	19	9	7	12	15
Slitrk1	355	298	233	234	259	280
Slitrk2	2784	2588	1813	2180	2413	2707
Slitrk3	913	970	687	659	745	796
Slitrk4	436	408	298	248	324	310
Slitrk5	540	540	363	274	330	345
Slitrk6	2295	2083	1432	1701	1819	1987
Slk	6386	6007	4475	3979	4594	4823
Slmap	13825	12596	8915	10058	11055	12769
Slmo1	557	500	387	320	412	422
Slmo2	1331	1310	979	876	901	1011
Sln	0	1	2	0	0	0
Slpi	0	4	3	2	3	3
Sltm	3346	3323	2473	2504	2900	2843
Slu7	2742	2670	1964	1555	1691	1885
Slurp1	277	291	216	192	243	231
Slurp2	1	1	1	2	1	1
Slx	0	0	0	0	0	0
Slx1b	1627	1556	1212	1115	1277	1274
Slx4	1426	1494	1129	1133	1191	1228
Slx4ip	912	894	683	603	668	720
Slxl1	0	0	0	0	0	0
Sly	0	0	0	0	0	0
Smad1	971	988	732	773	793	877
Smad2	3123	3036	2270	2018	2176	2384
Smad3	1461	1323	999	895	930	1031
Smad4	3557	3374	2525	2979	3310	3689
Smad5	3957	3665	2959	2570	2913	3128
Smad6	94	103	63	37	69	71
Smad7	595	568	394	391	412	462
Smad9	411	411	306	321	363	360
Smagp	16	25	18	15	12	22
Smap1	2799	2442	2013	1368	1613	1645
Smap2	1140	1262	716	596	700	689
Smarca1	2272	2124	1463	1208	1355	1604
Smarca2	9667	9258	7252	6830	7329	7929
Smarca4	8649	8066	6395	5722	6266	6681
Smarca5	7956	7474	5608	5515	6088	6528
Smarcad1	2590	2524	1849	1883	2116	2274
Smarcal1	2570	2375	1825	2157	2317	2568
Smarcb1	2728	2665	1953	1927	2081	2388
Smarcc1	1746	1644	1209	1127	1319	1331
Smarcc2	10971	10195	7552	7166	8097	8454
Smarcd1	1464	1472	1092	1059	1131	1272
Smarcd2	918	925	694	616	798	789
Smarcd3	580	563	396	423	489	495
Smarce1	3622	3282	2397	2377	2751	2977
Smc1a	5715	5545	4166	4275	4706	4754
Smc1b	33	27	13	17	12	8
Smc2	508	510	370	425	421	470
Smc2os	24	22	13	5	8	11
Smc3	6307	6366	4539	4493	5204	5318
Smc4	2552	2517	1897	1906	2042	2201
Smc5	4140	3987	3057	2898	3680	3512
Smc6	3325	3244	2258	2191	2596	2804
Smchd1	5514	5046	4070	3793	4434	4597
Smco1	2	1	2	2	1	3
Smco2	0	0	0	0	0	0
Smco3	50	32	25	86	53	95
Smco4	42	48	26	20	17	26
Smcp	0	1	0	0	0	0
Smcr8	2564	2453	1844	1724	1826	2053
Smdt1	2776	2500	2036	1992	1976	2323
Smek1	5112	4819	3550	3433	3893	4104
Smek2	7526	7266	5254	5092	5538	6031
Smg1	9524	8790	7262	6058	7364	7355
Smg5	4613	4631	3473	3268	3490	3759
Smg6	3664	3452	2731	2501	2868	3014
Smg7	5352	5266	4110	3643	4131	4332
Smg8	1074	1058	739	701	659	790
Smg9	980	914	706	552	602	641
Smgc	0	0	0	0	0	0
Smim1	953	978	700	777	804	874
Smim10l1	7750	7615	5040	6074	6703	7481
Smim10l2a	252	249	167	176	218	260
Smim11	547	546	376	416	467	454
Smim12	867	779	595	504	535	664
Smim13	8473	7839	5703	5492	6018	6682
Smim14	3876	3647	2729	2569	2803	3191
Smim15	2121	2058	1474	1283	1436	1592
Smim17	556	541	363	417	445	524
Smim18	204	182	107	97	89	117
Smim19	596	522	407	495	505	583
Smim20	497	526	370	372	376	490
Smim22	2	6	3	4	3	1
Smim23	0	0	0	0	0	0
Smim24	124	131	107	108	109	110
Smim3	63	64	34	41	44	51
Smim4	312	290	213	196	217	256
Smim5	30	45	23	25	20	25
Smim6	40	32	24	18	36	22
Smim7	5502	5172	3902	3270	3529	3870
Smim8	800	759	569	305	347	399
Smim9	2	3	2	1	1	5
Smlr1	3	3	2	5	5	3
Smn1	543	552	379	328	384	420
Smndc1	1248	1266	805	817	889	1002
Smo	776	743	570	555	542	634
Smoc1	657	656	456	418	474	528
Smoc2	87	100	63	58	72	88
Smok2a	1	0	0	0	0	0
Smok2b	1	0	0	0	0	0
Smok3a	0	0	0	0	0	0
Smok3b	0	0	0	0	0	0
Smok3c	0	0	0	0	0	1
Smok4a	13	20	22	9	16	15
Smox	413	422	266	282	335	375
Smpd1	4414	3806	2970	2833	2826	3364
Smpd2	1347	1300	956	928	1034	1111
Smpd3	1459	1425	1068	949	1061	1182
Smpd4	1140	1088	893	770	937	934
Smpd5	105	88	60	62	64	76
Smpdl3a	125	134	107	69	79	79
Smpdl3b	17	4	11	10	4	4
Smpx	8	4	4	3	2	1
Smr2	0	1	0	0	0	0
Smr3a	0	0	0	0	0	0
Sms	5429	5136	3818	3734	4128	4580
Smtn	235	220	184	161	170	160
Smtnl1	0	0	0	1	0	1
Smtnl2	62	57	39	51	37	52
Smu1	3885	3619	2746	2575	2786	3148
Smug1	3251	3077	2447	2108	2574	2579
Smurf1	1538	1415	1067	1145	1266	1246
Smurf2	4216	3722	3010	2733	3202	3404
Smyd1	15	10	7	0	7	5
Smyd2	1073	1022	754	720	760	824
Smyd3	1513	1463	1132	1081	1249	1429
Smyd4	896	827	570	506	590	690
Smyd5	835	831	636	595	690	760
Snai1	2	3	1	5	3	1
Snai2	7	6	8	3	5	9
Snai3	2	6	6	1	4	4
Snap23	815	817	614	592	775	769
Snap25	62531	58818	41507	40784	44782	49502
Snap29	897	934	684	627	658	738
Snap47	4437	4066	3071	2765	3101	3401
Snap91	11709	11216	8256	7721	8522	9333
Snapc1	1174	1233	858	781	882	967
Snapc2	597	628	466	393	402	519
Snapc3	964	923	640	682	783	846
Snapc4	1380	1293	1093	1019	1202	1255
Snapc5	543	630	434	495	523	584
Snapin	2293	2197	1525	1446	1671	1816
Snca	774	750	556	479	536	573
Sncaip	37	45	21	13	17	13
Sncb	3282	3239	2332	2170	2606	2542
Sncg	2428	2279	1446	1827	1868	2069
Snd1	2674	2566	1959	1684	1928	2059
Sned1	2333	2143	1746	824	824	760
Snf8	552	631	435	400	458	464
Snhg11	13253	14150	10084	8029	10086	9024
Snhg7os	0	2	1	0	0	0
Snhg9	112	77	88	53	80	90
Snip1	1368	1310	975	841	876	885
Snn	1429	1383	1015	1185	1171	1407
Snph	1277	1380	1022	859	940	1032
Snrk	16157	14451	11735	12036	13732	15851
Snrnp200	12429	11280	9346	7674	8863	9219
Snrnp25	407	323	284	264	304	333
Snrnp27	1907	1873	1269	1177	1316	1511
Snrnp35	435	418	308	297	340	361
Snrnp40	1233	1209	920	916	914	1122
Snrnp48	875	926	671	692	822	795
Snrnp70	7045	6914	5525	5056	6071	5631
Snrpa	1077	1047	790	716	769	833
Snrpa1	767	837	513	705	774	872
Snrpb	3942	3655	2799	2759	2953	3300
Snrpb2	1029	948	676	732	751	854
Snrpc	1068	1057	805	694	713	850
Snrpd1	1688	1628	1166	989	1085	1310
Snrpd2	2014	2018	1510	1389	1503	1660
Snrpd3	854	947	600	553	602	641
Snrpe	1154	1187	902	749	850	996
Snrpf	684	816	565	442	579	591
Snrpg	957	911	690	650	660	823
Snrpn	9391	8816	6319	5689	6226	7145
Snta1	2177	2132	1606	1198	1250	1423
Sntb1	765	732	558	502	518	597
Sntb2	8068	7387	6201	5612	6347	6258
Sntg1	699	721	499	427	559	603
Sntg2	1766	1664	1333	943	1058	1193
Sntn	0	0	0	1	0	0
Snupn	522	487	399	333	364	398
Snurf	4126	3960	2813	2632	2797	3222
Snw1	7637	6925	5093	4950	5420	6378
Snx1	3063	2933	2096	2266	2345	2717
Snx10	6093	5520	3854	3724	4226	4742
Snx11	1337	1281	983	969	1093	1152
Snx12	2880	2685	1993	2007	2192	2345
Snx13	5206	4987	3635	3462	3708	4248
Snx14	3540	3330	2436	2473	2679	2916
Snx15	818	727	546	616	666	713
Snx16	1371	1345	935	981	1104	1195
Snx17	2343	2169	1694	1488	1740	1853
Snx18	1344	1340	913	802	868	933
Snx19	3938	3587	2868	2417	2752	3050
Snx2	2629	2502	1818	1887	2192	2184
Snx20	14	17	10	12	19	19
Snx21	1332	1236	961	1036	1142	1245
Snx22	2087	1872	1402	1440	1559	1806
Snx24	680	607	435	496	542	577
Snx25	5797	5233	3819	3778	4085	4761
Snx27	3689	3485	2476	2497	2930	3144
Snx29	893	990	783	504	599	590
Snx3	2316	2257	1800	1582	1631	1938
Snx30	1513	1420	1049	992	1103	1235
Snx31	16	13	10	13	13	13
Snx32	1436	1430	1013	1066	1198	1169
Snx33	314	354	221	203	252	270
Snx4	1407	1282	913	882	952	1115
Snx5	2819	2837	1946	2017	2212	2377
Snx6	1635	1601	1161	1104	1265	1331
Snx7	95	125	58	92	86	95
Snx8	1311	1197	920	828	903	993
Snx9	537	568	415	343	426	467
Soat1	1506	1377	1073	759	1010	952
Soat2	2	1	2	0	2	1
Sobp	899	945	620	550	632	669
Socs1	10	18	6	8	11	15
Socs2	312	331	246	257	329	357
Socs3	129	100	73	81	81	59
Socs4	1892	1975	1370	1664	1994	2021
Socs5	2598	2606	1876	1747	2095	2087
Socs6	1733	1581	1186	1231	1432	1457
Socs7	11847	10489	8375	7422	7973	8870
Sod1	3226	3151	2272	2185	2325	2724
Sod2	8667	7833	5531	5482	6145	6561
Sod3	94	100	81	27	12	11
Soga1	430	449	330	334	377	381
Soga3	1516	1371	1053	995	1158	1159
Sohlh1	2	3	1	2	2	1
Sohlh2	0	4	1	1	1	2
Son	25674	23936	18940	15008	17843	17481
Sorbs1	894	811	673	639	693	716
Sorbs2	2280	2124	1678	1229	1485	1415
Sorbs2os	130	151	123	61	112	96
Sorbs3	281	279	198	151	204	208
Sorcs1	2785	2678	2024	1756	1906	1963
Sorcs2	2517	2238	1862	1630	1807	1953
Sorcs3	650	494	425	279	395	404
Sord	627	575	455	435	431	495
Sorl1	4707	4132	3579	3051	3633	3644
Sort1	7425	6873	5277	5166	5580	5931
Sos1	2170	2290	1603	1511	1612	1739
Sos2	2211	2074	1624	1576	1881	1888
Sost	3	5	3	6	6	3
Sostdc1	96	98	73	32	62	44
Sowaha	442	445	309	274	254	326
Sowahb	156	141	123	116	129	168
Sowahc	1053	983	720	776	867	1002
Sowahd	0	0	0	0	0	0
Sox1	1	3	1	3	4	0
Sox10	32	55	20	21	32	17
Sox11	186	182	131	156	172	194
Sox12	557	536	437	465	535	472
Sox13	128	136	118	94	121	114
Sox14	1	0	0	0	0	0
Sox15	85	104	76	106	117	128
Sox17	85	79	66	59	55	69
Sox18	28	31	26	18	19	31
Sox2	1337	1219	805	803	856	987
Sox21	1	1	0	0	0	1
Sox3	5	4	4	0	5	4
Sox30	39	40	25	209	211	226
Sox4	982	1017	697	852	857	1040
Sox5	524	533	356	365	413	465
Sox5it	2	1	1	0	1	0
Sox5os1	16	20	26	14	22	23
Sox5os2	1	3	0	0	0	0
Sox5os3	3	1	0	0	3	0
Sox5os4	0	0	0	0	0	0
Sox5os5	0	0	1	1	0	0
Sox6	972	825	642	634	694	704
Sox6os	11	5	6	5	6	4
Sox7	17	13	10	19	13	8
Sox8	1007	892	667	754	830	928
Sox9	508	493	337	291	370	363
Sp1	3719	3388	2695	2451	3081	2922
Sp100	35	38	34	24	14	27
Sp110	17	19	9	12	8	14
Sp140	176	143	116	170	200	223
Sp2	267	268	204	191	213	210
Sp3	6021	5909	4222	4375	4839	5144
Sp3os	306	266	236	199	260	271
Sp4	9709	9032	6948	6736	7859	8138
Sp5	2	2	0	0	0	0
Sp6	880	740	610	639	771	868
Sp7	69	74	43	25	24	37
Sp8	0	0	0	1	0	0
Sp9	0	5	0	0	0	0
Spa17	127	137	100	81	94	99
Spaca1	9	4	1	2	4	3
Spaca3	0	1	1	0	0	1
Spaca4	1	2	0	2	3	6
Spaca5	8	10	2	4	4	6
Spaca6	139	140	141	117	179	150
Spaca7	0	0	0	0	0	0
Spaca9	6	10	3	9	6	7
Spag1	525	544	402	382	405	416
Spag11a	0	0	0	0	0	0
Spag11b	0	0	0	0	0	0
Spag16	12	3	1	0	2	3
Spag17	149	130	109	96	122	133
Spag17os	0	0	0	0	1	0
Spag4	47	49	39	27	27	28
Spag5	1084	1074	895	906	1194	1008
Spag6	36	21	17	7	5	11
Spag6l	32	23	21	17	18	16
Spag7	1603	1600	1187	971	1084	1285
Spag8	117	107	79	106	142	123
Spag9	15169	14006	10633	9556	10756	11561
Spam1	0	0	0	0	0	0
Spanxn4	0	0	0	0	0	0
Sparc	5856	5613	3739	3260	3477	3638
Sparcl1	9728	9293	6504	6366	6952	7487
Spast	3501	3355	2489	2498	2786	3137
Spata1	3065	2742	2084	1959	2225	2440
Spata13	434	479	292	238	267	311
Spata16	0	0	0	1	1	2
Spata17	20	24	10	6	8	13
Spata18	12	13	5	10	10	8
Spata19	0	3	1	1	1	2
Spata2	1086	1047	804	687	763	848
Spata20	3	10	1	2	3	7
Spata21	10	18	10	10	15	13
Spata22	2	0	0	0	0	5
Spata24	212	193	126	154	177	185
Spata25	14	8	7	8	5	9
Spata2l	230	210	195	153	188	180
Spata3	0	0	0	0	0	0
Spata31	0	0	0	0	0	0
Spata31d1a	0	0	0	2	0	1
Spata31d1b	0	1	0	2	0	2
Spata31d1c	0	0	0	0	0	0
Spata31d1d	2	0	2	2	1	2
Spata32	1	1	2	2	3	6
Spata33	451	477	306	397	416	474
Spata4	28	36	34	29	31	32
Spata45	18	21	14	5	4	7
Spata5	1932	1712	1296	1242	1296	1508
Spata6	464	477	345	146	195	216
Spata7	843	771	654	638	781	760
Spata9	64	55	40	85	110	107
Spatc1	1	3	1	2	1	4
Spatc1l	31	28	26	15	24	22
Spats1	28	34	28	33	44	29
Spats2	1590	1389	1021	998	1087	1251
Spats2l	232	212	156	167	177	191
Spc24	16	21	15	9	12	11
Spc25	5532	4959	3451	5871	6336	7284
Spcs1	1956	1840	1454	1399	1546	1648
Spcs2	3085	3032	2081	1663	1824	2000
Spcs2-ps-001	8	12	6	7	7	7
Spcs3	1552	1435	1036	981	1102	1211
Spdef	13	23	12	17	13	12
Spdl1	65	55	48	46	50	65
Spdya	277	249	199	108	139	122
Spdye4a	1	0	1	0	0	0
Spdye4b	1	4	1	3	7	2
Spdye4c	1	1	3	0	0	0
Specc1	1339	1182	889	893	979	1006
Specc1l	4696	4334	3145	2919	3249	3705
Speer1	0	0	0	0	0	0
Speer2	0	0	0	0	0	0
Speer3	0	0	0	0	0	0
Speer4a	2	4	2	4	4	3
Speer4b	23	33	22	15	33	19
Speer4c	5	0	0	0	0	0
Speer4cos	1	0	0	0	0	0
Speer4d	0	3	0	1	0	1
Speer4e	1	3	0	0	1	0
Speer4f1	0	0	0	0	0	0
Speer4f2	0	0	0	0	0	0
Speer5-ps1-001	0	0	3	0	0	1
Speer6-ps1-001	0	0	0	0	0	0
Spef1	393	391	328	195	272	364
Spef2	126	138	64	120	114	157
Speg	1750	1579	1235	1076	1223	1192
Spem1	39	26	30	23	28	25
Spen	2477	2355	1932	1630	1853	1841
Spert	0	0	0	0	0	0
Spesp1	0	0	0	0	0	1
Spg11	2181	2091	1688	1181	1447	1482
Spg20	1819	1760	1295	1198	1316	1397
Spg21	1718	1660	1150	1080	1241	1301
Spg7	4992	4681	3700	3882	4115	4502
Sphk1	194	161	97	166	190	248
Sphk2	3783	3649	2551	2507	2731	3097
Sphkap	16718	14369	10908	10848	12355	13393
Spi1	7	8	12	4	3	5
Spib	13	5	5	3	4	0
Spic	1	0	1	0	0	1
Spice1	1144	1118	827	852	1004	1103
Spidr	456	479	322	323	337	406
Spin1	4552	4206	3106	2979	3316	3664
Spin2-ps6	0	0	0	0	0	0
Spin2c	88	92	53	71	77	72
Spin2d	0	0	0	0	0	0
Spin2e	0	0	0	0	0	0
Spin2f	0	0	0	0	0	0
Spin2g	0	0	0	0	0	0
Spin4	124	110	66	56	87	90
Spink1	0	0	0	0	0	0
Spink10	32	36	27	21	20	14
Spink11	0	0	0	0	0	0
Spink12	0	0	0	0	0	0
Spink13	30	50	34	14	24	20
Spink14	0	0	0	0	0	0
Spink2	0	2	2	0	1	0
Spink4	2	0	2	1	0	2
Spink5	0	0	0	0	0	0
Spink6	0	0	0	0	0	0
Spink7	1	1	0	2	1	1
Spink8	8	9	7	10	9	10
Spinkl	0	1	3	0	0	0
Spint1	49	64	43	45	31	47
Spint2	1715	1588	1164	860	964	1059
Spint3	0	0	0	0	0	0
Spint4	0	0	0	0	0	1
Spint5	0	0	0	0	0	0
Spire1	3982	3818	2864	2648	2786	3132
Spire2	625	569	495	558	546	588
Spn	4	2	3	0	2	1
Spns1	1640	1460	1143	1139	1188	1409
Spns2	263	307	209	167	214	229
Spns3	4	4	2	0	4	3
Spo11	0	2	0	0	0	0
Spocd1	7	4	1	1	0	1
Spock1	881	922	675	450	499	467
Spock2	16558	15658	11293	10563	11072	12312
Spock3	4100	3604	2376	2540	2686	3147
Spon1	3588	3612	2357	1965	2247	2371
Spon2	124	99	59	133	113	132
Spop	4359	4407	3422	3139	3693	3735
Spopl	2988	2882	2063	1968	2132	2453
Spp1	645	698	283	171	192	201
Spp2	4	1	4	4	4	5
Sppl2a	1923	1764	1281	1383	1667	1653
Sppl2b	1734	1647	1297	1181	1348	1433
Sppl2c	0	0	0	0	0	1
Sppl3	1893	1826	1303	1408	1524	1666
Spr	870	949	664	641	719	809
Spr-ps1	1	3	2	3	4	2
Spred1	6896	5947	4311	3920	4324	4821
Spred2	383	363	309	240	267	265
Spred3	699	693	527	549	632	599
Sprn	799	797	574	612	645	735
Sprr1a	1	0	0	0	0	0
Sprr1b	0	0	0	0	0	0
Sprr2a1	0	0	1	5	5	0
Sprr2a2	0	0	1	3	6	0
Sprr2a3	0	0	0	0	0	0
Sprr2b	0	0	0	0	0	0
Sprr2d	0	0	0	0	0	0
Sprr2e	0	0	0	0	0	0
Sprr2f	0	0	0	0	0	0
Sprr2g	0	0	1	0	0	0
Sprr2h	0	0	0	0	0	0
Sprr2i	0	0	0	0	0	0
Sprr2j-ps	0	0	0	0	0	0
Sprr2k	0	0	0	0	0	0
Sprr3	0	1	0	0	0	0
Sprr4	0	0	0	0	0	0
Sprtn	1264	1365	997	869	995	1052
Spry1	256	251	204	172	181	166
Spry2	2995	2835	2096	2028	2013	2394
Spry3	1461	1049	771	679	738	854
Spry4	365	445	322	250	254	274
Spryd3	3101	3006	2250	2010	2217	2457
Spryd4	466	428	318	296	338	372
Spryd7	2079	1982	1374	1427	1579	1864
Spsb1	43	49	25	15	23	22
Spsb2	344	262	194	236	248	280
Spsb3	2526	2426	1845	1449	1626	1788
Spsb4	324	293	203	202	239	247
Spta1	4	2	0	4	6	2
Sptan1	38096	31954	27769	24258	28336	28221
Sptb	7099	6411	4960	3996	4456	4919
Sptbn1	20374	18436	14660	11975	13486	13871
Sptbn2	4848	4149	3316	2954	3201	3495
Sptbn4	1481	1537	1144	971	1173	1164
Sptbn5	32	30	23	17	21	28
Sptlc1	1483	1299	942	923	1134	1310
Sptlc2	2139	2024	1604	1479	1650	1683
Sptlc3	0	0	0	0	0	0
Sptssa	1665	1624	1150	1207	1283	1518
Sptssb	217	205	137	181	185	192
Spty2d1	2137	2110	1552	1339	1417	1532
Spx	90	95	64	98	86	92
Spz1	0	0	0	0	0	0
Sqle	2484	2400	1717	1762	1994	2169
Sqrdl	44	48	32	42	52	68
Sqstm1	9586	8987	6633	6136	6550	7630
Sra1	3017	2878	2260	2013	2129	2353
Srbd1	963	928	693	571	620	681
Src	1791	1508	1214	1207	1374	1462
Srcap	5172	5507	4281	3582	4429	4227
Srcin1	946	941	692	664	785	729
Srd5a1	372	372	277	195	217	263
Srd5a2	3	3	1	4	0	1
Srd5a3	244	259	166	149	180	201
Srebf1	5362	4426	3414	3464	3789	4000
Srebf2	3199	3116	2184	2000	2357	2376
Srek1	3751	3618	2807	2778	3204	3046
Srek1ip1	1059	1022	745	830	959	1049
Srf	850	867	645	610	666	697
Srfbp1	743	811	608	631	771	849
Srgap1	484	512	390	248	287	258
Srgap2	1588	1563	1149	994	1154	1194
Srgap3	3249	3350	2566	2229	2585	2599
Srgn	63	66	53	41	53	68
Sri	914	843	618	560	661	767
Srl	152	133	117	101	102	104
Srm	346	301	247	299	333	355
Srms	2	3	5	1	6	8
Srp14	2367	2255	1716	1875	2009	2253
Srp19	801	796	568	607	681	709
Srp54a	36259	32874	18451	12789	14109	15594
Srp54b	45184	42093	23957	19214	21243	23296
Srp68	1391	1536	1041	1641	1884	2147
Srp72	5085	4793	3520	3277	3670	4168
Srp9	2414	2212	1570	1012	1118	1320
Srpk1	3232	3087	2313	2086	2482	2498
Srpk2	9403	8304	6325	5742	6629	6961
Srpk3	221	239	182	165	185	205
Srpr	2784	2694	2090	2052	2168	2451
Srprb	3222	3052	2192	2030	2226	2444
Srpx	109	97	79	50	62	59
Srpx2	97	95	52	58	54	76
Srr	2087	2048	1561	1387	1713	1729
Srrd	489	506	359	317	385	390
Srrm1	2344	2312	1675	1582	1918	1876
Srrm2	12185	12095	9833	8353	10150	9427
Srrm3	1601	1712	1236	1213	1359	1413
Srrm3os	37	36	32	27	35	27
Srrm4	1204	1217	986	784	921	914
Srrm4os	495	481	401	307	401	362
Srrt	4830	4386	3430	3457	3683	4001
Srsf1	20756	19964	14971	14863	16715	17687
Srsf10	7274	6829	5002	4478	5010	5618
Srsf11	4272	4421	3266	2929	3304	3515
Srsf12	365	361	222	302	303	313
Srsf2	8950	8575	6206	5562	6118	6631
Srsf3	14574	14000	10524	9708	10643	12086
Srsf4	1800	2135	1355	1355	1557	1539
Srsf5	21564	20611	14685	16255	19228	20311
Srsf6	6577	6666	4826	4924	5734	5960
Srsf7	6929	6599	5120	4645	5452	5900
Srsf9	883	855	595	694	797	776
Srsx	0	4	0	0	1	0
Srsy	0	0	0	0	0	0
Srxn1	2719	2723	1840	1778	1925	2093
Sry	0	0	0	0	0	0
Ss18	1758	1650	1261	1205	1323	1496
Ss18l1	1719	1576	1167	1156	1243	1378
Ssb	8881	8369	5984	5575	6118	6860
Ssbp1	1085	1000	776	788	898	871
Ssbp2	5242	5011	3760	4146	4418	5126
Ssbp3	3354	3175	2151	2675	2856	3190
Ssbp4	2576	2572	1928	1278	1417	1481
Ssc4d	35	41	29	40	55	77
Ssc5d	522	586	405	428	436	465
Ssfa2	1432	1423	1114	853	964	1005
Ssh1	1391	1405	1006	1013	1162	1175
Ssh2	1681	1621	1371	1175	1403	1364
Ssh3	568	555	368	474	467	464
Ssmem1	33	22	27	16	32	26
Ssna1	774	804	527	550	579	674
Sspn	125	158	118	49	53	60
Sspnos	6	6	4	1	3	0
Sspo	228	225	170	193	229	223
Ssr1	9896	9486	6761	6168	7030	7659
Ssr2	1881	1717	1379	1229	1431	1554
Ssr3	7861	7391	5316	5308	5937	6684
Ssr4	1220	1082	835	804	917	1021
Ssrp1	5009	4913	3514	3623	3946	4545
Sssca1	537	545	373	359	432	454
Sst	99	110	38	58	62	102
Sstr1	16	22	11	8	7	8
Sstr2	120	118	88	73	80	92
Sstr3	53	52	32	28	29	21
Sstr4	15	14	6	12	13	17
Sstr5	7	2	4	4	5	9
Ssty1	0	0	0	0	0	0
Ssty2	0	0	0	0	0	0
Ssu2	1	3	0	0	0	1
Ssu72	5283	4818	3680	3175	3423	3845
Ssx2ip	5946	5447	4375	4070	4653	5183
Ssx9	0	2	0	1	2	0
Ssxa1	0	0	1	0	0	0
Ssxb1	1	0	0	0	0	0
Ssxb10	0	1	0	0	1	0
Ssxb2	0	0	0	0	0	0
Ssxb3	0	0	0	0	0	0
Ssxb5	5	1	3	0	12	4
Ssxb6	0	0	0	0	0	0
Ssxb8	0	1	2	2	0	1
Ssxb9	0	0	0	0	1	0
St13	9096	9237	6335	5806	6398	7275
St14	15	28	17	10	11	16
St18	1844	1592	1199	1084	1250	1310
St3gal1	1167	1259	954	873	1055	1094
St3gal2	1018	1063	702	655	801	830
St3gal3	894	807	631	480	578	586
St3gal4	758	771	564	684	787	820
St3gal5	681	693	448	681	678	837
St3gal6	584	567	401	405	439	446
St5	816	818	609	683	762	771
St6gal1	393	406	280	277	276	290
St6gal2	1789	1622	1180	1058	1130	1249
St6galnac1	7	19	20	11	22	13
St6galnac2	1425	1391	1093	954	1124	1146
St6galnac3	137	142	92	73	101	95
St6galnac4	738	704	477	476	548	563
St6galnac5	359	349	269	362	408	398
St6galnac6	3040	2754	2035	1945	2109	2308
St7	411	406	334	428	419	496
St7l	2291	2244	1721	1537	1809	1860
St8sia1	6065	5747	4325	3364	3748	3984
St8sia2	245	215	204	189	260	239
St8sia3	1528	1435	1002	956	1156	1234
St8sia3os	322	320	217	209	234	284
St8sia4	164	148	129	80	91	95
St8sia5	353	345	263	236	275	317
St8sia6	79	106	59	70	75	86
Stab1	253	254	159	144	151	136
Stab2	141	147	105	2566	7873	4755
Stac	64	70	43	33	34	35
Stac2	1291	1210	893	819	895	956
Stac3	75	80	75	46	51	46
Stag1	7548	7193	5271	4804	5177	5755
Stag2	16115	14460	11213	9798	10516	11749
Stag3	445	417	291	307	342	387
Stam	3782	3732	2649	2516	2848	3237
Stam2	3043	2927	2087	2170	2482	2566
Stambp	302	332	234	221	255	256
Stambpl1	183	155	120	126	151	144
Stap1	29	29	25	20	28	22
Stap2	15	31	21	20	17	27
Star	696	619	528	490	523	552
Stard10	2245	2121	1704	1864	2001	2089
Stard13	199	246	161	132	215	167
Stard3	816	825	634	620	658	677
Stard3nl	750	801	565	442	533	574
Stard4	1131	1038	757	1090	1296	1440
Stard5	165	175	128	97	140	145
Stard6	110	93	66	37	36	36
Stard7	13119	12235	9477	9684	10925	11301
Stard8	171	174	137	94	83	94
Stard9	640	547	510	575	733	731
Stat1	2045	2077	1430	1190	1326	1477
Stat2	1355	1408	1007	1016	1085	1122
Stat3	2380	2361	1662	1617	1715	1866
Stat4	11	14	7	9	7	13
Stat5a	224	191	182	186	186	201
Stat5b	2427	2175	1605	1581	1824	2026
Stat6	356	357	183	213	241	216
Stau1	2141	2075	1560	1374	1506	1556
Stau2	2428	2404	1545	1634	1854	2003
Stbd1	133	125	95	86	89	100
Stc1	388	536	377	280	267	285
Stc2	95	96	67	39	56	64
Steap1	17	16	16	8	6	10
Steap2	5233	4791	3413	4877	5733	6298
Steap3	146	136	92	130	119	168
Steap4	43	56	20	13	18	12
Stfa1	2	0	1	0	1	2
Stfa2	0	0	0	0	0	0
Stfa2l1	0	2	0	0	0	0
Stfa3	0	0	1	0	0	0
Stil	5	2	2	4	2	1
Stim1	2397	2121	1673	1592	1788	1982
Stim2	1668	1685	1188	1243	1278	1470
Stip1	5677	5464	3887	3650	3799	4583
Stk10	227	200	159	137	145	178
Stk11	4157	3785	3034	2842	3150	3461
Stk11ip	1582	1581	1201	1081	1178	1238
Stk16	2432	2232	1715	1712	1824	2059
Stk17b	1839	1542	1253	920	969	1135
Stk19	366	359	274	247	268	305
Stk19-ps1-001	2	4	5	3	5	4
Stk24	1957	1805	1277	1206	1360	1463
Stk25	6231	6062	4511	4408	4702	5389
Stk26	41	50	32	25	26	26
Stk3	2291	2116	1464	1679	1853	2063
Stk31	31	24	14	198	167	218
Stk32a	561	525	369	323	436	441
Stk32b	97	91	63	71	69	89
Stk32c	487	481	303	263	299	350
Stk33	30	32	15	25	40	23
Stk35	25711	25789	19782	18514	20189	20937
Stk36	466	466	431	390	474	384
Stk38	1031	1092	882	915	1073	1021
Stk38l	1147	1211	865	628	740	831
Stk39	4157	3830	2945	2411	2742	3074
Stk4	2657	2404	1728	1718	1881	2124
Stk40	1112	1158	885	812	852	873
Stkld1	33	44	25	38	53	43
Stmn1	5483	5063	3461	3506	3724	4198
Stmn2	2336	2198	1521	1331	1505	1616
Stmn3	4610	3963	2863	2679	2780	3294
Stmn4	801	637	457	510	559	651
Stmnd1	1	1	3	0	0	0
Stom	4156	4089	3015	2845	3080	3414
Stoml1	1421	1364	981	895	1093	1092
Stoml2	1835	1657	1299	1167	1295	1458
Stoml3	5	6	4	2	4	3
Ston1	40	41	21	18	23	27
Ston2	330	347	238	176	215	182
Stox1	41	47	35	37	48	47
Stox2	5284	4813	3727	3395	3922	4062
Stpg1	13	13	9	11	12	13
Stpg2	23	25	20	16	13	22
Stpg3	6	3	6	4	6	1
Stra13	351	325	236	227	242	256
Stra6	154	222	205	67	149	72
Stra6l	2	4	2	4	5	1
Stra8	0	0	0	0	0	0
Strada	681	660	600	443	574	493
Stradb	808	680	542	576	634	655
Strap	4750	4470	3215	3059	3407	3709
Strbp	16493	15539	12077	9811	11286	11994
Strc	223	182	145	107	129	165
Strip1	2516	2394	1734	1731	1859	2151
Strip2	5106	4712	3514	3066	3602	3942
Strn	3943	3648	2925	2101	2495	2590
Strn3	7798	7646	5206	5150	5759	6627
Strn4	3571	3347	2400	2542	2645	3024
Stt3a	3457	3371	2573	1758	2095	2203
Stt3b	6940	6800	5016	4839	5279	5775
Stub1	3948	3863	3004	2916	2988	3399
Stum	460	438	346	492	566	608
Stx11	10	15	1	1	2	2
Stx12	4566	4418	3063	3057	3311	3787
Stx16	2488	2614	1918	1796	2225	2138
Stx17	1432	1452	1013	1069	1230	1271
Stx18	1243	1122	862	785	872	1019
Stx19	154	172	132	111	152	122
Stx1a	297	287	205	231	272	245
Stx1b	3932	4002	2859	2308	2633	2878
Stx2	309	262	205	247	269	270
Stx3	32836	31067	23705	22776	24984	27659
Stx4a	552	609	420	439	503	537
Stx5a	2403	2253	1809	1677	1968	1885
Stx6	2709	2482	1896	948	989	1076
Stx7	3698	3617	2334	2364	2805	3153
Stx8	831	853	649	566	570	650
Stxbp1	16381	17599	12775	11104	12502	13251
Stxbp2	953	909	714	714	823	832
Stxbp3	1859	1761	1264	1331	1435	1562
Stxbp4	1402	1351	946	1347	1532	1560
Stxbp5	6379	5975	4529	4012	4737	5012
Stxbp5l	2251	2185	1698	1537	1756	1783
Stxbp6	1035	1002	662	640	654	730
Styk1	2	5	6	6	8	2
Styx	1216	1150	898	780	933	1017
Styxl1	20	25	13	30	29	30
Sub1	6567	6364	4178	4205	4625	5194
Sucla2	5115	4702	3470	3487	3905	4399
Suclg1	2867	2881	2036	1952	2241	2428
Suclg2	364	426	291	227	214	235
Sucnr1	12	7	7	6	3	3
Suco	5694	5206	3952	3817	4262	4773
Suds3	4264	3945	3046	2892	3079	3386
Sufu	806	784	608	575	580	576
Sugct	60	61	32	50	48	47
Sugp1	2023	1807	1400	1563	1816	1880
Sugp2	5866	5742	4480	4812	5335	5548
Sugt1	2405	2234	1617	1461	1623	1826
Sulf1	2437	2488	1894	1568	1800	1905
Sulf2	1505	1540	1175	1328	1510	1599
Sult1a1	211	213	118	123	149	118
Sult1b1	0	0	0	0	0	0
Sult1c1	21	37	38	16	45	15
Sult1c2	0	0	0	0	0	0
Sult1c2-ps1-001	0	0	0	0	0	0
Sult1c2-ps2-001	0	0	0	0	0	0
Sult1d1	0	1	0	0	0	0
Sult1e1	0	0	0	0	0	0
Sult2a-ps1-001	0	0	0	0	0	0
Sult2a-ps2-001	0	0	0	0	0	0
Sult2a-ps3-001	0	0	0	0	0	0
Sult2a-ps4-001	0	0	0	0	0	0
Sult2a1	0	0	0	0	0	0
Sult2a2	0	0	0	0	0	0
Sult2a3	0	0	0	0	0	0
Sult2a4	0	0	0	0	0	0
Sult2a5	2	2	0	0	0	0
Sult2a6	0	0	0	0	0	0
Sult2a7	0	0	0	1	1	1
Sult2a8	0	0	1	0	2	2
Sult2b1	50	43	43	22	27	30
Sult3a1	0	1	0	0	1	0
Sult3a2	0	0	0	0	0	0
Sult4a1	3973	3650	2435	2216	2375	2630
Sult5a1	6	5	3	6	8	6
Sult6b1	9	6	3	7	13	9
Sult6b2	2	6	0	2	1	0
Sumf1	497	540	363	260	299	348
Sumf2	483	475	292	321	394	377
Sumo1	5125	4833	3396	3694	3886	4435
Sumo2	11322	10501	7462	7558	7866	8777
Sumo3	5023	4859	3687	3455	3605	4011
Sun1	3505	3292	2538	2330	2760	2792
Sun2	1202	1256	873	850	970	1046
Sun3	6	10	7	5	6	7
Sun5	0	0	0	0	0	0
Suox	518	448	407	342	349	385
Supt16	8799	8553	6342	4916	6137	6052
Supt20	2755	2884	1999	2049	2478	2406
Supt3	143	182	128	119	126	109
Supt4a	1354	1401	984	946	977	1197
Supt5	4789	4546	3714	3468	3811	4155
Supt6	4677	4313	3481	3031	3585	3659
Supt7l	498	457	320	360	389	359
Supv3l1	1232	1176	855	854	889	1046
Surf1	1386	1369	981	949	947	1119
Surf2	971	939	686	676	703	805
Surf4	3956	3606	2715	2604	2880	3189
Surf6	1417	1628	1159	966	1040	1137
Susd1	31	24	28	20	26	28
Susd2	234	207	154	141	172	166
Susd3	4392	4012	3367	2547	2724	3119
Susd4	1199	1122	861	752	868	948
Susd5	23	30	13	12	24	25
Susd6	1551	1562	1168	1042	1129	1226
Suv39h1	1786	1647	1209	1282	1380	1562
Suv39h2	1858	1824	1514	1917	1921	1997
Suv420h1	4887	4944	3800	3523	4041	4251
Suv420h2	1556	1465	1219	1228	1308	1451
Suz12	9645	9289	6445	6137	6912	7555
Sv2a	10899	11117	7625	7789	8419	9298
Sv2b	35052	33048	25354	22717	23858	27156
Sv2c	1533	1574	1079	678	767	825
Sva	0	0	0	0	0	0
Sval1	0	0	0	0	0	0
Sval2	0	0	0	0	0	0
Sval3	0	0	0	0	0	0
Svbp	204	202	137	195	216	230
Svep1	14	34	18	24	22	15
Svil	2148	2036	1554	1517	1734	1865
Svip	2791	2668	1903	1692	1983	2127
Svop	3350	3216	2494	2575	2697	2966
Svopl	22	24	18	14	13	20
Svs1	0	0	0	0	0	0
Svs2	0	0	0	0	0	0
Svs3a	0	0	0	0	0	0
Svs3b	0	0	0	0	0	0
Svs4	0	0	0	0	0	0
Svs5	0	0	0	0	0	0
Svs6	0	0	0	0	0	0
Swap70	324	318	249	256	282	301
Swi5	2851	2554	1890	1839	2011	2203
Swsap1	1484	1398	1041	908	1028	1143
Swt1	1674	1509	1163	1182	1326	1445
Syap1	2108	2054	1476	1509	1631	1869
Sybu	1813	1559	1158	1304	1417	1619
Syce1	6	19	7	15	13	14
Syce1l	74	74	49	41	58	56
Syce2	165	183	123	94	115	124
Syce3	0	0	0	0	0	0
Sycn	0	0	0	0	0	0
Sycp1	0	0	1	141	192	190
Sycp2	101	107	68	100	131	129
Sycp2l	2	4	4	1	2	1
Sycp3	143	168	94	108	132	138
Syde1	271	264	200	153	191	195
Syde2	170	162	132	125	119	138
Syf2	3218	2988	2298	2263	2379	2743
Syk	13	23	20	21	20	20
Sympk	3783	3624	2907	2726	2923	3247
Syn1	934	978	720	579	734	690
Syn2	1435	1295	1001	819	962	952
Syn3	181	210	162	117	161	174
Syna	6	14	10	12	5	6
Synb	7	6	2	1	2	1
Sync	171	149	114	149	121	138
Syncrip	6240	5843	4294	4037	4650	4891
Syndig1	241	222	146	129	139	180
Syndig1l	318	321	234	204	182	230
Syne1	14222	12400	10467	10563	12378	13107
Syne2	19575	16828	14803	10445	13078	13132
Syne3	3881	3922	3136	2720	3137	3151
Syne4	76	79	65	67	56	49
Syngap1	1133	1170	832	830	904	949
Syngr1	12416	11762	8850	9627	10338	11874
Syngr2	153	137	79	89	107	112
Syngr3	1110	1037	762	922	942	1106
Syngr4	6	12	6	5	8	5
Synj1	8339	7691	5961	5834	7034	6963
Synj2	545	507	402	391	506	541
Synj2bp	2887	3026	1931	1993	2175	2394
Synm	1261	1285	1031	436	528	543
Synpo	153	148	100	91	84	80
Synpo2	1434	1241	1025	1231	1482	1502
Synpo2l	29	19	24	33	28	39
Synpr	12443	11498	7674	7618	8255	9701
Synrg	4167	3992	3046	2496	2708	2830
Syp	34341	33291	23742	23632	24616	27965
Sypl	1372	1300	987	861	1037	1125
Sypl2	43	65	35	39	42	42
Sys1	1877	1862	1345	1286	1294	1489
Syt1	42945	39595	30688	26115	28179	30763
Syt10	299	259	171	261	327	348
Syt11	7101	6400	4770	4429	4800	5238
Syt12	306	314	242	206	231	258
Syt13	3166	2971	2280	2049	2167	2505
Syt14	3038	2952	2235	1983	2286	2307
Syt15	695	618	438	515	525	621
Syt16	437	400	310	341	366	401
Syt17	59	52	34	47	55	54
Syt2	1648	1572	1062	904	1119	1105
Syt3	582	524	382	460	475	526
Syt4	8545	8056	5683	5550	5888	6618
Syt5	433	386	322	323	285	324
Syt6	561	500	423	320	402	440
Syt7	3357	3019	2303	2474	2709	2885
Syt8	0	5	6	2	0	1
Syt9	2218	2098	1524	2051	2285	2519
Sytl1	62	47	45	27	37	28
Sytl2	508	496	343	316	322	320
Sytl3	9	5	13	12	13	19
Sytl4	5	7	5	6	4	3
Sytl5	83	92	62	88	70	77
Syvn1	1566	1499	1218	1127	1181	1273
Szrd1	4047	3720	2809	2423	2507	2783
Szt2	1695	1684	1398	1193	1469	1462
T	0	0	0	0	0	0
TINCR	92	89	82	85	79	67
Taar1	0	0	0	0	0	0
Taar2	0	0	0	0	0	0
Taar3	0	0	0	0	0	0
Taar4	0	0	0	0	0	0
Taar5	0	0	0	0	0	0
Taar6	0	0	0	0	0	0
Taar7a	0	0	0	0	0	0
Taar7b	0	0	0	0	0	0
Taar7c-ps-001	0	0	0	0	0	0
Taar7d	0	0	0	0	0	0
Taar7e	0	0	0	0	0	0
Taar7f	0	0	0	0	0	0
Taar8a	0	0	0	0	0	0
Taar8b	0	0	0	0	0	0
Taar8c	0	0	0	0	0	0
Taar9	0	0	0	0	0	0
Tab1	1366	1139	873	988	1132	1260
Tab2	1665	1672	1256	1278	1402	1589
Tab3	2498	2247	1829	1648	1909	2114
Tac1	620	642	486	389	490	497
Tac2	438	455	335	150	155	172
Tac4	26	33	27	26	32	28
Tacc1	3559	3347	2624	2391	2669	2870
Tacc2	2053	1902	1540	1582	1785	1856
Tacc3	372	389	301	236	282	276
Taco1	426	438	332	296	328	338
Taco1os	77	59	58	50	53	50
Tacr1	299	287	228	258	286	315
Tacr2	6	0	2	8	3	9
Tacr3	1407	1292	778	762	708	896
Tacstd2	6	6	16	2	3	9
Tada1	1495	1436	1098	1032	1214	1376
Tada2a	1201	1106	919	801	963	923
Tada2b	1278	1160	927	805	941	985
Tada3	816	788	625	674	660	806
Taf1	5195	4901	3821	3848	4467	4217
Taf10	4412	4266	3059	2883	3078	3405
Taf11	892	864	619	635	603	688
Taf12	836	885	659	621	645	722
Taf13	503	527	368	378	483	468
Taf15	792	817	678	640	803	709
Taf1a	1057	1054	787	772	834	937
Taf1b	986	998	716	914	1019	1146
Taf1c	459	470	412	343	351	348
Taf1d	1078	1028	723	806	905	921
Taf2	2847	2778	1927	1977	2277	2421
Taf3	913	850	622	598	682	729
Taf4	1945	1944	1374	1340	1408	1523
Taf4b	1515	1443	1037	828	927	973
Taf5	2685	2769	1903	1955	2075	2309
Taf5l	1321	1247	948	961	966	1084
Taf6	1756	1612	1321	1240	1340	1413
Taf6l	1278	1301	1023	1000	1086	1099
Taf7	1963	1918	1404	1337	1381	1610
Taf7l	3	6	9	3	4	1
Taf8	1166	1230	882	981	1085	1200
Taf9	2443	2293	1589	1470	1599	1806
Taf9b	516	465	404	321	398	491
Tagap	434	397	317	322	405	426
Tagap1	1714	1649	1276	982	1195	1295
Tagln	196	256	170	206	178	140
Tagln2	113	114	70	69	74	70
Tagln3	4390	3889	2967	3786	4065	4831
Tal1	19	23	16	8	14	14
Tal2	15	18	5	7	17	10
Taldo1	3924	3840	2842	2770	2709	3245
Tamm41	275	281	214	202	232	248
Tanc1	1652	1592	1148	953	1061	1132
Tanc2	1841	1894	1407	1207	1508	1390
Tango2	577	546	412	324	405	450
Tango6	567	557	492	339	418	378
Tank	1338	1393	989	940	1090	1164
Taok1	16082	14432	11328	9973	11696	11988
Taok2	4562	4515	3297	2976	3303	3501
Taok3	5174	4847	3673	3112	3407	3478
Tap1	144	124	113	91	92	102
Tap2	352	339	258	212	263	272
Tapbp	3056	2886	2126	2007	2144	2415
Tapbpl	244	227	142	118	124	158
Tapt1	6088	5616	4250	4321	4670	5175
Tarbp1	1004	1035	775	744	937	978
Tarbp2	1228	1216	985	944	1001	1026
Tardbp	8433	8696	6380	6480	7794	7887
Tarm1	0	0	0	0	0	0
Tars	2527	2417	1818	1518	1745	1902
Tars2	1320	1285	1011	1010	1121	1094
Tarsl2	1390	1399	1071	1237	1400	1493
Tas1r1	118	98	113	90	104	127
Tas1r2	1	1	0	0	0	1
Tas1r3	390	382	296	318	386	370
Tas2r102	0	0	0	0	0	0
Tas2r103	0	0	0	0	0	0
Tas2r104	0	0	0	0	0	0
Tas2r105	0	0	0	0	0	0
Tas2r106	0	0	0	0	0	0
Tas2r107	0	0	0	0	0	0
Tas2r108	19	12	13	15	15	11
Tas2r109	0	0	0	0	0	0
Tas2r110	0	0	0	0	0	0
Tas2r111-ps2-001	0	0	0	0	0	0
Tas2r113	0	0	0	0	0	0
Tas2r114	0	0	0	0	0	0
Tas2r115	0	0	0	0	0	0
Tas2r116	0	0	0	0	0	0
Tas2r117	0	0	0	0	0	0
Tas2r118	0	0	0	0	0	0
Tas2r119	0	0	0	0	0	0
Tas2r120	0	0	0	0	0	0
Tas2r121	0	0	0	0	0	0
Tas2r122	0	0	0	0	0	0
Tas2r123	0	0	0	0	0	0
Tas2r124	0	0	0	0	0	0
Tas2r125	0	0	0	0	0	0
Tas2r126	3	0	1	2	1	1
Tas2r129	0	0	0	0	0	0
Tas2r130	0	0	0	0	0	0
Tas2r131	0	0	0	0	0	0
Tas2r134	0	0	0	0	0	0
Tas2r135	2	6	1	0	0	3
Tas2r136	0	0	0	0	0	0
Tas2r137	30	26	25	22	28	19
Tas2r138	0	0	0	0	0	0
Tas2r139	0	0	0	0	0	0
Tas2r140	0	0	0	0	0	0
Tas2r141-ps4-001	2	0	2	22	29	38
Tas2r142-ps5-001	0	0	0	0	0	0
Tas2r143	3	1	2	1	0	1
Tas2r144	0	0	0	0	0	0
Tas2r145-ps3-001	0	0	0	0	0	0
Tas2r146-ps1-001	0	0	0	0	0	0
Tasp1	3061	2877	2154	1568	1703	1945
Tat	5	4	3	3	1	2
Tatdn1	586	622	457	443	498	484
Tatdn2	2940	2769	2112	1928	1987	2206
Tatdn3	664	621	523	370	416	444
Tax1bp1	18616	17672	13456	12427	13904	15399
Tax1bp3	172	142	135	116	90	117
Taz	2461	2299	1770	1894	2141	2264
Tbata	1	0	3	2	1	0
Tbc1d1	706	706	569	382	511	438
Tbc1d10a	392	402	336	268	329	340
Tbc1d10b	2169	2017	1573	1544	1749	1834
Tbc1d10c	7	14	5	8	9	11
Tbc1d12	1720	1631	1117	1226	1296	1472
Tbc1d13	1301	1306	914	919	933	1053
Tbc1d14	1301	1434	1007	853	999	1094
Tbc1d15	875	1014	690	639	704	756
Tbc1d16	1209	1211	886	913	928	1081
Tbc1d17	3429	3157	2439	2768	2966	3229
Tbc1d19	1505	1396	1004	1101	1169	1322
Tbc1d2	113	90	105	80	125	84
Tbc1d20	1996	1986	1500	1439	1635	1695
Tbc1d21	0	3	0	0	0	2
Tbc1d22a	907	773	617	559	628	758
Tbc1d22b	1186	1205	831	824	907	1006
Tbc1d22bos	92	99	74	61	80	77
Tbc1d23	3534	3168	2596	2418	2719	2972
Tbc1d24	11481	10393	8131	7827	9066	9109
Tbc1d25	163	183	143	132	129	175
Tbc1d2b	468	487	374	341	404	401
Tbc1d30	3724	3379	2757	2759	3162	3258
Tbc1d31	353	310	225	236	284	267
Tbc1d32	2781	2547	1908	1734	2063	2160
Tbc1d4	667	712	497	410	500	478
Tbc1d5	1183	1179	913	758	875	928
Tbc1d7	536	522	419	404	408	508
Tbc1d8	4827	4439	3642	3371	3697	3872
Tbc1d8b	111	99	81	53	68	76
Tbc1d9	3352	2982	2174	1948	2103	2321
Tbc1d9b	2059	1900	1424	1418	1632	1686
Tbca	2520	2360	1772	1665	1767	2035
Tbcb	1702	1617	1247	1051	1152	1247
Tbcc	1859	1829	1424	1449	1489	1562
Tbccd1	545	532	389	402	455	510
Tbcd	1928	1948	1404	1397	1527	1632
Tbce	2288	2078	1508	1511	1680	1788
Tbcel	2948	2829	2048	1932	2154	2359
Tbck	3294	3062	2467	2063	2370	2576
Tbk1	1968	1818	1320	1383	1535	1697
Tbkbp1	712	707	504	526	570	643
Tbl1x	3869	3569	2737	2448	2744	2949
Tbl1xr1	2874	2529	1916	2161	2328	2424
Tbl2	1841	1733	1343	1215	1293	1534
Tbl3	1127	1064	890	789	850	879
Tbp	2975	2881	2124	1945	2328	2391
Tbpl1	2734	2708	1883	1822	2048	2195
Tbpl2	0	0	0	0	0	0
Tbr1	80	61	39	40	53	61
Tbrg1	1214	1179	783	846	953	1128
Tbrg4	956	897	702	671	738	744
Tbx1	12	16	21	14	11	10
Tbx10	22	21	15	13	20	18
Tbx15	5	7	1	6	9	9
Tbx18	4	4	9	1	2	1
Tbx19	0	0	0	0	0	1
Tbx2	1846	1797	1280	1437	1537	1742
Tbx20	158	176	120	113	100	130
Tbx21	6	8	11	6	6	13
Tbx22	39	41	23	12	6	1
Tbx3	599	492	339	399	440	529
Tbx3os1	60	59	33	50	64	90
Tbx4	0	0	1	0	1	0
Tbx5	103	111	80	86	114	112
Tbx6	39	57	37	33	54	29
Tbxa2r	8	10	5	1	7	5
Tbxas1	17	35	26	15	22	18
Tc2n	83	86	70	19	43	27
Tcaf1	6161	5769	4274	4186	4562	4963
Tcaf2	150	120	68	52	73	85
Tcaf3	2	3	3	1	3	1
Tcaim	1489	1300	1004	897	1074	1188
Tcam1	9	6	6	5	2	7
Tcap	14	12	15	7	10	12
Tcea1	6545	5951	4221	2914	3402	3835
Tcea2	427	341	285	295	367	347
Tcea3	100	96	84	295	281	306
Tceal1	1869	1733	1094	1267	1253	1433
Tceal3	3011	2914	2096	1836	1934	2177
Tceal5	1131	1186	758	727	711	771
Tceal6	1788	1752	1247	1198	1164	1356
Tceal7	391	320	255	211	247	258
Tceal8	1701	1628	1059	964	1147	1190
Tceanc	763	594	503	439	505	562
Tceanc2	973	969	758	603	684	687
Tceb1	3084	2815	2014	1877	2125	2411
Tceb2	2371	2290	1659	1575	1601	1811
Tceb3	3126	3158	2279	2338	2556	2859
Tcerg1	3241	3098	2299	2101	2545	2697
Tcerg1l	91	90	65	45	73	59
Tcf12	3552	3368	2666	2224	2553	2632
Tcf15	3	3	1	0	2	3
Tcf19	78	92	38	42	44	54
Tcf20	74230	73726	53404	49855	57650	63565
Tcf21	0	0	0	0	2	0
Tcf23	0	1	1	1	1	1
Tcf24	132	119	87	324	359	369
Tcf25	13262	12297	9629	9402	10091	10887
Tcf3	895	830	627	642	710	723
Tcf4	7044	6542	4639	4629	5171	5387
Tcf7	53	61	37	51	45	47
Tcf7l1	22	18	25	27	24	30
Tcf7l2	148	174	110	100	108	90
Tcfl5	7	15	17	4	8	7
Tchh	22	21	12	8	12	4
Tchhl1	0	0	0	1	0	0
Tchp	788	932	663	623	688	676
Tcirg1	222	188	160	182	167	182
Tcl1	0	1	0	0	0	0
Tcl1b1	0	0	0	0	0	0
Tcl1b2	0	0	1	0	0	0
Tcl1b3	0	0	0	0	0	0
Tcl1b4	0	0	0	0	0	0
Tcl1b5	0	0	0	0	0	1
Tcn2	597	556	483	529	560	615
Tcof1	1202	1140	857	853	857	993
Tcp1	8001	7409	5444	5164	5681	6491
Tcp10a	11	12	7	4	2	1
Tcp10b	18	13	21	12	4	2
Tcp10c	14	4	10	4	5	5
Tcp11	561	516	434	397	414	495
Tcp11l1	663	676	551	596	703	704
Tcp11l2	1972	1791	1369	1703	1835	1955
Tcp11x2	0	0	0	0	0	0
Tcstv1	0	0	1	0	0	0
Tcstv3	1	0	0	0	0	0
Tcta	2338	2034	1632	1582	1678	1841
Tcte1	257	251	165	198	178	230
Tcte2	73	77	59	40	57	42
Tcte3	189	163	172	385	430	449
Tctex1d1	19	7	2	4	12	8
Tctex1d2	725	647	536	802	955	993
Tctex1d4	7	15	5	3	3	5
Tctn1	1217	1131	965	1065	1118	1261
Tctn3	1011	889	808	719	797	908
Tdg	1913	1863	1291	416	489	495
Tdgf1	6	4	1	2	2	4
Tdh	0	2	0	4	11	9
Tdo2	32	26	19	32	40	48
Tdp1	299	286	212	261	319	346
Tdp2	1072	1075	731	701	917	941
Tdpoz1	0	0	0	0	0	0
Tdpoz2	0	0	0	0	0	0
Tdpoz3	0	0	0	0	0	0
Tdpoz4	0	0	0	0	2	1
Tdpoz5	0	0	0	0	0	0
Tdrd1	3	1	1	1	1	0
Tdrd12	10	10	7	14	17	24
Tdrd3	3525	3259	2468	2294	2603	2801
Tdrd5	90	67	62	41	49	46
Tdrd6	84	86	76	45	65	55
Tdrd7	15311	14404	11573	12621	13734	15091
Tdrd9	563	530	445	443	520	497
Tdrkh	1221	1164	946	836	1008	968
Tdrp	157	148	121	116	119	118
Tead1	499	545	429	365	527	444
Tead2	206	207	141	155	133	156
Tead3	391	346	252	339	388	457
Tead4	5	5	6	1	2	1
Tec	105	84	81	48	45	58
Tecpr1	4751	4322	3268	3110	3133	3521
Tecpr2	4542	4071	3387	3110	3591	3726
Tecr	8025	7246	5549	5739	5897	6740
Tecrl	86	94	79	85	80	90
Tecta	5	7	8	8	6	4
Tectb	34	23	19	28	27	26
Teddm1a	4	3	8	2	0	1
Teddm1b	9	5	4	5	2	3
Teddm2	3343	3099	2436	2092	2156	2385
Teddm3	0	1	0	0	0	0
Tef	10688	10100	7613	6741	7205	8184
Tefm	386	358	269	240	255	298
Tek	337	349	270	181	221	245
Tekt1	47	48	29	22	23	34
Tekt2	4	10	5	2	2	8
Tekt3	0	0	0	0	0	0
Tekt4	12	16	11	1	2	2
Tekt5	27	25	15	18	15	26
Telo2	716	780	607	423	516	526
Ten1	777	723	520	513	547	636
Tenm1	1378	1290	999	651	868	853
Tenm2	1160	1054	948	813	1025	1010
Tenm3	3555	3187	2477	1993	2185	2235
Tenm4	3870	3457	3000	2229	2659	2611
Tep1	998	907	779	611	702	727
Tepp	296	294	240	234	283	304
Terb1	266	257	198	185	232	232
Terb2	0	0	0	0	0	0
Terf1	560	585	411	510	625	669
Terf2	1459	1380	1013	932	1093	1177
Terf2ip	3430	3239	2360	2536	2626	2947
Tert	19	20	16	7	18	23
Tes	264	261	201	135	197	144
Tesc	17	19	11	13	9	7
Tescl	7	2	2	80	65	110
Tesk1	1423	1352	1024	875	961	1067
Tesk2	1108	1048	811	836	895	986
Tespa1	36	33	22	27	35	43
Tet1	1513	1398	1070	1059	1341	1347
Tet2	4486	4124	3430	3096	3711	3796
Tet3	5880	5610	4336	3802	4506	4473
Tex10	1205	1224	960	887	1144	1124
Tex101	0	0	0	0	0	0
Tex11	72	51	36	47	41	80
Tex12	10	8	6	4	13	6
Tex13	0	0	0	0	0	0
Tex13a	0	0	0	0	2	0
Tex14	168	187	122	96	137	127
Tex15	260	257	195	78	78	75
Tex16	0	0	0	0	0	0
Tex19.1	0	1	0	0	0	0
Tex19.2	0	0	0	0	0	0
Tex2	4093	3952	2897	2712	2958	3250
Tex21	3	0	0	1	2	0
Tex22	16	20	11	12	22	16
Tex24	0	0	0	0	0	0
Tex26	15	16	6	9	13	17
Tex261	2502	2447	1843	1877	2099	2290
Tex264	1681	1654	1248	1136	1277	1598
Tex28	332	312	249	114	174	181
Tex29	5	3	2	0	1	5
Tex30	431	428	332	253	280	329
Tex33	1	0	1	0	0	0
Tex35	3	2	2	0	0	1
Tex36	0	0	0	3	2	5
Tex37	1	4	2	5	7	5
Tex38	5	4	5	4	3	7
Tex40	26	34	15	27	25	41
Tex43	5	7	7	5	3	9
Tex9	1311	1269	977	745	878	881
Tfam	1389	1304	925	902	998	1111
Tfap2a	299	283	202	220	280	253
Tfap2b	4130	4137	2753	2790	3016	3227
Tfap2c	434	341	277	416	492	490
Tfap2d	216	182	99	105	108	141
Tfap2e	60	54	27	35	49	39
Tfap4	218	202	138	194	217	192
Tfb1m	255	245	190	214	226	252
Tfb2m	891	924	650	577	677	751
Tfcp2	1250	1255	843	872	1022	1098
Tfcp2l1	35	44	43	21	35	30
Tfdp1	2292	2134	1576	1350	1675	1712
Tfdp2	1309	1214	885	947	907	1067
Tfe3	625	698	499	424	510	518
Tfeb	234	248	178	210	232	233
Tfec	2	1	1	2	0	0
Tff1	1	0	0	3	4	3
Tff2	29	28	15	1	9	5
Tff3	1	0	0	1	0	0
Tfg	2583	2403	1823	1766	1766	2066
Tfip11	1683	1884	1200	1132	1352	1421
Tfpi	36	82	52	37	39	40
Tfpi2	0	5	4	2	2	4
Tfpt	756	748	627	551	607	587
Tfr2	100	85	64	79	101	122
Tfrc	13336	12071	8170	7911	8250	9558
Tg	5	1	3	4	3	7
Tgds	601	644	464	506	577	612
Tgfa	272	264	177	234	236	291
Tgfb1	12	13	15	6	14	15
Tgfb1i1	70	78	52	59	64	57
Tgfb2	3068	2948	2001	1786	1854	2104
Tgfb3	874	783	622	636	663	782
Tgfbi	41	38	34	24	19	22
Tgfbr1	2185	2156	1632	1587	1802	1905
Tgfbr2	292	254	188	160	164	199
Tgfbr3	403	420	307	218	283	281
Tgfbr3l	267	266	225	207	262	255
Tgfbrap1	1962	1881	1560	1395	1550	1651
Tgif1	70	78	63	62	101	88
Tgif2	311	317	265	324	366	355
Tgif2lx1	0	0	0	0	0	0
Tgif2lx2	0	0	0	0	0	0
Tgm1	26	43	12	8	12	9
Tgm2	272	254	210	264	288	315
Tgm3	13	16	9	6	11	12
Tgm4	303	318	227	134	198	163
Tgm5	39	29	23	31	34	28
Tgm6	2	5	1	1	4	3
Tgm7	41	40	26	21	19	15
Tgoln1	7030	6923	4980	4464	4772	5528
Tgs1	1426	1464	1071	1065	1127	1176
Tgtp1	46	31	29	23	12	27
Tgtp2	53	40	32	30	13	25
Th	84	84	69	86	94	109
Tha1	122	98	97	99	115	122
Thada	2830	2655	2163	2252	2533	2656
Thap1	545	527	369	392	417	454
Thap11	1372	1253	951	976	994	1115
Thap2	1086	1058	854	798	803	931
Thap3	385	398	280	306	340	360
Thap4	845	743	579	604	626	693
Thap6-001	403	388	290	140	201	188
Thap7	611	565	401	431	406	474
Thap8	2	6	7	1	4	3
Thbd	162	171	120	90	77	78
Thbs1	182	254	221	177	343	154
Thbs2	40	41	25	21	10	16
Thbs3	121	115	84	105	121	112
Thbs4	11	26	34	18	31	8
Theg	0	1	0	0	0	0
Thegl	0	3	2	4	8	3
Them4	682	600	454	406	402	526
Them5	0	0	0	0	1	0
Them6	665	624	471	425	453	573
Them7	6	5	6	10	4	9
Themis	0	0	1	0	0	1
Themis2	10	11	6	3	7	6
Themis3	0	0	0	0	1	0
Thg1l	556	575	373	553	632	642
Thnsl1	1252	1116	876	853	949	1127
Thnsl2	150	164	105	70	97	86
Thoc1	2852	2636	1889	1937	2138	2364
Thoc2	7750	7546	5585	5392	6187	6198
Thoc3	1709	1701	1250	1187	1194	1407
Thoc5	4459	4104	3360	2985	3256	3391
Thoc6	440	463	338	296	341	329
Thoc7	2081	2066	1486	1616	1752	1995
Thop1	666	630	529	511	524	562
Thpo	32	22	24	22	25	24
Thra	8144	7050	5463	4904	5109	5930
Thrap3	8157	7995	5845	5038	5550	6141
Thrb	4616	4604	3569	2406	2615	2885
Thrsp	717	645	490	348	397	418
Thsd1	212	214	147	115	119	136
Thsd4	392	378	267	281	291	301
Thsd7a	4399	4137	3050	2349	2731	2673
Thsd7b	664	670	518	391	376	465
Thtpa	1774	1830	1305	1235	1469	1428
Thumpd1	2313	2167	1590	1556	1771	2050
Thumpd2	338	309	251	257	331	289
Thumpd3	879	938	685	677	765	842
Thy1	4422	4139	2907	2471	2544	2857
Thyn1	1352	1275	944	851	997	1108
Tia1	4679	4448	3260	3516	4239	4197
Tial1	3746	3891	2779	2672	3352	3368
Tiam1	1465	1305	1029	1106	1243	1358
Tiam2	177	159	127	137	163	156
Ticam1	131	133	104	115	95	118
Ticam2	4	5	2	3	1	2
Ticrr	6	16	9	3	7	11
Tie1	148	161	129	99	105	92
Tifa	345	327	259	294	324	352
Tifab	33	24	23	11	20	22
Tigar	2293	2141	1576	1653	1704	1937
Tigd2	2442	2065	1630	1640	1797	1968
Tigd3	103	88	56	58	56	73
Tigd4	18	24	12	41	68	109
Tigd5	330	302	247	215	243	300
Tigit	1	3	1	0	2	1
Timd2	0	0	0	0	0	0
Timd4	0	1	2	0	0	0
Timeless	360	383	246	276	316	345
Timm10	343	345	263	241	246	303
Timm10b	1411	1397	1040	1005	1079	1109
Timm13	1435	1328	1122	996	988	1135
Timm17a	3306	3200	2240	2172	2474	2612
Timm17b	1009	915	710	661	755	828
Timm21	758	739	529	595	654	711
Timm22	1285	1275	1023	1002	1049	1204
Timm23	2472	2282	1737	1616	1719	1960
Timm44	2422	2423	1867	1850	2022	2093
Timm50	760	767	561	523	576	644
Timm8a1	467	463	344	304	361	386
Timm8a2	1	5	0	1	0	0
Timm8b	2198	2017	1597	1394	1597	1752
Timm9	615	551	452	412	467	523
Timmdc1	996	1003	709	617	690	773
Timp1	5	13	12	8	9	5
Timp2	2335	2337	1749	1508	1624	1780
Timp3	4056	4178	3407	2112	2719	2270
Timp4	102	105	87	58	93	68
Tinag	0	0	0	0	0	0
Tinagl1	69	78	58	42	46	49
Tinf2	1189	1116	785	787	898	995
Tiparp	1297	1136	860	779	759	914
Tipin	903	833	597	717	851	969
Tiprl	1693	1701	1189	1066	1204	1390
Tirap	373	358	255	273	305	322
Tjap1	679	684	497	600	676	674
Tjp1	7340	6698	5047	4413	5062	5494
Tjp2	6624	5817	4669	4649	5083	5556
Tjp3	151	172	130	102	99	134
Tk1	25	18	20	16	22	17
Tk2	1398	1355	1014	1028	1123	1201
Tkfc	460	419	344	281	289	293
Tkt	8935	8178	6061	6392	6398	7549
Tktl1	7	11	8	6	7	8
Tktl2	0	3	1	1	1	0
Tlcd1	5987	5776	4144	4204	4641	5161
Tlcd2	34	24	15	38	51	47
Tldc1	1601	1376	1051	1067	1346	1376
Tldc2	4	1	2	2	4	2
Tle1	1652	1534	1066	951	1047	1251
Tle2	551	577	384	427	500	465
Tle3	1570	1518	1098	1031	1218	1235
Tle4	2770	2745	1892	1801	1930	2034
Tle6	290	286	229	205	214	234
Tlk1	2275	2371	1604	1571	1686	1961
Tlk2	4922	4670	3453	3455	3960	4262
Tll1	727	691	530	590	623	673
Tll2	2	4	2	3	4	0
Tln1	2476	2339	1957	1714	1923	1909
Tln2	10129	9123	7566	6774	8106	8396
Tlr1	4	5	3	3	0	0
Tlr11	0	0	0	0	0	0
Tlr12	2	2	3	1	0	1
Tlr13	24	24	6	15	13	8
Tlr2	26	25	11	11	10	8
Tlr3	238	176	133	129	122	124
Tlr4	46	53	25	20	22	28
Tlr5	2	6	10	2	3	3
Tlr6	3	7	2	4	9	9
Tlr7	13	13	16	5	2	5
Tlr8	2	1	2	0	0	0
Tlr9	8	14	10	6	7	11
Tlx1	0	0	0	0	0	0
Tlx1os	0	0	0	0	0	0
Tlx2	8	6	2	1	6	2
Tlx3	0	0	1	0	0	0
Tm2d1	1298	1263	940	827	1001	1169
Tm2d2	1921	1775	1322	1243	1325	1460
Tm2d3	907	955	631	794	847	936
Tm4sf1	220	239	163	138	142	152
Tm4sf19	0	2	1	0	0	4
Tm4sf20	15	18	17	14	16	10
Tm4sf4	0	0	0	0	0	0
Tm4sf5	2	1	0	0	3	0
Tm6sf1	674	673	472	541	628	673
Tm6sf2	71	90	49	62	62	80
Tm7sf2	870	827	612	619	672	761
Tm7sf3	1522	1585	1090	2360	2453	2900
Tm9sf1	1091	986	769	710	778	894
Tm9sf2	4338	4368	3112	2897	3259	3584
Tm9sf3	11995	11088	8111	7690	8564	9384
Tm9sf4	2208	2012	1529	1433	1731	1854
Tma16	941	874	611	594	666	668
Tma7	42933	40891	30020	34011	36052	40911
Tmbim1	1519	1427	1259	1097	1316	1172
Tmbim4	1316	1186	894	912	1022	1112
Tmbim6	18624	17562	12921	13229	14266	16293
Tmbim7	4	3	3	1	7	2
Tmc1	4	5	2	6	5	5
Tmc2	2	2	0	0	1	0
Tmc3	218	194	174	120	146	131
Tmc4	71	79	60	44	56	50
Tmc5	14	7	12	3	8	9
Tmc6	86	109	72	63	83	53
Tmc7	127	121	89	57	60	64
Tmc8	3	1	3	3	2	1
Tmcc1	2353	2187	1592	1504	1642	1694
Tmcc2	5027	4483	3088	3413	3786	4157
Tmcc3	1226	1292	841	718	842	905
Tmcc3os	11	11	11	10	6	7
Tmco1	1582	1530	1074	1123	1220	1324
Tmco2	0	1	1	0	0	0
Tmco3	1023	887	805	699	777	816
Tmco4	49	43	41	25	23	19
Tmco5	2	1	3	2	0	1
Tmco5b	0	0	2	0	0	0
Tmco6	620	644	481	428	514	526
Tmed1	803	721	608	672	683	714
Tmed10	4503	4452	3161	2890	3323	3667
Tmed11	0	0	0	0	0	0
Tmed2	7399	6569	4741	4400	4961	5550
Tmed3	999	927	681	606	719	822
Tmed4	2866	2634	1980	1954	2198	2411
Tmed5	1433	1399	947	1031	1197	1239
Tmed6	0	0	1	3	2	4
Tmed7	2420	2251	1596	1457	1578	1882
Tmed8	2518	2486	1957	1907	2081	2278
Tmed9	2596	2614	1850	1682	1875	1921
Tmeff1	1291	1206	902	975	1057	1258
Tmeff2	424	401	284	214	227	263
Tmem100	5	8	4	6	10	9
Tmem101	914	819	627	713	740	822
Tmem102	58	53	39	31	49	45
Tmem104	239	245	180	174	182	218
Tmem106a	61	77	49	32	35	26
Tmem106b	10084	9121	6658	6573	7174	7992
Tmem106c	2932	2707	2141	2177	2393	2554
Tmem107	762	710	586	603	556	648
Tmem108	1271	1117	825	911	1066	1125
Tmem109	1040	1032	742	740	761	854
Tmem11	741	758	579	516	580	616
Tmem110	848	833	642	614	631	701
Tmem114	8	8	3	2	5	7
Tmem115	1142	1138	830	805	815	943
Tmem116	675	639	457	402	471	498
Tmem117	309	260	186	214	264	267
Tmem119	53	51	33	24	27	23
Tmem120a	344	342	291	216	235	252
Tmem120b	143	136	116	88	98	135
Tmem121	116	132	100	79	105	88
Tmem123	928	804	590	615	688	741
Tmem125	3	5	2	2	0	2
Tmem126a	917	913	679	641	736	795
Tmem126b	1367	1435	991	923	969	1159
Tmem127	4159	4254	3043	2796	3065	3224
Tmem128	1236	1226	889	783	914	1022
Tmem129	1023	928	727	680	698	845
Tmem130	2998	2862	2094	2001	2017	2367
Tmem131	1900	1751	1441	1187	1521	1468
Tmem132a	3009	2774	2097	2409	2562	2935
Tmem132b	1551	1486	974	647	678	747
Tmem132c	682	640	462	637	659	740
Tmem132cos	2	4	1	1	1	2
Tmem132d	1483	1295	1001	1142	1288	1391
Tmem132e	640	546	442	329	314	358
Tmem135	2969	2856	1957	2024	2192	2475
Tmem136	5308	6052	3996	4772	5441	5773
Tmem138	996	956	761	854	874	994
Tmem139	17	12	10	13	7	18
Tmem140	166	153	92	71	102	116
Tmem141	313	300	214	260	284	315
Tmem143	816	748	595	698	771	861
Tmem144	58	87	53	158	178	210
Tmem145	1109	1055	816	952	1147	1139
Tmem147	1530	1493	1101	948	1046	1118
Tmem147os	492	475	336	292	317	336
Tmem14a	477	468	318	305	363	422
Tmem14c	981	947	694	676	750	767
Tmem150a	914	894	627	677	748	805
Tmem150b	751	717	507	486	550	569
Tmem150c	4994	4893	3504	2865	2994	3331
Tmem150cos	1249	1199	820	622	678	732
Tmem151a	534	560	393	356	375	416
Tmem151b	1095	1102	747	736	786	968
Tmem154	10	14	14	7	10	10
Tmem156	1	0	2	4	5	7
Tmem158	46	58	45	36	25	36
Tmem159	582	553	416	227	241	266
Tmem160	369	320	242	218	244	270
Tmem161a	895	801	661	692	797	775
Tmem161b	1777	1634	1150	1063	1289	1451
Tmem163	868	827	547	503	566	626
Tmem164	940	926	652	631	717	752
Tmem165	1695	1636	1174	1056	1113	1202
Tmem167	6469	6249	4576	4446	5056	5443
Tmem167b	3360	3372	2359	2212	2348	2713
Tmem168	2211	2150	1534	1470	1698	1853
Tmem169	842	802	526	601	622	770
Tmem17	419	446	299	296	385	389
Tmem170	573	528	390	413	443	453
Tmem170b	6158	6069	4232	4243	4558	4809
Tmem171	0	0	0	0	0	0
Tmem173	20	19	7	11	9	8
Tmem174	0	0	1	2	0	0
Tmem175	1088	1019	772	821	893	953
Tmem176a	363	366	234	228	236	239
Tmem176b	736	690	484	426	422	485
Tmem177	498	506	397	320	389	414
Tmem178	239	232	158	146	157	175
Tmem178b	556	510	399	366	393	453
Tmem179	1613	1420	1000	1439	1468	1779
Tmem18	1952	1889	1321	1034	1147	1239
Tmem181a	3998	3744	2918	2454	2832	2883
Tmem181b-ps	1476	1414	1145	1753	1899	1962
Tmem181c-ps-001	420	378	371	972	1062	1117
Tmem182	1	0	0	0	0	2
Tmem183a	3521	3288	2387	2419	2737	2858
Tmem184a	44	47	28	32	40	38
Tmem184b	751	732	597	507	602	644
Tmem184c	3346	3130	2233	2105	2482	2540
Tmem185a	2283	2306	1594	1476	1678	1948
Tmem185b	655	612	440	433	416	531
Tmem186	1074	1146	798	818	928	1019
Tmem189	533	568	400	298	367	354
Tmem19	1108	1110	838	765	752	820
Tmem190	20	10	12	19	16	14
Tmem191c	1048	1075	781	814	887	990
Tmem192	453	426	331	317	402	437
Tmem196	321	296	225	154	184	190
Tmem198	499	461	352	329	395	383
Tmem198b	343	293	231	273	306	292
Tmem199	1328	1215	897	978	975	1112
Tmem2	1024	1037	778	734	716	852
Tmem200a	780	696	492	457	478	544
Tmem200b	64	67	64	64	58	57
Tmem200c	626	603	457	562	669	743
Tmem201	2321	2321	1859	1789	2079	2238
Tmem202	31	24	23	18	14	31
Tmem203	274	236	151	230	268	307
Tmem204	128	114	112	89	75	128
Tmem205	315	336	272	241	260	277
Tmem206	454	450	273	313	344	354
Tmem207	1	2	3	0	3	1
Tmem208	1178	1117	830	733	851	941
Tmem209	1940	1845	1342	1252	1435	1521
Tmem210	16	17	10	9	21	14
Tmem211	3	2	3	3	1	0
Tmem212	0	0	0	0	0	0
Tmem213	9	1	7	1	6	5
Tmem214	2306	2170	1843	1684	1911	2044
Tmem215	3806	3386	2298	2675	2946	3375
Tmem216	909	949	666	639	721	799
Tmem217	3	1	1	5	3	3
Tmem218	1497	1476	1115	943	1083	1174
Tmem219	447	378	295	273	320	319
Tmem220	19	19	14	12	26	23
Tmem221	11	14	13	6	9	6
Tmem222	2166	1957	1652	1439	1494	1793
Tmem225	0	0	0	0	0	0
Tmem229a	309	314	216	183	191	261
Tmem229b	4485	4334	3345	3721	4086	4612
Tmem229b-ps	37	27	20	16	23	25
Tmem230	2499	2465	1783	1974	2145	2386
Tmem231	883	893	699	623	723	751
Tmem232	25	23	19	13	29	18
Tmem233	2	1	0	40	51	44
Tmem234	2455	2319	1695	1811	2001	2243
Tmem235	44	38	20	40	54	63
Tmem236	17	9	8	5	7	6
Tmem237	4077	3692	2808	4307	4833	5292
Tmem238	36	46	25	37	46	35
Tmem239	14	13	16	12	14	17
Tmem240	499	431	317	348	359	429
Tmem241	423	410	274	297	328	356
Tmem242	1506	1360	973	847	899	1048
Tmem243	955	901	602	739	862	925
Tmem245	2451	2552	1969	2024	2607	2466
Tmem246	886	811	591	469	496	611
Tmem247	0	0	0	0	1	1
Tmem248	2484	2425	1777	1634	1784	2082
Tmem25	853	756	589	513	534	565
Tmem251	739	709	509	484	524	552
Tmem252	14	21	4	3	16	8
Tmem253	254	261	235	188	235	180
Tmem254a	370	472	268	156	196	263
Tmem254b	469	595	331	204	258	347
Tmem254c	451	590	324	201	248	333
Tmem255a	901	843	573	578	612	699
Tmem255b	154	126	97	126	136	154
Tmem256	739	722	489	521	512	576
Tmem258	1218	1080	872	744	795	915
Tmem259	2571	2388	1959	1813	1990	2203
Tmem26	55	77	44	12	18	8
Tmem260	1746	1814	1427	922	1095	1125
Tmem261	819	785	618	597	594	694
Tmem262	128	125	88	77	105	100
Tmem263	2814	2582	1887	1780	1956	2291
Tmem265	180	172	151	135	132	142
Tmem266	781	777	569	591	619	669
Tmem267	778	697	626	253	278	297
Tmem268	321	321	246	191	206	203
Tmem27	154	183	173	160	241	147
Tmem28	170	201	131	144	179	176
Tmem29	447	425	305	333	389	388
Tmem30a	12084	11790	8388	8849	9920	10955
Tmem30b	1	3	3	1	1	4
Tmem30c	7	17	15	12	10	13
Tmem33	5259	5101	3593	3382	3884	4333
Tmem35a	2061	1893	1367	1756	1821	2169
Tmem35b	496	500	387	354	403	443
Tmem37	26	38	17	11	21	17
Tmem38a	1210	1216	823	846	982	1063
Tmem38b	440	423	283	185	228	276
Tmem39a	521	542	414	413	494	473
Tmem39b	156	192	155	99	79	99
Tmem40	4	8	1	4	2	5
Tmem41a	396	366	274	295	348	393
Tmem41b	3284	3156	2276	2042	2338	2712
Tmem42	641	655	493	390	428	464
Tmem43	1178	1132	837	760	808	861
Tmem44	46	35	42	35	52	28
Tmem45a	3	7	1	3	2	4
Tmem45a2	2	1	0	0	1	1
Tmem45b	18	16	15	10	19	13
Tmem47	1626	1539	1026	883	972	1025
Tmem5	1239	1239	877	923	1064	1134
Tmem50a	3122	2899	2170	2084	2232	2543
Tmem50b	2821	2556	1813	1932	2051	2367
Tmem51	120	136	90	111	116	129
Tmem51os1	16	17	6	42	48	46
Tmem52	2	0	2	1	2	0
Tmem52b	0	0	0	0	0	1
Tmem53	108	131	84	133	113	131
Tmem54	276	275	193	225	234	235
Tmem55a	1427	1417	925	918	1029	1129
Tmem55b	2644	2489	1791	1687	1884	2066
Tmem56	1234	1279	956	660	753	683
Tmem57	4726	4734	3389	3245	3537	3948
Tmem59	6259	5945	4190	4410	4632	5194
Tmem59l	3313	3158	2372	1173	1261	1389
Tmem60	729	684	519	489	565	607
Tmem62	1039	934	744	569	651	762
Tmem63a	71	98	66	77	81	76
Tmem63b	4355	4148	3188	3262	3715	4045
Tmem63c	770	784	569	621	686	660
Tmem64	912	833	580	586	600	672
Tmem65	3482	3124	2102	2179	2394	2655
Tmem67	1432	1427	1123	1135	1175	1384
Tmem68	1488	1574	1061	889	991	1088
Tmem69	505	525	364	331	396	421
Tmem70	956	930	680	571	635	747
Tmem71	44	36	26	27	48	40
Tmem72	258	257	255	139	236	164
Tmem74	131	123	94	45	53	57
Tmem74b	109	121	74	83	105	102
Tmem74bos	5	8	5	3	2	3
Tmem79	96	111	80	94	93	113
Tmem8	981	963	692	618	730	822
Tmem80	804	786	531	607	718	686
Tmem81	160	126	107	101	108	132
Tmem82	7	6	6	3	4	3
Tmem86a	298	253	164	211	246	235
Tmem86b	313	281	228	289	267	280
Tmem87a	3242	3153	2314	2396	2623	2821
Tmem87b	3406	3189	2388	2563	2950	3291
Tmem88	447	414	321	261	330	336
Tmem88b	30	21	21	35	53	62
Tmem89	3	1	3	4	7	2
Tmem8b	868	887	602	582	723	666
Tmem8c	7	5	4	2	3	3
Tmem9	3756	3464	2618	2537	2655	3111
Tmem91	103	83	58	66	73	89
Tmem92	0	0	0	0	0	0
Tmem94	1306	1323	1024	936	1067	1125
Tmem95	6	9	1	3	3	1
Tmem97	715	626	457	427	496	568
Tmem98	323	335	239	180	250	211
Tmem9b	2758	2415	1845	1667	1754	2056
Tmf1	6075	5744	4129	3765	4374	4745
Tmie	48	36	29	21	19	26
Tmigd1	2	1	0	1	0	0
Tmigd3	0	0	0	1	1	1
Tmlhe	2537	2373	1878	1570	1830	1924
Tmod1	461	542	365	326	375	366
Tmod2	7856	6952	5294	6141	6743	7241
Tmod3	1021	997	697	731	909	888
Tmod4	31	41	32	74	83	82
Tmpo	6444	6022	4402	4372	4843	5438
Tmppe	386	388	258	243	257	331
Tmprss11a	0	2	5	1	6	3
Tmprss11b	5	7	13	6	5	7
Tmprss11c	0	0	0	3	0	0
Tmprss11d	80	80	51	89	91	88
Tmprss11e	47	40	48	17	15	13
Tmprss11f	0	4	6	0	1	3
Tmprss11g	3	10	14	10	9	11
Tmprss12	0	0	0	0	1	1
Tmprss13	2	4	2	6	6	12
Tmprss15	0	1	3	2	3	2
Tmprss2	2	2	1	3	1	3
Tmprss3	0	0	0	0	1	0
Tmprss4	46	49	38	44	43	55
Tmprss5	58	43	58	25	23	31
Tmprss6	23	21	21	15	28	16
Tmprss7	59	64	37	76	82	58
Tmprss9	77	71	54	61	49	61
Tmsb10	3487	3471	2421	2595	2670	2980
Tmsb15a	0	0	0	0	0	0
Tmsb15b1	438	428	320	128	159	175
Tmsb15b2	489	447	314	287	264	319
Tmsb15l	822	783	576	355	367	425
Tmsb4x	5682	5554	4145	4143	4566	4932
Tmtc1	1603	1482	1120	891	979	1016
Tmtc2	2763	2686	1791	1436	1638	1800
Tmtc3	2685	2640	1947	1777	1914	1975
Tmtc4	1206	1112	822	851	976	1102
Tmub1	430	423	300	254	263	325
Tmub2	1858	1725	1317	1241	1344	1519
Tmx1	9971	9092	6597	6934	7390	8544
Tmx2	5185	4899	3655	3394	3870	4258
Tmx3	3967	3661	2470	2558	2945	3210
Tmx4	12738	11920	8626	8175	8887	10314
Tnc	773	692	560	557	717	719
Tnf	4	1	4	0	2	3
Tnfaip1	1482	1507	1107	1007	1026	1143
Tnfaip2	5	10	5	6	6	7
Tnfaip3	16277	15150	12599	12080	13651	15031
Tnfaip6	91	85	55	16	26	22
Tnfaip8	371	351	262	194	201	224
Tnfaip8l1	62	59	31	36	52	58
Tnfaip8l2	30	32	25	16	32	17
Tnfaip8l3	23	13	13	14	10	12
Tnfrsf10b	54	50	37	30	36	31
Tnfrsf11a	69	75	58	67	60	50
Tnfrsf11b	15	19	16	5	8	12
Tnfrsf12a	167	150	117	121	116	136
Tnfrsf13b	11	13	6	14	8	12
Tnfrsf13c	11	13	15	14	11	8
Tnfrsf14	8	7	2	6	13	5
Tnfrsf17	2	5	2	3	4	2
Tnfrsf18	170	174	155	139	151	150
Tnfrsf19	156	120	84	104	87	106
Tnfrsf1a	179	162	123	79	86	88
Tnfrsf1b	87	78	59	25	16	22
Tnfrsf21	840	897	620	475	469	520
Tnfrsf22	23	29	20	31	11	20
Tnfrsf23	11	5	3	6	7	5
Tnfrsf25	22	33	22	24	17	24
Tnfrsf26	5	1	3	2	0	2
Tnfrsf4	29	36	28	19	19	25
Tnfrsf8	430	438	383	0	0	0
Tnfrsf9	31	25	22	17	32	26
Tnfsf10	68	53	34	23	26	39
Tnfsf11	0	1	0	0	0	0
Tnfsf12	3154	3344	2580	1727	1786	1869
Tnfsf13	2115	2061	1586	946	1183	1040
Tnfsf13b	29	38	24	15	20	12
Tnfsf13os	731	780	591	344	412	339
Tnfsf14	0	0	0	0	0	0
Tnfsf15	0	1	1	0	1	0
Tnfsf18	4	0	1	0	1	2
Tnfsf4	1	0	0	0	0	0
Tnfsf8	20	22	19	19	11	14
Tnfsf9	48	42	31	34	51	57
Tnfsfm13	3347	3339	2601	1551	1723	1645
Tnik	3678	3473	2652	2470	2802	2840
Tnip1	487	524	385	472	516	519
Tnip2	1538	1568	1210	1194	1483	1482
Tnip3	1	1	0	0	1	0
Tnk1	40	35	39	29	39	43
Tnk2	4720	4249	3249	3058	3462	3647
Tnk2os	334	275	226	245	321	284
Tnks	4268	4369	3214	2679	3292	3207
Tnks1bp1	1616	1483	1180	973	1043	1077
Tnks2	12779	11539	8768	7578	8614	9155
Tnmd	3	4	1	0	1	1
Tnn	0	0	1	1	0	1
Tnnc1	71	55	37	30	23	45
Tnnc2	3	1	2	1	0	1
Tnni1	3	10	6	0	3	2
Tnni2	1	3	1	2	1	2
Tnni3	42	27	28	6	19	7
Tnni3k	8	5	1	0	3	2
Tnnt1	766	612	478	504	554	634
Tnnt2	27	28	14	3	4	2
Tnnt3	1	0	2	1	0	0
Tnp1	1	1	3	0	0	2
Tnp2	1	4	2	2	2	1
Tnpo1	38932	35724	27301	23771	26975	30182
Tnpo2	6295	5462	4215	4169	4695	4935
Tnpo3	3747	3682	2562	2317	2718	2955
Tnr	3890	3652	2965	2238	2872	2766
Tnrc18	1473	1509	1164	861	1025	1021
Tnrc6a	5560	5517	4262	3812	4558	4417
Tnrc6b	13509	12559	10320	8462	10330	9970
Tnrc6c	5254	5262	4231	3480	3896	3914
Tns1	796	830	638	640	705	694
Tns2	363	350	294	191	281	243
Tns3	2359	2673	1835	1435	1589	1691
Tns4	6	2	1	0	3	2
Tnxa-001	4	5	0	3	2	2
Tnxb	174	166	131	148	180	138
Tob1	3406	3120	2189	2007	2191	2387
Tob2	12073	12931	9377	8098	8214	8909
Toe1	1080	1010	794	771	842	862
Tollip	5399	5328	3847	3766	3976	4653
Tom1	849	846	590	611	681	682
Tom1l1	869	824	606	561	586	638
Tom1l2	6402	6112	4745	4309	4509	5165
Tomm20	12854	12229	8952	8904	9535	10798
Tomm20l	62	45	37	28	42	57
Tomm22	2861	2875	1969	1548	1720	1933
Tomm34	914	942	695	567	729	687
Tomm40	1387	1264	937	1005	1111	1218
Tomm40l	2430	2243	1684	1816	1948	2120
Tomm5	914	832	680	626	656	701
Tomm6	1374	1463	1042	967	977	1160
Tomm6os	720	704	545	500	547	567
Tomm7	2326	2300	1653	1498	1697	1801
Tomm70a	7148	6677	4861	4678	5177	5921
Tomt	836	823	636	459	547	588
Tonsl	2635	2564	2023	1828	2092	2313
Top1	4562	4443	3255	3056	3531	3959
Top1mt	1001	975	801	843	873	959
Top2a	3	9	3	2	5	5
Top2b	23748	21707	16435	17169	19483	21028
Top3a	495	506	366	346	391	412
Top3b	1702	1707	1321	1205	1397	1497
Topaz1	0	1	0	0	0	0
Topbp1	972	857	708	623	683	783
Topors	2586	2398	1803	1658	1916	2036
Toporsl	0	0	0	0	0	0
Toporsos	1287	1297	966	877	979	1089
Tor1a	756	742	544	506	561	613
Tor1aip1	1773	1715	1274	1089	1218	1300
Tor1aip2	2629	2624	1972	1794	1962	2147
Tor1b	1275	1299	1010	920	1057	1151
Tor2a	682	627	490	478	535	559
Tor3a	196	192	149	189	206	212
Tor4a	120	104	106	86	96	111
Tox	683	726	456	518	555	651
Tox2	187	199	166	142	143	151
Tox3	699	652	504	601	617	708
Tox4	4479	4158	3256	2937	3267	3611
Tpbg	1227	1133	903	865	914	1055
Tpbgl	299	327	223	213	238	260
Tpbpa	0	0	0	0	0	0
Tpbpb	0	0	0	0	0	0
Tpcn1	885	831	643	570	638	628
Tpcn2	129	125	89	48	56	50
Tpd52	13378	11929	8777	9399	10444	11323
Tpd52l1	37	35	28	18	31	13
Tpd52l2	1688	1637	1280	1292	1483	1529
Tpgs1	526	505	366	363	353	423
Tpgs2	2304	2175	1659	1445	1749	1858
Tph1	16	20	15	18	21	23
Tph2	218	217	145	55	54	83
Tpi1	31016	28112	20543	20761	22573	28169
Tpk1	178	154	136	122	169	158
Tpm1	2973	2892	2115	1912	2204	2344
Tpm2	62	74	44	55	42	37
Tpm3	3862	3597	2676	1271	1430	1504
Tpm3-rs7	353	339	230	659	681	697
Tpm4	1056	1038	707	655	764	835
Tpmt	358	292	178	247	259	283
Tpo	146	155	110	75	85	79
Tpp1	3160	3149	2342	2215	2431	2581
Tpp2	3405	3148	2299	2167	2500	2641
Tppp	6765	5914	4493	4614	4993	5849
Tppp2	0	0	0	0	0	0
Tppp3	2014	1852	1234	1252	1259	1458
Tpr	6059	5486	4528	3803	4599	4515
Tpra1	826	809	589	506	561	546
Tprg	0	3	1	1	2	0
Tprgl	2905	2801	2088	1911	1991	2273
Tprkb	2326	2169	1641	1430	1567	1785
Tprn	282	241	167	213	177	219
Tpsab1	0	0	0	0	1	0
Tpsb2	1	6	1	0	1	0
Tpsg1	308	267	201	203	198	194
Tpst1	764	747	548	533	589	741
Tpst2	407	414	281	335	393	417
Tpt1	11473	11231	8325	8592	9557	10708
Tpte	4	4	4	1	2	3
Tpx2	63	89	62	53	57	70
Tra2a	3123	3468	2564	2274	2575	2656
Tra2b	6209	6085	4302	3826	4219	4694
Trabd	931	980	726	687	817	813
Trabd2b	11	14	8	11	15	10
Tradd	150	125	100	110	100	127
Traf1	1	9	9	12	4	11
Traf2	786	868	682	599	652	670
Traf3	1958	1879	1408	1266	1475	1537
Traf3ip1	648	684	509	449	538	527
Traf3ip2	280	290	197	206	252	228
Traf3ip3	1902	1805	1499	1207	1349	1522
Traf4	103	84	71	65	62	66
Traf5	531	517	424	371	397	444
Traf6	1124	1042	821	773	906	939
Traf7	2636	2474	1971	1765	1899	2211
Trafd1	9820	9359	7528	6771	7479	7990
Traip	217	213	173	143	203	190
Traj1	0	0	0	0	0	0
Traj14	0	0	0	0	0	0
Traj36	0	0	0	0	0	0
Traj51	0	0	0	0	0	0
Traj54	0	0	0	0	0	0
Traj55	0	0	0	0	0	0
Traj60	0	0	0	0	0	0
Traj61	0	0	2	0	0	1
Traj8	0	0	0	0	0	0
Trak1	3850	3913	2943	2541	2677	2964
Trak2	10616	9839	7466	6338	6742	7376
Tram1	4489	4310	2754	2860	3145	3550
Tram1l1	1268	1229	834	728	911	1014
Tram2	25	56	40	28	27	18
Trank1	6071	5411	4138	3003	3776	3841
Trap1	1258	1278	989	848	989	1036
Trap1a	0	0	0	0	0	0
Trappc1	1016	1007	784	777	905	984
Trappc10	4445	4194	3139	2728	3058	3358
Trappc11	4161	3886	2923	2698	3148	3445
Trappc12	2489	2372	1890	1562	1725	1883
Trappc13	4840	4432	3243	3130	3418	3898
Trappc2	1506	1400	988	873	982	1116
Trappc2l	1041	995	739	789	852	938
Trappc3	2854	2723	2048	1930	2006	2253
Trappc3l	1	1	1	0	2	1
Trappc4	1622	1451	1130	848	893	1178
Trappc5	2062	2004	1437	1405	1509	1711
Trappc6a	352	405	292	172	221	208
Trappc6b	2091	2157	1509	1610	1825	1949
Trappc8	5464	5063	3991	3862	4663	4876
Trappc9	5470	5051	4286	3697	4051	4411
Trat1	1	0	3	0	2	1
Trav11n-001	0	0	0	0	0	0
Trav12-4-001	0	0	0	0	0	0
Trav13-3-001	0	0	0	0	0	0
Trav15-3-001	0	0	0	0	0	0
Trav15d-3-001	0	0	0	0	0	0
Trav15n-3-001	0	0	0	0	0	0
Trav20-001	0	0	0	0	0	0
Trav22-001	0	0	0	0	0	0
Trav3-2-001	0	0	0	0	0	0
Trav3d-2-001	0	0	0	0	0	0
Trav3n-2-001	0	0	0	0	0	0
Trav4-1-001	0	0	0	0	0	0
Trav4d-2-001	0	0	0	0	0	0
Trav5-2-001	0	0	0	0	0	0
Trav5d-2-001	0	0	0	0	0	0
Trav5d-3-001	0	0	0	0	0	0
Trav5n-2-001	0	0	0	0	0	0
Trav5n-3-001	0	0	0	0	0	0
Trav8-2-001	0	0	0	0	0	0
Trav9n-1-001	0	0	0	0	0	0
Trbd1	0	0	0	0	0	0
Trbd2	0	0	0	0	0	0
Trbj2-6	0	0	0	0	0	0
Trbv10-001	0	0	0	0	0	0
Trbv11-001	0	0	0	0	0	0
Trbv12-3-001	0	0	0	0	0	0
Trbv18-001	0	0	0	0	0	0
Trbv22-001	0	0	0	0	0	0
Trbv24-001	0	0	0	0	0	0
Trbv25-001	0	0	0	0	0	0
Trbv27-001	0	0	0	0	0	0
Trbv28-001	0	0	0	0	0	0
Trbv6-001	0	0	0	0	0	0
Trbv7-001	0	0	0	0	0	0
Trbv8-001	0	0	0	0	0	0
Trbv9-001	0	0	0	0	0	0
Trcg1	10	7	2	2	5	8
Trdd1	0	0	0	0	0	0
Trdd2	0	0	0	0	0	0
Trdmt1	725	660	493	477	584	582
Trdn	1	0	0	0	0	0
Trdv3-001	0	0	0	0	0	0
Treh	1	2	2	0	1	1
Trem1	0	0	0	0	0	0
Trem2	32	22	27	19	16	24
Trem3	0	0	0	0	0	0
Treml1	3	1	0	0	0	0
Treml2	4	1	2	0	0	1
Treml4	6	10	4	2	1	2
Trex1	397	347	288	285	305	291
Trex2	3	4	5	3	0	8
Trf	2744	3834	2981	1525	3488	1696
Trh	0	0	0	1	0	0
Trhde	842	762	650	558	661	712
Trhr	140	138	104	60	79	74
Trhr2	0	1	1	0	0	1
Triap1	511	519	355	273	315	363
Trib1	1097	1011	745	909	1043	1071
Trib2	9936	8713	6773	6570	7486	8164
Trib3	198	192	132	123	152	157
Tril	709	682	500	548	659	831
Trim10	3	6	4	7	3	0
Trim11	1123	1172	956	1234	1264	1373
Trim12a	96	90	69	3	4	4
Trim12c	254	262	176	224	228	229
Trim13	307	262	179	154	193	240
Trim14	12	7	4	9	4	6
Trim15	82	71	63	55	54	68
Trim16	67	54	55	39	39	51
Trim17	6874	6066	4663	5974	6515	7570
Trim2	9103	8682	6096	6267	7212	7722
Trim21	228	220	156	159	136	155
Trim23	4863	4408	3179	3240	3608	4132
Trim24	2269	2077	1520	1443	1642	1800
Trim25	940	975	696	614	678	728
Trim26	1610	1608	1283	1196	1331	1413
Trim27	673	677	520	522	564	607
Trim28	5639	5143	4043	4200	4602	4997
Trim29	7	22	27	8	10	21
Trim3	1501	1353	1063	1027	1107	1254
Trim30a	70	60	43	13	13	23
Trim30b	1	4	0	1	0	2
Trim30c	0	1	0	0	1	0
Trim30d	45	32	27	11	17	10
Trim30e-ps1	0	2	1	0	0	0
Trim31	1	1	0	0	0	1
Trim32	2981	2805	1971	2076	2170	2465
Trim33	4385	4107	3037	2831	3229	3387
Trim34a	122	106	75	13	27	23
Trim34b	12	18	10	16	12	14
Trim35	3928	3590	2618	2519	2740	3048
Trim36	704	729	516	647	712	806
Trim37	7803	7223	5291	5274	5796	6656
Trim38	61	68	34	51	29	57
Trim39	1827	1838	1337	1323	1474	1465
Trim40	0	1	0	0	1	2
Trim41	2338	2243	1652	1658	1801	1940
Trim42	0	0	0	0	0	0
Trim43a	242	211	160	51	72	61
Trim43b	23	24	18	17	32	33
Trim43c	212	196	146	57	68	61
Trim44	12030	11331	8525	7341	8260	8763
Trim45	568	580	441	379	392	420
Trim46	361	342	243	256	256	322
Trim47	45	59	49	34	42	41
Trim5	34	50	36	16	34	33
Trim50	14	11	7	13	16	19
Trim52	0	0	0	0	0	0
Trim54	0	0	0	0	0	1
Trim55	3	11	9	8	12	17
Trim56	367	374	298	191	197	215
Trim58	9	6	6	3	3	0
Trim59	102	99	59	68	77	80
Trim6	10	12	1	5	4	5
Trim60	12	11	4	57	108	64
Trim61	13	9	7	34	51	46
Trim62	138	139	97	102	95	106
Trim63	18	17	7	24	20	27
Trim65	274	239	174	132	144	162
Trim66	720	665	539	372	471	530
Trim67	704	691	578	382	511	517
Trim68	160	165	106	101	131	138
Trim69	0	0	0	0	0	0
Trim7	81	47	48	55	61	69
Trim71	78	63	47	70	57	64
Trim72	14	12	16	9	15	15
Trim75	34	26	10	34	38	38
Trim8	1441	1515	979	951	1049	1089
Trim80	2	6	3	7	3	4
Trim9	1937	1900	1419	1417	1649	1690
Triml1	0	0	0	0	0	0
Triml2	0	0	0	1	0	0
Trio	4829	4339	3615	3022	3522	3638
Triobp	643	675	527	416	461	460
Trip10	1160	1077	862	791	814	939
Trip11	6199	6041	4679	3886	4401	4718
Trip12	13886	12534	9978	8820	10449	10570
Trip13	46	39	24	26	30	33
Trip4	3018	2923	2146	2072	2266	2439
Trip6	357	377	286	211	182	190
Triqk	774	763	530	541	658	684
Trit1	643	634	472	476	548	540
Trmo	288	235	174	167	173	173
Trmt1	1181	1218	889	761	892	958
Trmt10a	540	472	357	410	523	530
Trmt10b	723	669	522	503	549	632
Trmt10c	1214	1121	744	718	809	847
Trmt11	1055	932	677	694	743	843
Trmt112	2272	2075	1572	1568	1631	1889
Trmt12	929	891	613	592	661	726
Trmt13	688	704	547	566	708	652
Trmt1l	1019	1006	797	863	910	1003
Trmt2a	2115	2001	1554	1404	1553	1641
Trmt2b	1548	1371	978	1133	1309	1319
Trmt44	601	601	504	442	446	463
Trmt5	791	774	622	554	601	631
Trmt6	956	974	664	634	764	830
Trmt61a	354	340	275	249	299	311
Trmu	825	826	598	669	723	774
Trnau1ap	1193	1069	822	754	866	946
Trnp1	4352	3885	2960	2512	2644	3045
Trnt1	3204	2944	2300	2227	2414	2780
Tro	3060	2725	2094	1922	2134	2207
Troap	5	5	3	3	2	4
Trove2	14698	12998	9920	9659	10698	11403
Trp53	801	657	529	439	484	479
Trp53bp1	4808	4399	3495	3063	3438	3545
Trp53bp2	1204	1292	1022	953	1134	1133
Trp53i11	382	361	276	255	260	292
Trp53i13	203	190	156	150	189	151
Trp53inp1	2889	3027	2230	1967	2175	2296
Trp53inp2	3916	4199	3149	2646	2993	3124
Trp53rka	798	718	568	488	490	557
Trp53rkb	583	587	446	387	427	512
Trp53tg5	64	68	52	39	45	40
Trp63	24	16	14	12	11	15
Trp73	2	3	4	4	2	1
Trp73os	0	0	0	0	0	0
Trpa1	5	4	3	0	1	1
Trpc1	8748	7934	6037	5597	5806	6447
Trpc2	328	312	227	245	273	267
Trpc3	793	764	616	384	523	523
Trpc4	478	454	354	353	441	411
Trpc4ap	3223	3068	2296	2162	2387	2639
Trpc5	77	78	59	60	72	67
Trpc5os	0	0	1	1	1	1
Trpc6	1262	1086	753	805	831	1015
Trpc7	151	130	91	84	84	105
Trpd52l3	0	0	0	0	0	0
Trpm1	12214	10810	8565	5881	7256	7564
Trpm2	374	354	275	313	309	327
Trpm3	5265	5093	3910	3680	4470	4565
Trpm4	137	96	74	109	118	114
Trpm5	61	57	42	35	37	31
Trpm6	21	26	25	17	22	14
Trpm7	6291	5923	4576	4468	5092	5232
Trpm8	14	16	7	14	24	14
Trps1	2762	2747	2247	1743	2005	2085
Trpt1	322	287	215	243	261	261
Trpv1	12	11	1	5	10	2
Trpv2	165	161	128	118	147	146
Trpv3	12	14	6	7	16	13
Trpv4	30	35	32	30	29	33
Trpv5	1	1	0	0	1	1
Trpv6	75	75	71	54	73	63
Trrap	6343	5762	4900	3922	4802	4686
Trub1	1152	1078	830	799	983	931
Trub2	1473	1457	1087	1128	1314	1320
Try10	0	0	0	0	0	0
Try4	0	0	0	0	0	0
Try5	0	0	0	0	0	0
Tsacc	65	93	50	49	58	56
Tsc1	3664	3306	2725	2490	2831	3149
Tsc2	3367	3395	2662	2183	2446	2503
Tsc22d1	9602	9114	6635	5780	6192	6693
Tsc22d2	2355	2436	1755	1703	1871	1993
Tsc22d3	2537	2389	1639	1441	1521	1741
Tsc22d4	657	631	383	469	496	607
Tsen15	789	745	560	474	555	626
Tsen2	650	647	461	440	481	564
Tsen34	2076	1783	1460	1391	1420	1659
Tsen54	340	344	274	270	315	318
Tsfm	886	804	555	563	568	647
Tsg101	3960	3719	2760	2568	2881	3257
Tsga10	1711	1615	1173	1144	1244	1291
Tsga10ip	17	18	16	16	14	25
Tsga13	0	1	0	0	1	0
Tsga8	0	0	2	0	1	1
Tshb	0	2	1	2	1	0
Tshr	153	165	133	122	151	145
Tshz1	1766	1671	1170	1224	1389	1492
Tshz2	823	779	612	661	745	765
Tshz3	329	290	239	247	285	248
Tsix	4	1	0	4	1	2
Tsks	11	14	15	9	15	17
Tsku	224	231	134	103	122	135
Tslp	3	3	3	1	0	0
Tsn	6624	6010	4249	3935	4361	4805
Tsnax	5815	5607	4115	3896	4401	4930
Tsnaxip1	76	113	60	84	82	81
Tspan1	60	43	55	49	55	70
Tspan10	648	709	592	573	691	641
Tspan11	22	20	7	33	40	50
Tspan12	767	701	476	459	465	567
Tspan13	2496	2563	1666	1282	1410	1720
Tspan14	405	395	288	254	264	308
Tspan15	1029	988	688	646	716	908
Tspan17	587	584	421	428	458	457
Tspan18	35	50	37	148	162	178
Tspan2	372	367	251	328	316	324
Tspan2os	1	0	1	0	1	0
Tspan3	9690	9122	6851	6308	6747	7733
Tspan31	3114	2714	1920	1936	2110	2323
Tspan32	3	6	2	1	5	4
Tspan32os	3	3	3	1	6	3
Tspan33	339	302	192	146	177	203
Tspan4	681	681	538	526	564	627
Tspan5	6928	6511	4733	4403	4957	5526
Tspan6	271	231	183	134	164	167
Tspan7	18353	17279	12698	11966	12726	14539
Tspan8	7	5	6	0	1	3
Tspan9	2577	2272	1713	1986	2159	2161
Tspear	5	6	4	3	4	6
Tspo	152	157	104	89	124	110
Tspo2	0	1	0	0	0	0
Tspy-ps-003	3	1	7	4	3	3
Tspyl1	5548	5556	3613	3634	3952	4450
Tspyl2	2601	2473	1809	1623	1914	1878
Tspyl3	344	322	218	183	187	227
Tspyl4	28187	25913	18706	15750	16691	18848
Tspyl5	1179	1102	763	790	821	960
Tsr1	2139	2043	1527	1509	1718	1801
Tsr2	3762	3621	2524	2718	2968	3352
Tsr3	758	732	533	495	587	596
Tssc1	1242	1134	891	818	864	955
Tssc4	956	967	760	684	660	868
Tssk1	47	65	37	26	53	43
Tssk2	23	20	7	21	27	17
Tssk3	16	12	9	6	8	15
Tssk4	11	12	11	8	9	11
Tssk5	31	15	17	19	17	17
Tssk6	123	95	73	104	101	116
Tst	75	73	46	58	63	54
Tsta3	1006	1055	772	667	750	784
Tstd1	49	50	29	31	43	27
Tstd2	823	951	689	726	775	763
Tstd3	418	381	292	300	335	363
Tsx	16	16	5	7	8	9
Ttbk1	854	828	631	518	577	678
Ttbk2	6148	5469	4262	4809	5535	5525
Ttc1	2053	1952	1490	1463	1458	1598
Ttc12	321	300	244	207	247	295
Ttc13	946	896	693	656	759	700
Ttc14	9352	9604	6902	7164	8556	8299
Ttc16	184	206	148	128	154	178
Ttc17	1743	1744	1281	1316	1444	1507
Ttc19	3333	3027	2344	2410	2679	2881
Ttc21a	175	147	126	94	110	114
Ttc21b	1687	1570	1130	1268	1368	1467
Ttc22	29	39	19	23	20	24
Ttc23	175	196	138	102	105	123
Ttc23l	0	0	1	0	1	2
Ttc24	0	2	0	0	1	0
Ttc25	316	281	236	206	246	218
Ttc26	746	696	577	628	720	756
Ttc27	825	806	601	517	580	683
Ttc28	1577	1520	1214	916	1025	1057
Ttc29	5	3	3	5	3	3
Ttc3	30805	28876	20643	19685	21948	24360
Ttc30a1	1420	1400	1095	1151	1197	1404
Ttc30a2	268	254	209	238	208	228
Ttc30b	1682	1518	1156	1291	1353	1562
Ttc32	69	79	44	50	64	67
Ttc33	2211	2130	1467	1550	1690	1881
Ttc34	53	60	46	123	152	153
Ttc36	6	11	9	9	7	16
Ttc37	2139	2023	1601	1277	1518	1537
Ttc38	296	257	197	184	190	208
Ttc39a	207	199	158	143	191	189
Ttc39aos1	99	130	83	158	167	218
Ttc39b	3331	2881	2232	1636	1896	1967
Ttc39c	3209	3109	2375	1968	2313	2450
Ttc39d	57	43	38	31	41	33
Ttc4	1660	1572	1210	1193	1276	1486
Ttc41	174	184	126	110	98	117
Ttc5	2402	2059	1699	1317	1500	1726
Ttc6	0	0	0	1	3	0
Ttc7	224	188	189	139	151	141
Ttc7b	3729	3547	2711	2394	2765	2988
Ttc8	3992	4137	2952	2948	3154	3447
Ttc9	971	947	693	528	595	732
Ttc9b	363	344	227	251	253	301
Ttc9c	2637	2569	1884	1676	1729	2014
Ttf1	1250	1298	1047	947	1029	1129
Ttf2	242	219	170	171	176	214
Tti1	1885	1754	1336	1330	1447	1519
Tti2	2547	2591	1866	1567	1795	1869
Ttk	17	16	9	18	26	16
Ttl	574	548	406	265	348	364
Ttll1	1164	1076	832	780	851	910
Ttll10	0	0	1	0	1	2
Ttll11	1356	1486	1008	496	650	736
Ttll12	679	658	480	397	465	475
Ttll13	162	122	89	105	124	145
Ttll2	2	1	5	1	2	3
Ttll3	1310	1295	1043	1103	1228	1265
Ttll4	1874	1628	1462	1286	1523	1502
Ttll5	4002	3893	3188	2721	2896	3235
Ttll6	0	0	0	0	0	0
Ttll7	7011	6188	4541	3886	4296	4755
Ttll8	1	2	0	1	3	1
Ttll9	15	23	15	18	18	15
Ttn	513	599	452	321	559	509
Ttpa	21	9	9	23	29	19
Ttpal	1737	1608	1141	1200	1354	1436
Ttr	843	1556	1719	426	1154	332
Ttyh1	15934	15048	10907	10637	11523	12758
Ttyh2	2165	1948	1514	1581	1642	1768
Ttyh3	1238	1237	858	826	877	1047
Tub	16723	15102	12590	11478	13086	13521
Tuba1a	34318	30820	23769	22163	22678	26887
Tuba1b	25632	23893	18582	17339	17572	20644
Tuba1c	11030	10115	7895	7866	7878	9239
Tuba3a	0	1	1	0	0	0
Tuba3b	11	13	8	2	1	0
Tuba4a	2886	2679	2048	2079	2226	2426
Tuba8	235	212	144	161	140	198
Tubal3	0	1	0	0	0	0
Tubb1	3	2	1	4	0	0
Tubb2a	8770	7663	5812	6445	6529	7711
Tubb2b	2147	1815	1411	1350	1369	1555
Tubb3	3447	3086	2257	1882	1906	2273
Tubb4a	1519	1554	1101	1007	1136	1196
Tubb4b	6286	5693	4269	4025	4195	4917
Tubb5	15126	13714	10337	9551	9954	11317
Tubb6	163	141	111	50	58	40
Tubd1	221	208	130	156	209	210
Tube1	1441	1413	1009	942	1094	1185
Tubg1	821	747	529	654	767	812
Tubg2	531	494	362	369	441	478
Tubgcp2	1651	1516	1136	1150	1276	1370
Tubgcp3	1542	1520	1094	1167	1246	1304
Tubgcp4	2483	2292	1863	1842	2042	2196
Tubgcp5	2219	2114	1599	1805	2123	2214
Tubgcp6	2374	2276	1831	1633	1889	1860
Tufm	1515	1511	1146	1000	1063	1205
Tuft1	715	561	465	455	525	580
Tulp1	26814	26994	19821	18064	19751	21475
Tulp2	86	70	47	43	69	66
Tulp3	449	430	346	362	455	445
Tulp4	12272	11662	8436	8814	9670	10755
Tunar	758	696	443	487	582	625
Tusc1	68	84	47	49	66	75
Tusc2	2149	1884	1560	1451	1407	1635
Tusc3	9607	8750	6568	3998	4440	5047
Tusc5	1804	1624	1170	1080	1134	1352
Tut1	1027	1072	728	708	745	860
Tvp23a	1180	1150	896	738	844	936
Tvp23b	1803	1699	1317	1459	1692	1794
Tvp23bos	4	2	1	3	5	3
Twf1	2344	2183	1517	1486	1717	1846
Twf2	230	185	153	161	160	152
Twist1	1	0	2	1	2	3
Twist2	0	1	0	0	0	0
Twistnb	1310	1285	886	886	1023	1122
Twsg1	1584	1633	1078	924	1114	1126
Txk	9	8	9	0	0	0
Txlna	2155	2087	1580	1588	1778	1883
Txlnb	22	24	16	19	14	7
Txlng	1498	1316	989	1039	1186	1331
Txn1	1351	1357	956	970	1043	1198
Txn2	1858	2032	1398	1292	1446	1534
Txndc11	2121	2055	1496	1157	1237	1359
Txndc12	1399	1331	958	864	979	1030
Txndc15	2643	2520	1780	1897	1952	2130
Txndc16	3087	3015	2209	2285	2582	2676
Txndc17	491	436	355	297	334	323
Txndc2	3	1	1	1	0	3
Txndc5	2329	2270	1698	1808	1880	2164
Txndc8	0	0	0	0	0	0
Txndc9	2507	2287	1821	2100	2452	2610
Txnip	460	503	380	221	250	286
Txnl1	3975	3742	2576	2662	3017	3479
Txnl4a	1045	1076	783	745	864	919
Txnl4b	542	533	353	409	393	482
Txnrd1	1925	1876	1387	993	1144	1256
Txnrd2	180	190	155	114	160	137
Txnrd3	354	286	240	244	234	324
Tyk2	577	548	510	413	475	459
Tymp	486	521	392	401	426	409
Tyms	232	250	192	151	202	183
Tyr	62	200	84	132	85	28
Tyro3	850	812	596	262	306	295
Tyrobp	73	67	42	29	21	37
Tyrp1	201	568	159	520	117	72
Tysnd1	493	529	372	317	339	373
Tyw1	1016	953	758	724	883	909
Tyw3	940	885	736	741	789	848
Tyw5	923	916	603	715	819	863
U2af1	1480	1432	950	942	1037	1217
U2af1l4	1461	1433	1074	1181	1228	1254
U2af2	4924	4575	3545	3316	3628	3883
U2surp	9691	8457	6370	6864	7900	8362
U90926	7	8	10	2	4	6
Uaca	680	736	568	444	522	516
Uap1	4778	4492	3453	2646	2964	3365
Uap1l1	302	288	196	263	320	319
Uba1	12095	11258	8650	7898	8359	9316
Uba1y	1	2	1	1	0	0
Uba1y-ps1-001	0	0	0	0	0	0
Uba1y-ps2-001	0	0	0	0	0	0
Uba2	5703	5335	4066	3520	3876	4598
Uba3	3234	3043	2097	2051	2288	2628
Uba5	1215	1245	926	981	1160	1171
Uba52	6143	5702	4537	4619	5263	5516
Uba6	2378	2167	1645	1603	1758	1901
Uba7	156	149	101	83	97	69
Ubac1	1467	1450	1109	1009	1149	1169
Ubac2	1015	963	760	678	752	840
Ubald1	338	368	277	262	273	247
Ubald2	1155	1002	806	699	748	775
Ubap1	2735	2791	2084	1853	1961	2345
Ubap1l	2798	2633	2210	1657	1800	1942
Ubap2	931	995	752	667	720	714
Ubap2l	3359	3393	2578	2445	2637	2665
Ubash3a	0	0	0	0	0	0
Ubash3b	1068	921	705	747	845	952
Ubb	95310	97500	67773	57563	60390	67803
Ubc	178426	177572	128696	122753	126208	140439
Ubd	0	0	0	0	0	0
Ube2a	940	955	669	576	666	802
Ube2b	2767	2672	1887	1772	1973	2159
Ube2c	7	3	4	9	9	7
Ube2cbp	662	637	422	352	376	426
Ube2d-ps	312	289	248	214	227	252
Ube2d1	378	398	269	265	265	322
Ube2d2a	5078	4832	3592	3376	3608	3994
Ube2d2b	21	28	22	11	21	15
Ube2d3	14386	13518	9590	9154	10118	11388
Ube2d4	0	0	0	0	0	0
Ube2dnl1	0	0	0	0	0	0
Ube2dnl2	0	0	0	0	0	0
Ube2e1	2118	1999	1411	1403	1481	1705
Ube2e2	665	626	425	390	425	464
Ube2e3	5396	4823	3689	3388	3731	4125
Ube2f	1283	1314	961	810	911	949
Ube2g1	2310	2314	1478	1625	1741	2046
Ube2g2	1098	1054	787	719	780	920
Ube2h	5932	5830	4027	3736	4049	4494
Ube2i	4769	4489	3438	3692	4251	4420
Ube2j1	6860	6197	4734	4029	4634	4937
Ube2j2	1216	1203	866	849	863	917
Ube2k	2345	2236	1677	1478	1678	1835
Ube2l3	4084	3774	2774	2435	2759	3119
Ube2l6	110	99	68	64	42	53
Ube2m	2317	2006	1581	1491	1650	1697
Ube2n	5588	5354	3770	3386	3734	4115
Ube2o	3191	2763	2222	2074	2261	2408
Ube2q1	2570	2661	1949	1789	1946	2272
Ube2q2	2685	2582	1707	1836	2043	2179
Ube2ql1	758	718	508	428	464	495
Ube2r2	1848	1838	1346	1252	1401	1587
Ube2s	1020	966	758	734	732	802
Ube2t	46	46	26	7	6	10
Ube2u	2	3	1	1	0	0
Ube2uos	0	0	0	0	0	0
Ube2v1	3558	3542	2587	2270	2433	2514
Ube2v2	3869	3929	2543	2622	2830	3189
Ube2w	3386	3072	2033	1952	2265	2601
Ube2z	4406	4208	3107	2968	3197	3614
Ube3a	13653	12956	9459	9030	10385	11273
Ube3b	4043	3929	3028	2942	3238	3541
Ube3c	4489	4108	3124	2841	3137	3570
Ube4a	4880	4493	3373	2902	3462	3510
Ube4b	4365	4199	3255	2228	2522	2619
Ube4bos1	1395	1434	1078	315	358	404
Ube4bos2	45	49	24	30	40	19
Ube4bos3	166	167	128	102	114	114
Ubfd1	2890	2705	1992	1883	2168	2246
Ubiad1	710	762	583	588	646	713
Ubl3	8210	7756	5391	5196	5626	6338
Ubl4a	1599	1471	1078	1081	1144	1263
Ubl4b	0	0	0	0	0	0
Ubl5	2537	2471	1795	1770	1821	2079
Ubl7	888	862	651	623	646	723
Ublcp1	3317	3137	2273	1616	1723	1985
Ubn1	3660	3381	2735	2351	2609	2760
Ubn2	8075	7879	6162	5048	5998	6049
Ubox5	389	378	278	292	299	360
Ubp1	4975	4822	3724	3255	3704	3912
Ubqln1	5953	5454	4178	3880	4113	4675
Ubqln2	1965	1997	1508	1208	1486	1537
Ubqln3	0	0	0	0	0	0
Ubqln4	2130	2129	1583	1533	1649	1761
Ubqlnl	0	0	0	0	0	0
Ubr1	5915	5336	4210	3805	4510	4514
Ubr2	5056	4751	3918	3544	4188	4222
Ubr3	8404	8026	5933	5270	6033	6166
Ubr4	9933	8932	7672	5855	7444	7149
Ubr5	11334	10393	8138	7331	8487	8635
Ubr7	2654	2560	1839	1718	1891	2092
Ubtd1	1638	1630	1313	1167	1257	1406
Ubtd2	81	90	64	51	53	71
Ubtf	5694	5790	4151	3634	4221	4631
Ubtfl1	0	0	1	0	0	0
Ubxn1	2147	2056	1581	1542	1685	1866
Ubxn10	194	214	151	75	123	100
Ubxn11	923	912	785	720	894	766
Ubxn2a	4288	3978	2766	2807	3034	3308
Ubxn2b	1821	1743	1348	1257	1351	1522
Ubxn4	7660	7051	5353	4787	5486	5951
Ubxn6	2901	2756	2118	2080	2255	2474
Ubxn7	9858	9225	6982	6631	7434	7606
Ubxn8	2037	1981	1364	1470	1509	1722
Uchl1	4542	4274	3082	2918	3036	3459
Uchl1os	214	182	144	120	153	127
Uchl3	662	602	450	410	464	559
Uchl4	46	34	34	29	38	23
Uchl5	1061	1057	692	653	797	855
Uck1	1469	1518	1077	1014	1162	1335
Uck2	832	921	733	797	842	967
Uckl1	10681	10007	8130	7130	7706	8521
Uckl1os	4540	4326	3398	3337	3498	3974
Ucma	39	66	45	23	15	21
Ucn	3	1	1	0	0	0
Ucn2	3	6	6	3	7	6
Ucn3	0	0	0	0	0	0
Ucp1	3	2	1	3	1	0
Ucp2	182	229	144	135	176	179
Ucp3	7	10	3	17	22	19
Uevld	892	816	643	557	643	682
Ufc1	2034	1914	1376	1243	1400	1605
Ufd1l	2660	2597	1853	1819	2028	2181
Ufl1	2567	2530	1801	1720	1984	2181
Ufm1	1598	1705	1117	995	1153	1250
Ufsp1	471	457	331	355	375	431
Ufsp2	2873	2699	1815	1791	2059	2195
Ugcg	3751	3684	2515	2770	3145	3550
Ugdh	2089	1971	1349	1436	1615	1795
Uggt1	4837	4567	3695	3203	3832	3959
Uggt2	1649	1688	1245	958	1111	1108
Ugp2	1806	1742	1151	1218	1293	1565
Ugt1a1	48	42	29	3	7	18
Ugt1a10	48	42	28	3	7	18
Ugt1a2	49	43	28	3	9	18
Ugt1a5	48	42	28	3	7	18
Ugt1a6a	75	61	38	3	7	22
Ugt1a6b	57	43	31	3	7	19
Ugt1a7c	79	66	44	5	8	24
Ugt1a8	48	42	28	4	7	19
Ugt1a9	48	42	28	3	7	18
Ugt2a1	0	0	0	0	0	0
Ugt2a2	0	0	0	0	0	0
Ugt2a3	0	0	0	0	0	0
Ugt2b1	0	0	0	0	0	0
Ugt2b34	0	0	0	0	0	0
Ugt2b35	0	0	0	0	0	0
Ugt2b36	0	0	0	0	0	0
Ugt2b37	0	0	0	0	0	0
Ugt2b38	0	0	0	0	0	0
Ugt2b5	0	1	0	0	0	0
Ugt3a1	1	0	0	0	0	0
Ugt3a2	3	5	1	1	2	4
Ugt8a	54	28	24	35	37	39
Uhmk1	20847	20321	15096	14709	16342	17376
Uhrf1	18	18	9	9	5	8
Uhrf1bp1	1876	1883	1453	1407	1581	1688
Uhrf1bp1l	1778	1638	1124	1137	1258	1325
Uhrf2	2690	2637	1979	1967	2191	2301
Uimc1	1935	1766	1370	1315	1552	1586
Ulbp1	1	0	0	3	4	1
Ulk1	1754	1732	1306	1305	1436	1513
Ulk2	2987	2815	2198	1951	2205	2351
Ulk3	668	705	501	458	564	588
Ulk4	731	786	620	371	412	470
Umad1	898	910	657	704	850	905
Umod	0	0	0	0	0	0
Umodl1	62	56	55	43	43	55
Umps	1122	1149	882	775	812	900
Unc119	38764	37698	29304	27281	28776	31991
Unc119b	1340	1359	939	794	917	972
Unc13a	4471	4298	3425	3173	3688	3695
Unc13b	32367	28184	24470	21065	25327	25159
Unc13c	4899	4769	3586	4105	4391	4090
Unc13d	145	135	134	117	124	139
Unc45a	2718	2508	1938	1597	1699	1850
Unc45b	8	6	9	5	3	5
Unc50	1961	1943	1473	1373	1562	1740
Unc5a	829	787	634	409	525	620
Unc5b	495	515	397	357	379	410
Unc5c	1676	1690	1218	1159	1267	1300
Unc5cl	0	0	1	0	0	0
Unc5d	1696	1503	1125	1076	1147	1254
Unc79	2467	2332	1825	1562	1844	1893
Unc80	12612	11892	9607	7046	8545	8457
Unc93a	1	2	0	1	3	3
Unc93b1	74	63	61	38	41	56
Uncx	0	0	0	0	0	0
Ung	30	30	34	32	40	48
Unk	1518	1491	1134	1184	1314	1442
Unkl	2586	2427	1843	1854	2112	2269
Uox	0	0	1	0	0	0
Upb1	24	19	9	14	21	14
Upf1	3581	3299	2712	2235	2479	2529
Upf2	2486	2396	1743	1572	1911	1986
Upf3a	1459	1522	1062	1052	1203	1281
Upf3b	3143	3193	2220	2271	2675	2547
Upk1a	8	13	6	4	2	2
Upk1b	18	40	51	14	19	36
Upk2	0	0	0	0	0	0
Upk3a	1	1	2	0	0	0
Upk3b	2	4	3	2	1	1
Upk3bl	26	45	50	23	40	51
Upp1	10	14	10	12	6	10
Upp2	112	109	81	52	74	64
Uprt	602	553	416	361	394	444
Uqcc1	2629	2482	1867	1776	1912	2152
Uqcc2	1836	1635	1281	1124	1248	1373
Uqcc3	1282	1251	911	831	924	1040
Uqcr10	2151	2090	1676	1463	1544	1666
Uqcr11	1923	1767	1380	1301	1406	1534
Uqcrb	4162	3964	2895	2600	2848	3122
Uqcrc1	6245	5931	4573	4139	4425	4934
Uqcrc2	6835	6597	4718	4803	5157	5687
Uqcrfs1	2982	2711	2042	2114	2286	2474
Uqcrh	5036	4653	3428	3311	3593	4074
Uqcrq	1487	1358	1112	955	1116	1164
Urad	0	0	0	0	0	0
Urah	4	3	5	0	2	2
Urb1	1041	979	787	612	804	792
Urb2	948	915	751	584	640	755
Urgcp	3373	3150	2422	2246	2489	2769
Uri1	2581	2344	1606	1518	1818	1885
Urm1	1408	1282	1015	914	983	1108
Uroc1	0	0	0	0	0	0
Urod	1658	1477	1167	1175	1280	1356
Uros	802	722	609	540	574	634
Usb1	426	397	331	315	302	333
Use1	2554	2426	1806	1706	1888	2162
Usf1	1820	1782	1335	1378	1397	1616
Usf2	3840	3569	2790	2743	2985	3215
Usf2-ps1-001	540	510	381	520	583	610
Usf3	2365	2147	1843	1538	1867	1860
Ush1c	4	6	7	60	64	88
Ush1g	115	103	59	53	60	89
Ush2a	28463	26275	22607	20315	23788	26065
Ushbp1	51	72	48	44	48	37
Usmg5	3595	3460	2499	2402	2538	2884
Uso1	1663	1635	1161	1115	1248	1386
Usp1	1867	1861	1260	1232	1299	1482
Usp10	1998	1931	1386	1384	1557	1722
Usp11	2880	2509	1986	2041	2117	2379
Usp12	7268	7072	5040	5497	6155	7064
Usp13	966	991	701	1051	1278	1197
Usp14	3546	3236	2294	2322	2519	2936
Usp15	3533	3349	2550	2242	2558	2677
Usp16	2048	2043	1556	1455	1623	1661
Usp17la	1	0	0	0	0	0
Usp17lb	0	0	0	0	0	0
Usp17lc	0	0	0	0	0	0
Usp17ld	0	0	0	0	0	0
Usp17le	0	0	0	0	0	0
Usp17le-ps-001	0	0	0	0	0	0
Usp18	82	78	57	20	26	29
Usp19	6896	6232	5111	4499	4842	4955
Usp2	4199	4645	3235	2647	3090	3031
Usp20	1762	1611	1292	1176	1259	1428
Usp21	1597	1576	1220	1062	1245	1228
Usp22	7005	6471	4930	4634	5104	5623
Usp24	4007	3855	3150	2610	3186	3103
Usp25	2397	2371	1707	1609	1737	1785
Usp26	0	0	0	0	0	0
Usp27x	110	91	65	76	79	93
Usp28	761	752	509	544	604	636
Usp29	1670	1553	1169	1036	1208	1300
Usp3	1712	1660	1242	1083	1420	1411
Usp30	1688	1603	1278	1281	1379	1502
Usp31	2348	2353	1769	1596	1785	1847
Usp32	6838	6405	4638	4163	4643	4861
Usp33	14375	13320	10161	9833	11035	11965
Usp34	14037	13138	10473	9318	11257	11321
Usp35	469	382	308	355	342	358
Usp36	1741	1694	1337	1215	1351	1375
Usp37	4459	3904	3056	2570	2996	3283
Usp38	1672	1767	1298	1362	1547	1622
Usp39	1055	992	790	776	712	870
Usp4	4274	3993	2959	2820	2949	3285
Usp40	1207	1183	900	850	973	938
Usp42	1254	1306	902	800	932	982
Usp43	13	16	8	15	11	21
Usp44	2	2	1	2	4	1
Usp45	2205	2206	1574	1652	1744	1891
Usp46	2731	2514	1823	2138	2356	2579
Usp46os1	140	116	96	97	136	151
Usp47	9464	8576	6647	6651	7910	7810
Usp48	7997	7373	6139	6342	7750	7484
Usp49	1694	1657	1295	1198	1367	1399
Usp5	4698	4410	3363	3101	3341	3744
Usp50	399	387	327	280	276	278
Usp51	78	80	44	52	72	52
Usp53	2112	1971	1514	1229	1378	1601
Usp54	1837	1778	1415	1312	1464	1508
Usp6nl	6800	6251	4885	4430	4946	5355
Usp7	9562	8921	6760	6393	7262	7523
Usp8	3486	3419	2546	2288	2478	2627
Usp9x	24877	22280	17361	14497	17106	17366
Usp9y	1	0	0	0	0	0
Uspl1	2098	2086	1661	1492	1613	1772
Ust	682	585	415	416	472	491
Utf1	0	0	0	0	0	0
Utp11l	820	822	616	566	623	688
Utp14a	1017	962	747	702	781	864
Utp14b	4715	4674	3222	2906	3526	3416
Utp15	1655	1566	1108	1141	1276	1435
Utp18	1118	1068	802	768	927	957
Utp20	1764	1721	1323	1107	1199	1274
Utp23	283	363	291	260	263	282
Utp3	1566	1589	1176	1033	1209	1253
Utp6	3551	3518	2447	2207	2519	2669
Utrn	3177	3118	2436	1627	1793	1837
Uts2	12	27	17	6	8	7
Uts2b	0	0	1	0	0	0
Uts2r	5	3	8	4	3	9
Uty	4921	4598	3456	3098	3518	3992
Uvrag	2134	2104	1631	1192	1457	1585
Uvssa	1633	1560	1139	1035	1261	1188
Uxs1	755	748	479	499	537	663
Uxt	294	256	166	160	179	185
V1ra8	0	0	0	0	0	0
V1rd19	0	0	0	4	3	3
Vac14	911	857	667	621	688	739
Vamp1	2614	2295	1578	1114	1357	1469
Vamp2	5606	5801	4097	4261	4906	5143
Vamp3	1266	1289	969	845	956	1024
Vamp4	3871	3616	2686	2774	3032	3535
Vamp5	78	77	56	37	37	44
Vamp7	1473	1439	935	945	1045	1173
Vamp8	1311	1194	965	882	969	1098
Vangl1	100	110	58	60	61	65
Vangl2	426	389	266	285	353	362
Vapa	5485	5183	3610	3698	3870	4372
Vapb	5925	5190	4059	3870	4027	4454
Vars	1627	1455	1171	1054	1221	1315
Vars2	1075	1069	826	821	883	962
Vash1	906	939	683	708	755	776
Vash2	232	218	171	161	190	208
Vasn	622	607	527	448	566	522
Vasp	643	584	438	400	412	477
Vat1	1082	1052	756	788	775	841
Vat1l	5151	4894	3794	2865	3085	3571
Vav1	17	16	19	11	5	14
Vav2	398	371	266	322	365	356
Vav3	1000	886	713	738	860	922
Vax1	5	0	2	1	2	2
Vax2	731	621	455	510	430	495
Vax2os	9312	8901	7120	6713	5955	6704
Vbp1	6362	6052	4264	4960	5547	5990
Vcam1	719	652	476	311	249	363
Vcan	722	719	648	167	122	92
Vcl	1587	1549	1204	1257	1412	1392
Vcp	16599	15478	11749	10082	11087	12320
Vcpip1	6069	5579	4247	3510	4167	4260
Vcpkmt	315	341	231	337	377	401
Vdac1	19168	17853	12405	10320	11157	12888
Vdac2	9210	8656	6310	6868	7348	8399
Vdac3	5435	5318	3725	3566	3876	4386
Vdac3-ps1	943	947	689	618	655	795
Vdr	17	17	6	20	37	41
Vegfa	3923	3596	2545	2985	3457	3907
Vegfb	333	354	259	254	274	282
Vegfc	76	73	44	44	69	62
Vegfd	12	12	6	5	3	7
Veph1	61	53	53	11	27	11
Vezf1	8885	8459	6406	5819	6693	7090
Vezt	3927	3841	2977	2854	3433	3423
Vgf	918	949	738	512	533	652
Vgll1	0	0	0	0	0	0
Vgll2	0	0	0	0	0	1
Vgll3	66	60	59	34	36	42
Vgll4	635	519	412	400	451	478
Vhl	2186	1914	1383	1338	1383	1570
Vil1	177	193	132	124	122	131
Vill	21	32	12	20	20	15
Vim	4501	4350	3356	2814	2906	3018
Vimp	1305	1143	854	814	920	1022
Vip	462	379	392	281	339	357
Vipas39	2193	1969	1502	1570	1642	1721
Vipr1	34	33	32	33	30	47
Vipr2	1545	1389	1123	901	1064	1064
Vit	308	324	232	334	358	394
Vkorc1	135	133	102	99	99	133
Vkorc1l1	2234	2246	1473	1536	1725	1894
Vldlr	20996	18337	14979	13164	14847	15894
Vma21	2209	2025	1359	1258	1424	1484
Vma21-ps	1	2	0	0	0	0
Vmac	794	652	508	505	604	686
Vmn1r-ps10-001	0	0	0	0	0	0
Vmn1r-ps100-001	0	0	0	0	0	0
Vmn1r-ps102-001	0	0	0	0	0	0
Vmn1r-ps103-001	0	0	0	0	0	0
Vmn1r-ps104-001	0	0	0	0	0	0
Vmn1r-ps106-001	0	0	0	0	0	0
Vmn1r-ps107-001	0	0	0	0	0	0
Vmn1r-ps108-001	0	0	0	0	0	0
Vmn1r-ps109-001	0	0	0	0	0	0
Vmn1r-ps11-001	0	0	0	0	0	0
Vmn1r-ps110-001	0	0	0	0	0	0
Vmn1r-ps111-001	0	0	0	0	0	0
Vmn1r-ps112-001	0	0	0	0	0	0
Vmn1r-ps113-001	0	0	0	0	0	0
Vmn1r-ps114-001	0	0	0	0	0	0
Vmn1r-ps116-001	0	0	0	0	0	0
Vmn1r-ps12-001	2	0	0	2	0	1
Vmn1r-ps120-001	0	0	0	0	0	0
Vmn1r-ps123-001	0	0	0	0	0	0
Vmn1r-ps125-001	0	0	0	0	0	0
Vmn1r-ps126-001	0	0	0	0	1	0
Vmn1r-ps127-001	0	0	0	0	1	0
Vmn1r-ps128-001	1	1	0	0	0	1
Vmn1r-ps13-001	0	0	0	0	0	0
Vmn1r-ps132-001	0	0	0	0	0	0
Vmn1r-ps135-001	0	0	0	0	1	0
Vmn1r-ps14-001	1	1	0	2	2	0
Vmn1r-ps141-001	0	0	0	0	0	0
Vmn1r-ps142-001	0	0	0	0	0	0
Vmn1r-ps143-001	0	0	0	0	0	0
Vmn1r-ps144-001	2	3	4	2	1	3
Vmn1r-ps145-001	14	10	8	5	18	10
Vmn1r-ps146-001	1	1	4	0	2	0
Vmn1r-ps147-001	0	0	0	0	0	0
Vmn1r-ps148-001	0	0	0	0	0	0
Vmn1r-ps149-001	0	0	0	0	0	0
Vmn1r-ps15-001	3	0	3	0	0	3
Vmn1r-ps150-001	0	0	0	0	0	0
Vmn1r-ps151-001	0	0	0	0	0	0
Vmn1r-ps152-001	0	0	0	0	0	0
Vmn1r-ps16-001	0	0	0	0	0	0
Vmn1r-ps17-001	0	0	1	0	0	0
Vmn1r-ps18-001	0	0	0	0	0	0
Vmn1r-ps19-001	0	0	0	0	0	0
Vmn1r-ps2-001	0	0	0	0	0	0
Vmn1r-ps20-001	0	0	0	0	0	0
Vmn1r-ps21-001	0	0	0	0	0	0
Vmn1r-ps22-001	0	0	0	0	0	0
Vmn1r-ps23-001	0	0	0	0	0	0
Vmn1r-ps24-001	0	0	0	0	0	0
Vmn1r-ps25-001	0	0	0	0	0	0
Vmn1r-ps26-001	0	0	0	0	0	0
Vmn1r-ps27-001	0	0	0	0	0	0
Vmn1r-ps28-001	0	0	0	0	0	1
Vmn1r-ps29-001	0	0	0	0	0	0
Vmn1r-ps3-001	0	0	0	0	0	0
Vmn1r-ps31-001	0	0	0	0	0	0
Vmn1r-ps32-001	2	2	1	7	6	6
Vmn1r-ps34-001	0	0	0	0	0	0
Vmn1r-ps47-001	0	0	0	0	0	0
Vmn1r-ps48-001	0	0	0	0	0	0
Vmn1r-ps49-001	0	0	0	0	0	0
Vmn1r-ps51-001	0	0	0	0	0	0
Vmn1r-ps52-001	0	0	0	0	0	0
Vmn1r-ps53-001	0	0	0	0	0	0
Vmn1r-ps55-001	0	0	0	0	0	0
Vmn1r-ps56-001	0	0	0	0	0	0
Vmn1r-ps57-001	0	0	0	0	0	0
Vmn1r-ps58-001	0	0	0	0	0	0
Vmn1r-ps59-001	0	0	0	0	0	0
Vmn1r-ps60-001	0	0	0	0	0	0
Vmn1r-ps61-001	0	0	0	0	0	0
Vmn1r-ps62-001	0	0	0	0	0	0
Vmn1r-ps63-001	0	0	0	0	0	0
Vmn1r-ps64-001	0	0	0	0	0	0
Vmn1r-ps65-001	0	0	0	0	0	0
Vmn1r-ps66-001	0	0	0	0	0	0
Vmn1r-ps67-001	0	0	0	0	0	1
Vmn1r-ps68-001	0	0	0	1	0	0
Vmn1r-ps69-001	0	0	0	0	0	0
Vmn1r-ps70-001	0	0	0	0	0	0
Vmn1r-ps71-001	0	0	0	0	0	0
Vmn1r-ps73-001	0	0	0	0	0	0
Vmn1r-ps74-001	0	0	0	0	0	0
Vmn1r-ps75-001	0	0	0	0	0	0
Vmn1r-ps76-001	0	0	0	0	0	0
Vmn1r-ps77-001	0	0	0	0	0	0
Vmn1r-ps78-001	0	0	0	0	0	0
Vmn1r-ps79-001	0	0	0	0	0	0
Vmn1r-ps8-001	0	0	0	0	0	0
Vmn1r-ps80-001	0	0	0	0	0	0
Vmn1r-ps83-001	0	0	0	0	0	0
Vmn1r-ps84-001	0	0	0	0	0	0
Vmn1r-ps85-001	0	0	0	0	0	0
Vmn1r-ps86-001	0	0	0	0	0	0
Vmn1r-ps9-001	0	0	0	0	0	0
Vmn1r-ps92-001	0	0	0	0	1	1
Vmn1r-ps93-001	0	0	0	0	1	0
Vmn1r-ps94-001	1	0	0	1	1	0
Vmn1r-ps95-001	0	0	0	0	0	0
Vmn1r-ps97-001	0	0	0	2	0	0
Vmn1r-ps99-001	0	0	0	0	0	0
Vmn1r1	0	0	0	0	0	0
Vmn1r10	0	0	0	0	0	1
Vmn1r100	0	0	0	0	0	0
Vmn1r101	0	0	0	0	0	0
Vmn1r103	0	0	0	0	0	0
Vmn1r104	0	0	0	0	0	0
Vmn1r107	0	0	0	0	0	0
Vmn1r11	0	0	0	0	0	0
Vmn1r111	0	0	0	0	0	0
Vmn1r112	0	0	0	0	0	0
Vmn1r113	0	0	0	0	0	0
Vmn1r114	0	0	0	0	0	0
Vmn1r115	0	0	0	0	0	0
Vmn1r116	0	0	0	0	0	0
Vmn1r117	0	0	0	0	0	0
Vmn1r118	0	0	0	0	0	0
Vmn1r119	0	0	0	0	0	0
Vmn1r12	0	0	0	0	0	0
Vmn1r120	0	0	0	0	0	0
Vmn1r121	0	0	0	0	0	0
Vmn1r122	0	0	0	0	0	0
Vmn1r123	0	0	0	0	0	0
Vmn1r124	0	0	0	0	0	0
Vmn1r125	0	0	0	0	0	0
Vmn1r126	0	0	0	0	0	0
Vmn1r127	0	0	0	0	0	0
Vmn1r128	0	0	0	0	0	0
Vmn1r129	0	0	0	0	0	0
Vmn1r13	0	0	0	0	0	0
Vmn1r130	0	0	0	0	0	0
Vmn1r131	0	0	0	0	0	0
Vmn1r132	0	0	0	0	0	0
Vmn1r135	0	0	0	0	0	0
Vmn1r137	0	0	0	0	0	0
Vmn1r138	0	0	0	0	0	0
Vmn1r139	0	0	0	0	0	0
Vmn1r14	0	0	0	0	0	0
Vmn1r142	0	0	0	0	0	0
Vmn1r143	0	0	0	0	0	0
Vmn1r148	0	0	0	0	0	0
Vmn1r149	0	0	0	0	0	0
Vmn1r15	0	0	0	1	1	0
Vmn1r151	0	0	0	0	0	0
Vmn1r152	0	0	0	0	0	0
Vmn1r155	0	0	0	0	0	0
Vmn1r157	0	0	0	0	0	0
Vmn1r158	0	0	0	0	0	0
Vmn1r159	0	0	0	0	0	0
Vmn1r16	0	0	0	0	0	0
Vmn1r160	0	0	0	0	0	0
Vmn1r163	0	0	0	0	0	0
Vmn1r165	0	0	0	0	0	0
Vmn1r166	0	0	0	0	0	0
Vmn1r167	0	0	0	0	0	0
Vmn1r168	0	0	0	0	0	0
Vmn1r169	0	0	0	0	0	0
Vmn1r17	0	0	0	0	0	0
Vmn1r170	0	0	0	0	0	0
Vmn1r171	0	0	0	0	0	0
Vmn1r172	0	0	0	0	0	0
Vmn1r173	0	0	0	0	0	0
Vmn1r174	0	0	0	0	0	0
Vmn1r175	0	0	0	0	0	0
Vmn1r176	0	0	0	0	0	0
Vmn1r177	0	0	0	1	0	0
Vmn1r178	0	0	0	0	1	0
Vmn1r179	0	1	0	8	10	19
Vmn1r18	0	0	0	0	0	0
Vmn1r180	0	0	0	3	1	4
Vmn1r181	0	0	0	5	4	4
Vmn1r183	0	0	0	0	0	0
Vmn1r184	0	0	0	0	0	0
Vmn1r185	0	0	0	0	0	0
Vmn1r186	0	0	0	0	0	0
Vmn1r188	0	0	0	0	0	0
Vmn1r189	0	0	0	0	1	1
Vmn1r19	0	0	0	0	0	0
Vmn1r190-ps-001	0	0	0	3	2	1
Vmn1r191	0	0	0	0	0	1
Vmn1r192	0	0	0	0	0	0
Vmn1r193	0	0	0	0	0	0
Vmn1r194	0	0	0	0	0	0
Vmn1r195	0	0	0	0	0	0
Vmn1r196	0	0	0	0	0	0
Vmn1r197	0	0	0	0	0	0
Vmn1r198	0	0	0	0	0	0
Vmn1r199	0	0	0	0	0	0
Vmn1r2	0	0	0	0	0	0
Vmn1r20	0	0	0	0	0	0
Vmn1r200	0	0	0	0	0	0
Vmn1r201	0	0	0	0	0	0
Vmn1r202	0	0	0	0	0	0
Vmn1r203	0	0	0	0	0	0
Vmn1r204	0	0	0	0	0	0
Vmn1r205	0	0	0	0	0	0
Vmn1r206	0	0	0	0	0	0
Vmn1r207-ps-001	0	0	0	0	0	0
Vmn1r208	0	0	0	0	0	0
Vmn1r209	0	0	0	0	0	0
Vmn1r21	28	24	26	17	18	23
Vmn1r210	0	0	0	0	0	0
Vmn1r211	0	0	0	0	0	0
Vmn1r212	0	0	0	0	0	0
Vmn1r213	0	0	0	0	0	0
Vmn1r214	0	0	0	0	0	0
Vmn1r215	0	0	0	0	0	0
Vmn1r216	0	0	0	0	0	0
Vmn1r217	0	0	0	0	0	0
Vmn1r218	0	0	0	0	0	0
Vmn1r219	0	0	0	0	0	0
Vmn1r22	1	5	0	0	1	0
Vmn1r220	0	0	0	0	0	0
Vmn1r221-001	0	0	0	0	1	0
Vmn1r222	0	0	0	0	0	0
Vmn1r223	0	0	0	2	0	0
Vmn1r224	0	0	0	0	0	0
Vmn1r225	0	0	0	0	0	0
Vmn1r226	0	0	0	0	0	0
Vmn1r227-201	0	0	0	0	0	0
Vmn1r228	0	0	0	0	0	0
Vmn1r229	0	0	0	0	0	0
Vmn1r23	0	1	0	0	2	1
Vmn1r230	0	0	0	0	0	0
Vmn1r231	0	0	0	0	0	0
Vmn1r232	0	0	0	0	0	0
Vmn1r233	2	3	3	1	0	1
Vmn1r234	0	0	0	0	0	0
Vmn1r235	0	0	0	0	0	0
Vmn1r236	0	0	0	0	0	0
Vmn1r237	0	0	0	0	0	0
Vmn1r238	0	0	0	0	0	0
Vmn1r24	1	0	2	0	0	1
Vmn1r25	0	1	0	0	0	1
Vmn1r26	1	1	0	1	0	0
Vmn1r27	0	0	0	0	0	0
Vmn1r28	0	0	0	0	0	0
Vmn1r29	0	0	0	0	0	0
Vmn1r3	0	0	0	0	0	0
Vmn1r30	0	0	0	0	0	1
Vmn1r31	0	0	0	0	1	0
Vmn1r32	21	19	15	12	10	16
Vmn1r33	1	0	0	0	0	0
Vmn1r34	0	0	0	0	0	0
Vmn1r35	0	0	0	0	0	0
Vmn1r36	0	0	0	0	0	0
Vmn1r37	0	0	0	0	0	0
Vmn1r38	0	0	0	0	0	0
Vmn1r39	0	0	0	0	0	0
Vmn1r4	27	32	19	13	18	30
Vmn1r40	0	0	0	0	0	0
Vmn1r41	0	0	0	0	0	0
Vmn1r42	0	0	0	0	0	0
Vmn1r43	0	0	0	0	0	0
Vmn1r44	0	0	0	0	0	0
Vmn1r45	0	0	0	0	0	0
Vmn1r46	0	0	0	0	0	0
Vmn1r47	0	0	0	0	0	0
Vmn1r48	0	0	0	0	0	0
Vmn1r49	0	0	0	0	0	0
Vmn1r5	0	0	0	0	0	0
Vmn1r50	0	0	0	0	0	0
Vmn1r51	2	1	0	20	7	14
Vmn1r52	0	0	0	0	1	0
Vmn1r53	0	0	0	2	0	4
Vmn1r54	0	0	0	0	0	0
Vmn1r55	1	1	0	0	1	0
Vmn1r56	2	0	1	0	0	1
Vmn1r57	1	0	2	0	0	0
Vmn1r58	0	0	0	0	0	0
Vmn1r59	0	1	0	0	0	0
Vmn1r6	0	1	0	0	0	1
Vmn1r60	0	0	0	0	0	0
Vmn1r61	0	0	0	0	0	0
Vmn1r62	0	0	0	0	0	0
Vmn1r63	0	0	0	0	0	0
Vmn1r64	0	0	0	0	0	0
Vmn1r65	0	0	0	0	0	0
Vmn1r66	0	0	0	0	1	0
Vmn1r67	0	0	0	0	0	0
Vmn1r68	0	0	0	0	0	0
Vmn1r69	0	0	0	0	0	0
Vmn1r7	0	0	0	0	0	0
Vmn1r70	0	0	0	0	0	0
Vmn1r71	0	0	0	0	0	0
Vmn1r72	0	0	0	0	0	0
Vmn1r73	0	0	0	0	0	0
Vmn1r74	0	0	0	0	0	0
Vmn1r75	0	0	0	0	0	0
Vmn1r76	0	0	0	0	0	0
Vmn1r77	0	0	0	0	0	0
Vmn1r78	0	0	0	0	0	0
Vmn1r79	0	0	0	0	0	0
Vmn1r8	0	0	0	0	0	0
Vmn1r80	0	0	0	0	0	0
Vmn1r81	0	0	0	0	0	0
Vmn1r82	0	0	0	0	0	0
Vmn1r83	0	0	0	0	0	0
Vmn1r84	0	0	0	0	0	0
Vmn1r85	0	0	0	0	0	0
Vmn1r86	0	0	0	0	0	0
Vmn1r87	0	0	0	0	0	0
Vmn1r88	0	0	0	0	0	0
Vmn1r89	0	0	0	0	0	0
Vmn1r9	0	0	0	0	0	0
Vmn1r90	5	6	7	9	13	22
Vmn1r91	0	0	0	0	0	0
Vmn1r93	0	0	0	0	0	0
Vmn1r94	0	0	0	0	0	0
Vmn1r95	0	0	0	0	0	0
Vmn2r-ps10-001	0	0	0	0	0	0
Vmn2r-ps104	0	0	0	0	0	0
Vmn2r-ps11	4	5	1	7	0	1
Vmn2r-ps114-001	0	0	0	0	0	0
Vmn2r-ps115-001	0	0	0	0	0	0
Vmn2r-ps116-001	0	0	0	0	0	0
Vmn2r-ps117-001	0	0	0	0	0	0
Vmn2r-ps118-001	0	0	0	0	0	0
Vmn2r-ps119-001	0	0	0	0	0	0
Vmn2r-ps12-001	0	0	0	0	0	0
Vmn2r-ps120-001	0	0	0	0	0	0
Vmn2r-ps121-001	0	0	0	0	0	0
Vmn2r-ps122-001	0	0	0	0	0	0
Vmn2r-ps123-001	0	0	0	0	0	0
Vmn2r-ps124-001	0	0	0	0	0	0
Vmn2r-ps125-001	0	0	0	0	0	0
Vmn2r-ps126-001	0	0	0	0	0	0
Vmn2r-ps127-001	0	0	0	0	0	0
Vmn2r-ps128-001	0	0	0	0	0	0
Vmn2r-ps129-001	0	0	0	0	0	2
Vmn2r-ps13-001	0	0	0	0	0	0
Vmn2r-ps130	0	0	0	0	0	2
Vmn2r-ps131-001	0	0	1	0	0	2
Vmn2r-ps132-001	2	0	1	0	0	0
Vmn2r-ps133-001	0	0	0	0	0	0
Vmn2r-ps134-001	0	0	0	1	0	0
Vmn2r-ps139-001	0	0	0	0	0	0
Vmn2r-ps15-001	5	0	1	4	3	8
Vmn2r-ps159	26	32	12	6	2	3
Vmn2r-ps16-001	2	0	1	3	4	9
Vmn2r-ps17-001	4	0	1	5	5	11
Vmn2r-ps18-001	2	0	0	0	0	0
Vmn2r-ps19-001	7	3	5	1	3	1
Vmn2r-ps20-001	3	5	4	0	1	0
Vmn2r-ps21-001	0	0	0	0	0	0
Vmn2r-ps25-001	5	3	5	2	6	4
Vmn2r-ps26-001	0	0	0	0	0	0
Vmn2r-ps3-001	5	5	6	1	6	8
Vmn2r-ps32-001	0	0	0	0	0	0
Vmn2r-ps33-001	0	0	0	0	0	0
Vmn2r-ps34-001	0	0	0	0	0	0
Vmn2r-ps36-001	1	0	0	0	0	0
Vmn2r-ps37-001	3	2	1	1	0	0
Vmn2r-ps38-001	0	0	0	0	0	0
Vmn2r-ps4-001	0	0	0	0	0	0
Vmn2r-ps40-001	0	0	0	0	0	0
Vmn2r-ps41-001	0	0	0	0	0	0
Vmn2r-ps42-001	0	0	0	0	0	0
Vmn2r-ps43-001	0	1	0	0	2	1
Vmn2r-ps44-001	3	5	0	1	2	6
Vmn2r-ps45-001	2	7	7	2	2	5
Vmn2r-ps46-001	0	0	0	0	0	0
Vmn2r-ps47-001	0	0	0	0	0	0
Vmn2r-ps49-001	0	0	0	0	0	0
Vmn2r-ps5-001	0	3	1	0	1	0
Vmn2r-ps51-001	0	0	0	0	2	0
Vmn2r-ps52-001	0	0	0	0	0	0
Vmn2r-ps53-001	0	0	0	0	0	2
Vmn2r-ps54	8	11	15	5	4	4
Vmn2r-ps55-001	0	0	2	0	1	0
Vmn2r-ps56-001	1	2	1	0	0	0
Vmn2r-ps57-001	0	0	0	1	0	0
Vmn2r-ps58-001	0	0	0	0	0	0
Vmn2r-ps59-001	0	0	0	0	0	0
Vmn2r-ps6-001	0	0	0	0	0	0
Vmn2r-ps60-001	0	0	0	0	0	0
Vmn2r-ps62-001	0	1	0	0	0	0
Vmn2r-ps64-001	0	0	0	0	0	0
Vmn2r-ps65-001	0	0	0	0	0	0
Vmn2r-ps66-001	0	0	0	0	0	0
Vmn2r-ps67-001	0	0	0	0	0	0
Vmn2r-ps68-001	0	0	0	0	0	0
Vmn2r-ps69-001	0	0	0	0	0	0
Vmn2r-ps7-001	0	0	0	0	0	0
Vmn2r-ps70-001	0	0	0	0	0	0
Vmn2r-ps72-001	0	0	0	0	0	0
Vmn2r-ps73-001	0	0	0	0	0	0
Vmn2r-ps74-001	0	0	0	0	0	0
Vmn2r-ps75-001	0	0	0	0	0	0
Vmn2r-ps76-001	0	0	0	0	0	0
Vmn2r-ps77-001	0	0	0	0	0	0
Vmn2r-ps78-001	0	0	0	0	0	0
Vmn2r-ps79-001	0	0	0	0	0	0
Vmn2r-ps8-001	0	0	0	1	0	0
Vmn2r-ps80-001	0	0	0	0	0	0
Vmn2r-ps81-001	0	0	0	0	0	0
Vmn2r-ps82-001	0	0	0	0	0	0
Vmn2r-ps83-001	0	0	0	0	0	0
Vmn2r-ps84-001	0	0	0	0	0	0
Vmn2r-ps85-001	0	0	0	0	0	0
Vmn2r-ps86-001	0	0	0	0	0	0
Vmn2r-ps87-001	0	0	0	0	0	0
Vmn2r-ps88-001	4	4	2	1	2	1
Vmn2r-ps89-001	45	40	39	25	37	37
Vmn2r-ps9-001	0	0	0	0	0	0
Vmn2r-ps94-001	0	0	0	0	0	0
Vmn2r1	225	196	139	114	140	190
Vmn2r10	0	0	0	0	0	0
Vmn2r100	0	0	0	0	0	0
Vmn2r101	0	0	0	0	0	0
Vmn2r102	0	0	0	0	0	0
Vmn2r103	0	0	0	0	0	0
Vmn2r104	0	0	0	0	0	0
Vmn2r105	0	0	0	0	0	0
Vmn2r106	0	0	0	0	0	0
Vmn2r107	0	0	0	0	0	0
Vmn2r108	0	0	0	0	0	0
Vmn2r109	0	0	0	0	0	0
Vmn2r11	0	0	0	0	0	0
Vmn2r110	0	0	0	0	0	0
Vmn2r111	0	2	0	0	0	2
Vmn2r112	1	1	0	0	2	0
Vmn2r113	0	0	0	0	0	0
Vmn2r114	0	0	0	0	0	0
Vmn2r115	0	0	0	0	0	0
Vmn2r116	0	0	0	0	0	0
Vmn2r117	0	0	0	0	0	0
Vmn2r118	3	6	1	2	2	5
Vmn2r12	0	0	2	0	0	0
Vmn2r120	0	0	0	0	0	0
Vmn2r121	0	4	2	1	4	0
Vmn2r122	14	11	15	2	1	3
Vmn2r124	0	0	0	0	0	0
Vmn2r125	3	0	1	1	0	0
Vmn2r13	0	0	0	0	0	0
Vmn2r14	0	0	0	0	0	0
Vmn2r15	7	20	11	0	0	0
Vmn2r16	0	0	0	0	0	0
Vmn2r17	0	0	0	0	0	0
Vmn2r18	0	0	0	1	0	1
Vmn2r19	0	0	0	0	0	0
Vmn2r2	7	6	2	2	2	4
Vmn2r20	0	0	0	0	0	0
Vmn2r21	0	0	0	0	0	0
Vmn2r22	0	0	0	0	0	0
Vmn2r23	0	0	0	0	0	0
Vmn2r24	1	0	0	0	0	0
Vmn2r25	4	1	3	0	1	0
Vmn2r26	0	0	0	0	0	0
Vmn2r27	0	0	0	0	0	0
Vmn2r28	1	0	0	0	0	0
Vmn2r29	47	53	36	48	44	42
Vmn2r3	2	0	1	0	2	0
Vmn2r30	5	6	2	3	9	9
Vmn2r31	1	4	2	3	0	0
Vmn2r32	0	2	0	0	0	0
Vmn2r33	0	0	1	0	1	0
Vmn2r34	0	0	0	0	0	0
Vmn2r35	1	0	1	1	0	1
Vmn2r36	0	0	0	0	0	0
Vmn2r37	0	0	0	0	0	0
Vmn2r38	1	2	1	1	1	0
Vmn2r39	0	0	0	0	0	0
Vmn2r4	0	3	1	1	2	0
Vmn2r40	0	0	0	0	1	0
Vmn2r41	0	0	0	0	1	1
Vmn2r42	0	2	0	0	0	0
Vmn2r43	0	0	0	0	0	0
Vmn2r44	0	1	0	0	0	0
Vmn2r45	0	0	0	0	0	0
Vmn2r46	4	10	10	15	10	11
Vmn2r47	3	5	0	2	2	6
Vmn2r48	0	0	0	0	0	0
Vmn2r49	0	0	0	0	0	0
Vmn2r5	7	7	1	3	1	2
Vmn2r50	0	0	0	0	0	0
Vmn2r51	0	0	0	0	0	0
Vmn2r52	0	0	0	0	0	0
Vmn2r53	3	2	0	1	1	4
Vmn2r54	0	3	0	1	1	1
Vmn2r55	0	4	3	2	0	0
Vmn2r56	0	3	0	0	0	0
Vmn2r57	54	39	44	6	2	6
Vmn2r58	0	0	1	0	0	1
Vmn2r59	0	0	0	0	0	0
Vmn2r6	2	4	3	2	0	0
Vmn2r60	0	0	0	0	0	0
Vmn2r61	0	0	0	0	0	0
Vmn2r62	0	3	4	0	0	2
Vmn2r63	3	1	0	0	0	2
Vmn2r65	0	0	0	0	0	0
Vmn2r66	0	0	0	0	0	0
Vmn2r67	0	0	0	0	0	0
Vmn2r68	0	0	0	0	0	0
Vmn2r69	0	0	0	0	0	0
Vmn2r7	5	6	5	9	1	0
Vmn2r70	0	0	0	0	0	0
Vmn2r71	0	0	0	0	0	0
Vmn2r72	0	0	0	0	0	0
Vmn2r73	0	0	0	0	0	0
Vmn2r74	0	0	0	0	0	0
Vmn2r75	0	0	0	0	0	0
Vmn2r76	0	0	0	0	0	0
Vmn2r77	0	1	0	0	0	0
Vmn2r78	0	0	0	0	0	0
Vmn2r79	0	0	0	0	0	0
Vmn2r8	0	1	0	0	0	0
Vmn2r80	0	0	0	0	0	0
Vmn2r81	0	0	1	0	1	0
Vmn2r82	1	0	0	0	2	3
Vmn2r83	6	4	4	0	8	10
Vmn2r84	25	29	21	17	35	31
Vmn2r85	16	22	11	18	15	13
Vmn2r86	9	8	11	5	10	13
Vmn2r87	22	31	21	8	30	28
Vmn2r88	0	0	0	2	2	0
Vmn2r89	17	18	13	13	24	11
Vmn2r9	0	0	1	0	0	0
Vmn2r90	3	0	0	0	0	0
Vmn2r91	0	0	1	0	0	0
Vmn2r92	0	0	0	0	0	0
Vmn2r93	0	0	1	0	0	0
Vmn2r94	0	0	0	0	0	0
Vmn2r95	0	0	0	0	0	0
Vmn2r96	0	0	0	0	0	0
Vmn2r97	0	0	0	0	0	0
Vmn2r98	0	0	0	0	0	0
Vmn2r99	0	0	0	0	0	0
Vmo1	12	9	11	3	7	2
Vmp1	3664	3402	2601	2336	2519	2858
Vnn1	1	4	5	0	6	1
Vnn3	0	1	2	2	2	0
Vopp1	27372	25527	20280	21007	22548	25229
Vprbp	3532	3089	2480	2353	2518	2860
Vpreb1	2	2	0	1	1	0
Vpreb2	0	0	0	0	0	0
Vpreb3	18	12	10	9	6	16
Vps11	2995	2744	2077	1828	2000	2265
Vps13a	2780	2574	1827	1720	1912	2075
Vps13b	8349	7838	6367	5153	6316	6455
Vps13c	3906	3512	2850	2424	2983	2871
Vps13d	8768	8101	6803	5039	6248	6330
Vps16	2330	2298	1779	1533	1759	1931
Vps18	2949	2841	2090	1890	1984	2218
Vps25	1054	1086	779	780	794	914
Vps26a	2385	2101	1556	1441	1598	1867
Vps26b	5215	4999	3848	3405	3872	4436
Vps29	2668	2824	1942	1871	2088	2323
Vps33a	3328	3188	2419	2346	2513	2996
Vps33b	931	842	737	710	952	977
Vps35	10615	9597	7199	6495	7142	8376
Vps36	2320	2138	1524	1329	1514	1676
Vps37a	10424	9647	7043	7076	7832	8391
Vps37b	1348	1351	912	925	985	1010
Vps37c	1819	1621	1391	1681	1864	1907
Vps37d	393	336	257	283	299	307
Vps39	2866	2825	2156	1806	2087	2232
Vps41	5267	4946	3622	3277	3547	4151
Vps45	1814	1777	1273	1206	1277	1530
Vps4a	2530	2422	1656	2988	3134	3615
Vps4b	2373	2450	1710	1612	1799	1895
Vps50	3739	3433	2564	2175	2537	2832
Vps51	2289	2177	1630	1503	1652	1846
Vps52	1941	1923	1453	2202	2401	2531
Vps53	2782	2654	2008	1486	1600	1672
Vps54	3345	3210	2307	2262	2482	2705
Vps72	1317	1241	897	934	996	1114
Vps8	3947	3802	2955	2659	2988	3418
Vps9d1	894	894	709	699	743	785
Vrk1	1545	1546	1094	1020	1163	1232
Vrk2	132	156	103	119	127	132
Vrk3	1113	1176	931	838	972	1051
Vrtn	0	0	0	0	2	0
Vsig1	0	0	0	0	0	0
Vsig10	169	162	106	127	132	149
Vsig10l	79	110	75	65	89	78
Vsig2	46	46	43	37	49	42
Vsig4	0	0	0	0	0	0
Vsig8	3	5	2	11	17	10
Vsir	131	130	103	67	67	90
Vsnl1	2718	2644	1746	1542	1644	1755
Vstm2a	3415	3212	2149	2346	2540	2978
Vstm2b	1592	1427	1077	768	951	1097
Vstm2l	557	499	414	467	434	490
Vstm4	148	177	95	89	79	105
Vstm5	164	150	117	112	131	150
Vsx1	1878	1575	1019	1149	1273	1458
Vsx2	7986	7084	5344	4769	5598	6238
Vta1	1679	1604	1217	1139	1276	1449
Vtcn1	0	1	3	2	1	2
Vti1a	2027	1889	1344	1336	1494	1612
Vti1b	2878	2671	1994	1855	2016	2184
Vtn	28253	28519	21934	18085	19193	21503
Vwa1	290	274	239	237	241	257
Vwa2	3	4	4	5	2	5
Vwa3a	7	9	3	5	4	6
Vwa3b	0	2	0	0	0	1
Vwa5a	663	568	423	347	441	445
Vwa5b1	78	89	52	89	121	97
Vwa5b2	287	253	194	223	233	251
Vwa7	140	156	118	109	127	106
Vwa8	3424	3341	2541	1835	2061	2321
Vwa9	1182	1157	839	863	995	1023
Vwc2	529	533	362	402	396	437
Vwc2l	774	703	516	500	557	621
Vwce	6	2	5	4	4	2
Vwde	1	1	1	4	3	4
Vwf	294	287	203	81	89	106
WI1-648A4.1	336	352	275	258	288	331
Wac	5056	4874	3518	3358	3916	4196
Wap	1	0	0	1	0	4
Wapl	18844	16793	12468	10636	11932	13128
Wars	3226	2967	2286	2110	2255	2511
Wars2	606	694	452	519	609	596
Was	7	7	8	6	1	1
Wasf1	305	302	191	201	201	205
Wasf2	498	559	391	452	504	454
Wasf3	8754	7744	6199	6372	6920	7459
Wash1	1480	1438	1161	1074	1182	1238
Wasl	2522	2433	1764	1615	1873	2044
Wbp1	1891	1635	1339	1232	1366	1438
Wbp11	1630	1599	1132	1130	1324	1357
Wbp1l	624	603	473	470	482	527
Wbp2	5095	4954	3552	3806	4046	4475
Wbp2nl	0	1	0	1	1	1
Wbp4	2997	2979	2177	2263	2433	2680
Wbp5	4608	4208	3129	2768	3004	3426
Wbscr16	425	470	345	331	402	389
Wbscr17	1173	1189	785	952	979	1157
Wbscr22	825	769	574	546	629	668
Wbscr25	8	3	5	2	1	1
Wbscr27	346	281	219	227	220	240
Wbscr28	0	0	0	0	0	0
Wdfy1	2596	2739	2008	3032	3393	3863
Wdfy2	833	742	611	543	592	625
Wdfy3	11287	10273	8488	6558	8307	7872
Wdfy4	17	11	14	5	13	9
Wdhd1	425	453	333	339	355	370
Wdpcp	1057	977	804	704	700	859
Wdr1	5641	5620	3959	3574	3990	4449
Wdr11	2901	2634	2014	1869	2005	2286
Wdr12	1176	1133	786	784	878	920
Wdr13	3552	3274	2602	2488	2621	2840
Wdr17	17408	15612	12288	11203	12731	13217
Wdr18	1223	1169	851	773	989	1095
Wdr19	1098	1216	889	832	1042	1083
Wdr20	3566	3392	2615	2261	2455	2851
Wdr20rt	18	9	12	10	20	26
Wdr24	788	742	584	613	606	703
Wdr25	319	350	226	262	280	280
Wdr26	4452	4399	3189	3306	3826	4039
Wdr27	200	174	180	120	141	151
Wdr3	1648	1493	1195	1212	1374	1495
Wdr31	1464	1147	985	1025	1338	1199
Wdr33	3663	3516	2591	2594	2848	3001
Wdr34	815	716	547	562	697	652
Wdr35	2414	2416	1835	1682	1844	2071
Wdr36	1423	1374	1015	1036	1161	1230
Wdr37	4666	4684	3291	3206	3666	4025
Wdr38	549	624	413	437	430	537
Wdr4	1277	1232	918	884	948	1110
Wdr41	1740	1661	1279	1222	1233	1300
Wdr43	2528	2493	1828	1614	1930	2055
Wdr44	1019	934	687	661	757	815
Wdr45	850	795	639	611	657	774
Wdr45b	1574	1545	1185	1062	1246	1276
Wdr46	372	384	294	301	321	343
Wdr47	8943	8106	6373	5733	6383	6685
Wdr48	4575	4436	3259	3113	3338	3949
Wdr49	9	8	8	2	12	8
Wdr5	1577	1626	1204	1099	1306	1366
Wdr53	481	438	347	293	297	360
Wdr54	804	779	562	605	679	737
Wdr55	547	559	436	344	331	401
Wdr59	1366	1308	1052	933	1110	1173
Wdr5b	1256	1129	898	697	800	891
Wdr6	14925	13513	10615	9342	9941	10999
Wdr60	1488	1424	1124	1268	1408	1433
Wdr61	3412	3318	2517	2284	2640	2906
Wdr62	32	36	25	63	66	63
Wdr63	49	52	39	22	53	43
Wdr64	0	0	0	0	0	0
Wdr66	1079	1080	816	659	797	816
Wdr7	7902	7166	5583	5050	5619	6162
Wdr70	849	836	616	577	699	725
Wdr72	48	55	26	43	61	39
Wdr73	783	755	555	598	641	706
Wdr74	709	669	525	450	557	577
Wdr75	1939	1881	1468	1200	1309	1526
Wdr76	984	943	693	765	892	1025
Wdr77	3176	3093	2381	2096	2304	2506
Wdr78	11123	10116	7757	6971	7848	8676
Wdr81	1017	987	755	667	739	877
Wdr82	5662	5468	4300	4218	4529	5027
Wdr83	863	799	586	717	754	791
Wdr83os	628	599	471	400	418	466
Wdr86	23	24	21	9	13	9
Wdr89	1586	1544	1164	861	970	1121
Wdr90	1196	1117	948	967	997	1116
Wdr91	603	519	403	361	463	469
Wdr92	713	749	591	511	509	623
Wdr93	69	54	61	61	50	55
Wdr95	38	34	29	19	25	28
Wdsub1	579	462	341	336	355	405
Wdtc1	6116	5675	4754	4016	4426	4825
Wdyhv1	510	507	353	329	395	420
Wee1	317	299	221	276	241	282
Wee2	18	12	6	16	12	9
Wfdc1	200	246	154	109	88	71
Wfdc10	22	28	22	33	40	34
Wfdc11	0	0	0	0	0	0
Wfdc12	0	0	0	0	0	0
Wfdc13	0	0	0	0	0	0
Wfdc15a	0	0	0	0	0	0
Wfdc15b	0	0	0	0	0	0
Wfdc16	0	0	0	0	0	0
Wfdc17	2	2	0	0	0	0
Wfdc18	0	2	0	0	0	0
Wfdc2	83	67	57	41	51	62
Wfdc21	3	1	1	1	8	5
Wfdc3	50	37	30	28	37	42
Wfdc5	0	0	0	0	0	0
Wfdc6a	3	3	2	0	0	2
Wfdc6b	2	0	0	0	0	2
Wfdc8	0	1	0	0	0	0
Wfdc9	0	0	0	0	1	0
Wfikkn1	103	72	58	64	98	85
Wfikkn2	212	214	154	77	104	108
Wfs1	1190	1163	841	791	919	965
Whamm	558	541	422	346	400	449
Whrn	1658	1680	1343	1354	1563	1502
Whsc1	7617	7117	5332	4855	5698	5921
Whsc1l1	3099	2968	2328	1988	2315	2328
Wif1	21	13	17	13	2	1
Wipf1	126	129	122	87	95	76
Wipf2	1356	1297	1039	904	934	1103
Wipf3	126	149	103	84	140	96
Wipi1	1491	1375	1037	1046	1250	1278
Wipi2	4744	4347	3506	3308	3582	3959
Wisp1	3150	2449	1920	1454	2155	2314
Wisp2	6	3	2	1	1	6
Wisp3	115	115	74	73	113	86
Wiz	492	555	360	410	417	430
Wls	269	361	240	156	191	175
Wnk1	9349	9161	7316	6043	7239	7086
Wnk2	1459	1446	1096	935	1087	1151
Wnk3	1347	1271	1015	808	975	991
Wnk4	213	246	180	160	176	189
Wnt1	0	0	0	0	0	0
Wnt10a	45	46	30	30	31	23
Wnt10b	0	0	3	0	0	0
Wnt11	20	37	16	65	52	44
Wnt16	36	38	25	24	29	29
Wnt2	1	1	0	1	3	1
Wnt2b	322	330	265	229	256	279
Wnt3	11	12	5	10	11	9
Wnt3a	0	0	0	3	2	0
Wnt4	12	20	16	29	41	43
Wnt5a	287	288	188	184	222	244
Wnt5b	152	160	83	72	61	67
Wnt6	13	3	11	6	3	4
Wnt7a	0	2	1	1	0	1
Wnt7b	2	0	4	4	2	2
Wnt8a	1	5	4	4	1	5
Wnt8b	11	2	5	6	6	4
Wnt9a	67	47	34	29	34	39
Wnt9b	109	87	79	37	52	66
Wrap53	632	573	471	275	316	305
Wrap73	857	805	618	572	662	725
Wrb	3633	3566	2618	2375	2552	2962
Wrn	1521	1413	986	857	982	1085
Wrnip1	2510	2454	1745	1763	1907	2157
Wsb1	3138	2909	2066	2374	2813	2977
Wsb2	2907	2870	2174	1853	1931	2236
Wscd1	1892	1777	1319	1678	1719	2011
Wscd2	1272	1218	940	784	921	1066
Wt1	0	0	0	0	0	0
Wt1os	0	1	0	0	0	0
Wtap	4436	4282	3314	3063	3428	3692
Wtip	212	211	180	255	267	328
Wwc1	308	355	224	172	188	185
Wwc2	3762	3426	2730	2458	2716	2921
Wwox	1797	1582	1211	924	1058	1105
Wwp1	3993	3813	2787	2910	3392	3612
Wwp2	1416	1413	1026	881	988	1088
Wwtr1	717	764	497	586	585	650
Xab2	2651	2531	1990	1866	2057	2159
Xaf1	73	66	67	124	130	145
Xbp1	1793	1690	1219	1138	1259	1490
Xcl1	0	0	0	0	0	0
Xcr1	76	64	71	56	65	64
Xdh	38	38	37	30	22	28
Xiap	25958	24953	18375	17532	20240	21800
Xirp1	1	0	2	0	4	1
Xirp2	34	55	37	17	29	21
Xk	289	245	189	155	196	172
Xkr4	702	675	516	381	421	438
Xkr5	2	2	1	1	0	0
Xkr6	305	313	230	148	197	179
Xkr7	319	347	239	258	271	289
Xkr8	207	225	146	146	200	189
Xkr9	0	0	0	0	0	0
Xkrx	16	17	14	10	12	21
Xlr	8	12	4	12	9	8
Xlr3a	566	288	97	167	82	251
Xlr3b	1042	622	295	308	129	404
Xlr3c	266	158	78	102	41	147
Xlr3d-ps-001	14	12	2	7	1	7
Xlr3e-ps-001	0	2	0	0	0	0
Xlr4a	49	21	12	10	5	10
Xlr4b	23	13	15	28	24	34
Xlr4c	27	16	15	16	18	19
Xlr4d-ps-001	0	0	1	1	0	2
Xlr4e-ps-001	0	1	0	2	0	0
Xlr5a	0	0	0	0	0	0
Xlr5b	0	0	0	0	0	0
Xlr5c	0	0	0	0	0	0
Xlr5d-ps-001	0	0	0	0	0	0
Xlr5e-ps-001	0	0	0	0	0	0
Xndc1	1052	949	693	856	993	1062
Xntrpc	736	725	524	552	639	649
Xpa	540	518	409	425	468	517
Xpc	795	798	630	599	670	639
Xpnpep1	1410	1249	946	933	1085	1174
Xpnpep2	1	4	7	1	2	0
Xpnpep3	971	878	684	631	761	780
Xpo1	9788	10136	7335	6367	7917	8141
Xpo4	1668	1563	1180	982	1103	1250
Xpo5	2416	2109	1682	1607	1700	1919
Xpo6	2676	2688	2134	1755	2044	2051
Xpo7	3459	3319	2561	2106	2551	2654
Xpot	3512	3204	2373	2173	2448	2743
Xpr1	4940	4958	3575	3291	3666	3678
Xrcc1	1076	1126	881	835	915	1022
Xrcc2	743	742	591	586	625	741
Xrcc3	351	321	265	291	335	380
Xrcc4	1120	1113	773	726	854	840
Xrcc5	1372	1267	949	862	998	1101
Xrcc6	1652	1550	1257	920	1079	1231
Xrcc6bp1	96	97	65	65	83	89
Xrn1	3592	3228	2602	2305	3021	2858
Xrn2	5583	5268	3813	3590	4075	4555
Xrra1	117	120	97	56	52	71
Xxylt1	1160	1095	848	725	803	917
Xylb	182	178	127	195	191	242
Xylt1	2640	2596	2078	1866	2139	2109
Xylt2	926	870	658	712	811	876
Yae1d1	2018	1995	1441	1449	1648	1734
Yaf2	2717	2526	1967	1895	2023	2252
Yap1	872	850	613	500	599	640
Yars	3406	3109	2251	1809	2003	2301
Yars2	472	435	314	300	396	398
Ybey	431	384	273	281	297	361
Ybx1	11987	11474	8246	7470	8187	8948
Ybx2	89	110	73	80	95	91
Ybx3	15355	14747	11255	8094	8631	9522
Ydjc	1345	1185	917	788	901	1003
Yeats2	1462	1303	1137	994	1156	1140
Yeats4	1939	1930	1378	1332	1425	1684
Yes1	3587	3363	2419	2288	2640	2955
Yif1a	1243	1194	1025	959	1097	1165
Yif1b	1004	953	688	692	781	848
Yipf1	1002	953	726	760	800	905
Yipf2	765	901	578	600	628	693
Yipf3	1411	1533	957	938	1027	1141
Yipf4	3567	3201	2271	2349	2530	3059
Yipf5	2359	2416	1657	1481	1762	1888
Yipf6	2837	2724	1849	1968	2167	2344
Yipf7	2	1	1	1	0	1
Yjefn3	73	70	61	55	66	68
Ykt6	3151	3149	2172	1958	2150	2415
Ylpm1	4694	4524	3577	2828	3330	3431
Yme1l1	9147	8505	5894	5659	6388	7263
Yod1	3038	2810	2056	1997	2221	2291
Ypel1	594	532	393	376	490	443
Ypel2	12760	11662	8901	8216	9088	9720
Ypel3	1943	1838	1493	1380	1593	1701
Ypel4	1044	1107	819	838	844	915
Ypel5	4133	3782	2639	2844	3172	3631
Yrdc	1041	949	711	663	795	852
Ythdc1	5455	5275	4024	3888	4479	4616
Ythdc2	2424	2171	1703	1187	1405	1478
Ythdf1	1902	1879	1436	1244	1398	1428
Ythdf2	2406	2392	1757	1577	1816	1946
Ythdf3	4921	4881	3380	2983	3563	3649
Ywhab	7722	7463	5179	4716	5501	5934
Ywhae	12564	13505	8200	7888	8949	9801
Ywhag	11330	10970	7454	7405	7926	8913
Ywhah	5791	5484	3928	3727	3895	4473
Ywhaq	15183	13686	10186	9772	10737	12255
Ywhaz	17934	18053	11932	10993	12205	13624
Yy1	2171	2149	1561	1544	1633	1876
Yy2	177	174	150	99	143	161
Zadh2	388	373	274	296	312	296
Zak	348	322	219	179	190	210
Zan	866	860	796	426	472	447
Zap70	107	100	79	76	75	78
Zar1	6	4	5	2	5	9
Zar1l	0	1	0	0	0	0
Zbbx	0	0	0	0	1	0
Zbed3	303	273	226	216	206	272
Zbed4	1892	1730	1306	1249	1455	1468
Zbed5	772	760	603	574	594	647
Zbed6	2541	2567	1977	1720	2165	1982
Zbp1	2	4	7	4	4	3
Zbtb1	1359	1240	887	773	871	980
Zbtb10	1346	1258	981	846	993	1091
Zbtb11	2870	2817	2091	2110	2214	2390
Zbtb11os1	113	113	79	96	99	101
Zbtb12	309	322	221	223	260	245
Zbtb14	1518	1372	947	989	1048	1178
Zbtb16	206	251	159	145	177	187
Zbtb17	1157	1115	847	798	800	891
Zbtb18	8474	7591	5684	4980	5591	6155
Zbtb2	499	497	307	346	365	358
Zbtb20	4712	5107	4008	3101	4245	3926
Zbtb21	1935	1898	1348	1330	1482	1554
Zbtb22	2397	2150	1620	1588	1728	1909
Zbtb24	915	936	689	644	763	839
Zbtb25	581	574	383	331	428	363
Zbtb26	1752	1698	1166	1158	1454	1517
Zbtb3	309	256	239	227	227	247
Zbtb32	88	80	55	60	76	69
Zbtb33	2186	1985	1501	1317	1508	1705
Zbtb34	669	616	462	459	501	500
Zbtb37	4539	4247	3596	2303	2809	2663
Zbtb38	6434	5676	4343	4457	4840	5144
Zbtb39	1115	1009	796	792	903	911
Zbtb4	11290	10168	8016	9446	10827	11093
Zbtb40	1273	1253	1094	934	1015	1110
Zbtb41	3008	2917	2115	2079	2480	2494
Zbtb42	39	38	26	21	36	23
Zbtb43	1212	1301	922	870	921	919
Zbtb44	4222	3928	2916	2944	3436	3433
Zbtb45	654	634	499	473	533	582
Zbtb46	401	438	305	336	381	363
Zbtb48	573	604	465	405	403	457
Zbtb49	745	745	596	576	560	610
Zbtb5	1672	1457	1175	1107	1200	1275
Zbtb6	4243	3900	2988	2749	3089	3246
Zbtb7a	2412	2615	1668	1633	1910	2031
Zbtb7b	2323	1994	1482	1561	1793	1952
Zbtb7c	84	93	68	37	31	56
Zbtb8a	284	276	211	246	263	253
Zbtb8b	245	215	144	123	131	140
Zbtb8os	519	593	455	432	504	489
Zbtb9	1419	1379	1042	932	963	1119
Zc2hc1a	1980	1898	1371	1293	1508	1570
Zc2hc1b	1	2	0	1	4	1
Zc2hc1c	760	613	534	460	573	617
Zc3h10	1115	1013	778	726	757	859
Zc3h11a	6125	5771	4486	4396	5237	5331
Zc3h12a	51	35	29	22	24	26
Zc3h12b	412	401	288	236	300	261
Zc3h12c	1934	1871	1404	1099	1178	1338
Zc3h12d	4	6	3	1	2	3
Zc3h13	2479	2243	1975	1787	2154	2046
Zc3h14	5371	4923	3789	3731	4142	4717
Zc3h15	4979	4891	3646	3043	3411	3769
Zc3h18	2826	2765	2084	1858	2196	2282
Zc3h3	624	606	469	492	533	564
Zc3h4	4520	4396	3428	3347	3760	4074
Zc3h6	1817	1701	1251	1417	1560	1652
Zc3h7a	3066	2745	2206	2174	2625	2564
Zc3h7b	4874	4733	3481	3353	3590	3949
Zc3h8	433	362	260	191	302	286
Zc3hav1	248	257	179	69	61	64
Zc3hav1l	171	204	136	140	136	157
Zc3hc1	760	743	568	515	543	651
Zc4h2	1130	1033	653	689	773	910
Zcchc10	156	194	128	133	131	127
Zcchc11	3136	2925	2214	1964	2284	2242
Zcchc12	576	503	351	332	374	416
Zcchc13	0	0	1	0	0	0
Zcchc14	2413	2414	1927	1834	2199	2259
Zcchc16	7	11	10	6	10	5
Zcchc17	2502	2314	1791	1902	2033	2254
Zcchc18	4399	4072	2866	2529	2761	3003
Zcchc2	1293	1366	1014	955	1052	1122
Zcchc24	403	385	284	214	228	258
Zcchc3	1057	1133	718	766	887	990
Zcchc4	593	634	462	397	513	524
Zcchc5	0	0	0	0	0	0
Zcchc6	3684	3584	2721	2495	2972	2961
Zcchc7	2261	2298	1760	1599	1919	1802
Zcchc8	2730	2475	1798	1753	2103	2236
Zcchc9	689	668	503	523	590	621
Zcrb1	978	980	751	698	817	878
Zcwpw1	343	328	224	277	344	337
Zcwpw2	60	49	30	29	42	36
Zdbf2	545	531	391	354	352	361
Zdhhc1	475	507	326	432	453	453
Zdhhc11	1	0	1	1	1	2
Zdhhc12	328	314	200	251	241	274
Zdhhc13	1313	1191	883	892	1083	1084
Zdhhc14	340	301	229	225	262	325
Zdhhc15	189	212	103	82	118	119
Zdhhc16	2295	2153	1613	1420	1546	1662
Zdhhc17	8925	8156	6118	6149	6960	7170
Zdhhc18	369	435	286	301	364	419
Zdhhc19	3	0	0	0	1	0
Zdhhc2	6594	6088	4488	5201	5880	6678
Zdhhc20	1950	1857	1352	500	649	624
Zdhhc21	2912	2811	1993	1557	1738	1766
Zdhhc22	337	309	204	262	304	312
Zdhhc23	71	50	53	33	43	53
Zdhhc24	770	711	557	553	602	618
Zdhhc25	0	0	0	0	0	0
Zdhhc3	2369	2178	1629	1577	1762	1966
Zdhhc4	623	609	446	429	489	499
Zdhhc5	7858	7237	5412	4726	5100	5456
Zdhhc6	2391	2317	1822	1838	1898	2279
Zdhhc7	1160	1246	962	918	1008	1050
Zdhhc8	756	691	615	480	566	532
Zdhhc9	352	360	276	291	299	347
Zeb1	2237	2220	1526	1482	1695	1794
Zeb2	4504	4043	2962	2982	3282	3374
Zeb2os	248	222	191	173	170	173
Zer1	2735	2600	2030	1848	2096	2123
Zfand1	978	887	601	495	657	590
Zfand2a	1505	1384	1121	967	1052	1228
Zfand2b	454	408	296	316	318	376
Zfand3	1465	1342	1096	810	895	1022
Zfand4	268	251	181	144	136	202
Zfand5	7888	7005	5023	5102	5729	6135
Zfand6	4944	4747	3438	3348	3895	4268
Zfat	736	723	531	501	498	598
Zfc3h1	7562	7279	5393	4926	5842	5785
Zfhx2	1070	1089	821	713	862	800
Zfhx2os	576	600	447	369	409	380
Zfhx3	1688	1751	1246	1003	1249	1264
Zfhx4	2587	2559	1956	1407	1676	1687
Zfp-ps-001	0	1	1	0	0	1
Zfp1	845	800	561	577	695	713
Zfp101	1046	999	801	675	735	782
Zfp105	941	833	635	510	579	657
Zfp106	11716	11244	8479	7926	8914	9450
Zfp108	420	422	340	284	330	332
Zfp109	778	734	527	467	479	575
Zfp11	502	544	400	337	391	426
Zfp110	3503	3133	2456	2210	2400	2575
Zfp111	1357	1467	1037	895	1011	1144
Zfp112	242	251	170	153	158	180
Zfp113	1168	1188	913	812	930	951
Zfp114	194	196	147	182	198	177
Zfp119a	629	669	486	417	501	551
Zfp119b	1022	900	600	674	685	817
Zfp12	1935	1831	1439	1396	1574	1718
Zfp120	1710	1504	1218	1204	1368	1428
Zfp125	141	106	85	69	69	83
Zfp128	894	768	673	566	627	708
Zfp13	922	875	703	659	690	785
Zfp131	3002	2926	2244	1531	1714	1787
Zfp133-ps-001	33	29	32	37	43	37
Zfp14	865	850	644	477	525	510
Zfp141	590	559	423	440	507	593
Zfp142	654	758	582	431	492	523
Zfp143	1597	1522	1216	1108	1270	1417
Zfp146	1725	1638	1240	1117	1335	1424
Zfp148	5892	5756	4197	3769	4507	4711
Zfp157	2122	1968	1489	1200	1451	1450
Zfp160	1344	1292	933	869	1006	1041
Zfp169	764	693	631	517	599	609
Zfp174	408	386	304	285	381	397
Zfp180	2398	2505	1967	1835	2027	2211
Zfp182	841	796	512	470	602	660
Zfp184	281	260	209	186	247	215
Zfp185	158	168	132	50	56	63
Zfp189	513	524	343	372	383	424
Zfp2	1575	1434	1049	1140	1288	1270
Zfp202	377	348	272	278	282	340
Zfp207	10033	9949	7288	7197	8531	8279
Zfp212	706	737	576	549	558	640
Zfp213	756	732	507	500	492	558
Zfp217	315	274	200	196	231	213
Zfp219	1991	1798	1456	1470	1587	1639
Zfp229	956	961	712	719	819	875
Zfp235	978	1031	684	739	779	863
Zfp236	4276	4122	3198	2850	3210	3386
Zfp239	435	397	275	275	325	366
Zfp24	5891	5579	3885	3774	4050	4546
Zfp248	684	684	480	535	551	615
Zfp251	1573	1511	1128	1147	1154	1414
Zfp26	2570	2409	1879	1732	2081	2253
Zfp260	3655	3481	2604	2145	2396	2775
Zfp263	2486	2383	1819	1849	1961	2049
Zfp264	3	5	3	3	5	2
Zfp266	4854	4681	3513	3654	3897	4220
Zfp27	1418	1236	977	1042	1138	1251
Zfp273	594	677	428	411	474	505
Zfp275	974	917	649	640	687	740
Zfp276	1004	1029	896	849	890	836
Zfp277	754	732	538	251	301	346
Zfp28	807	805	643	628	706	730
Zfp280b	1040	1087	795	750	842	864
Zfp280c	761	787	526	503	614	627
Zfp280d	4102	3701	2782	2087	2482	2613
Zfp281	5904	5378	4084	4073	4609	4937
Zfp282	1212	1225	992	873	961	1057
Zfp286	616	595	413	506	627	641
Zfp286os	2	1	1	0	0	2
Zfp287	940	911	716	688	839	816
Zfp292	9383	8516	6561	5643	6867	7790
Zfp296	24	26	18	6	18	10
Zfp3	625	608	459	537	587	653
Zfp30	402	353	280	321	405	383
Zfp300	400	362	220	270	284	303
Zfp316	1654	1605	1253	1265	1433	1550
Zfp317	3497	3389	2416	2370	2694	3101
Zfp318	2901	2644	2155	1968	2201	2272
Zfp319	1651	1627	1334	1250	1352	1396
Zfp322a	3271	3061	2216	2029	2322	2572
Zfp324	995	1021	781	758	769	819
Zfp326	731	704	561	503	554	542
Zfp329	5689	5417	4117	4004	4414	4603
Zfp330	1886	1651	1301	1420	1603	1685
Zfp334	1765	1643	1293	1249	1289	1458
Zfp335	2329	2288	1786	1727	1962	2074
Zfp335os	230	204	157	155	189	209
Zfp341	185	213	172	149	181	227
Zfp345	14	8	4	4	10	18
Zfp346	1307	1134	916	943	1059	1084
Zfp35	1009	1171	766	662	695	803
Zfp352	0	0	0	0	0	0
Zfp354a	817	799	596	677	687	785
Zfp354b	302	321	215	247	237	244
Zfp354c	2183	2104	1418	1472	1679	1758
Zfp358	549	525	425	417	446	486
Zfp36	125	117	94	84	86	93
Zfp362	229	220	178	185	227	206
Zfp365	11027	10448	7424	9090	9771	10772
Zfp366	29	33	28	21	19	19
Zfp367	1318	1186	863	898	1076	1124
Zfp369	1680	1697	1292	1240	1431	1509
Zfp36l1	548	545	362	298	379	384
Zfp36l2	4710	4990	3380	1955	2169	2265
Zfp36l3	0	0	0	0	0	0
Zfp37	2675	2348	1742	1723	1981	2203
Zfp382	561	540	374	321	377	413
Zfp383	774	780	519	450	534	595
Zfp384	1062	1023	742	703	847	771
Zfp385a	5481	5935	4448	4310	4570	4986
Zfp385b	2567	2462	1834	1714	1986	2012
Zfp385c	504	498	386	472	495	526
Zfp386	2924	2780	2117	1482	1816	1926
Zfp39	639	490	343	416	473	532
Zfp395	614	653	428	336	437	500
Zfp397	4833	4779	3636	3493	4116	4131
Zfp398	3162	3020	2240	2160	2551	2429
Zfp40	1102	1173	825	1012	1078	1182
Zfp407	3930	3907	2898	2613	2933	3168
Zfp408	823	816	678	617	677	712
Zfp41	469	422	355	322	369	414
Zfp410	988	1084	808	813	826	912
Zfp414	683	642	507	517	509	550
Zfp418	513	513	406	335	344	424
Zfp419-001	2	0	1	0	3	2
Zfp42	0	0	0	0	0	0
Zfp420	1076	1008	764	786	833	933
Zfp422	1022	949	664	651	745	804
Zfp422-ps-001	203	209	139	164	157	204
Zfp423	639	664	415	530	554	558
Zfp426	2097	2051	1568	1463	1628	1784
Zfp428	806	743	622	630	644	705
Zfp429	118	166	98	110	120	143
Zfp433	1642	1631	1207	781	865	974
Zfp438	727	670	556	387	454	520
Zfp442	1240	1145	909	864	1003	1048
Zfp444	5740	5480	4114	4383	5063	5142
Zfp445	6035	5748	4413	3819	4483	4647
Zfp446	823	824	607	670	750	832
Zfp449	369	317	254	225	268	295
Zfp451	2738	2639	1889	1736	2118	2127
Zfp454	267	328	249	200	259	251
Zfp455	207	203	130	179	214	211
Zfp456	78	70	55	67	76	66
Zfp457	65	70	41	158	184	196
Zfp458	1621	1636	1142	717	863	924
Zfp459	111	122	88	30	32	39
Zfp46	882	847	582	523	591	647
Zfp462	5489	5174	4222	3711	4303	4415
Zfp467	827	917	693	793	846	910
Zfp472	1701	1531	1221	1396	1593	1763
Zfp473	146	133	100	87	121	111
Zfp474	0	0	0	0	0	0
Zfp488	332	338	250	292	363	357
Zfp493	191	174	157	83	130	129
Zfp503	674	562	384	425	400	495
Zfp507	2956	2704	2188	2031	2439	2553
Zfp51	608	537	384	389	429	421
Zfp511	621	640	450	464	544	548
Zfp512	2844	2650	2016	1920	2160	2347
Zfp512b	3019	2892	2188	2228	2515	2514
Zfp513	588	597	419	402	464	473
Zfp516	5705	4904	4007	3874	4323	4688
Zfp518a	3134	2790	2260	2008	2473	2537
Zfp518b	1410	1203	891	895	1022	1122
Zfp52	231	253	182	154	192	230
Zfp521	2259	2074	1774	1395	1542	1750
Zfp523	1476	1426	1119	1058	1106	1198
Zfp524	203	199	148	151	155	183
Zfp526	715	710	584	483	568	612
Zfp53	290	318	225	210	266	295
Zfp532	2924	2907	2156	1630	1928	1974
Zfp534	4	9	2	2	4	7
Zfp536	2408	2176	1984	1720	1904	2074
Zfp54	285	258	221	212	239	264
Zfp541	64	73	59	115	106	130
Zfp551	387	400	293	345	380	424
Zfp553	1477	1396	1071	1035	1101	1265
Zfp558	79	93	93	68	99	95
Zfp560	640	609	466	448	510	554
Zfp563	1276	1210	877	810	841	995
Zfp566	267	295	218	295	350	393
Zfp568	917	1161	932	1090	1206	1186
Zfp57	181	167	119	168	190	172
Zfp574	890	808	598	536	622	660
Zfp575	25	24	11	5	24	22
Zfp579	182	239	165	174	211	210
Zfp58	923	920	660	767	841	901
Zfp580	134	151	111	106	128	107
Zfp583	177	213	144	121	135	148
Zfp59	1246	1231	974	871	926	953
Zfp592	1599	1558	1245	1032	1229	1237
Zfp593	11483	10298	8026	5654	6066	6750
Zfp595	640	587	413	417	459	565
Zfp597	3780	3367	2527	2153	2493	2641
Zfp598	1772	1667	1376	1011	1106	1130
Zfp599	192	125	121	119	88	133
Zfp60	3096	3024	2312	2193	2525	2560
Zfp600	13	3	5	47	70	94
Zfp605	1313	1275	876	925	1095	1117
Zfp606	3043	2887	2079	2129	2411	2528
Zfp607a	352	418	276	271	319	295
Zfp607b	1089	1004	884	755	850	884
Zfp608	2164	2014	1493	1450	1642	1766
Zfp609	1588	1635	1170	1165	1310	1490
Zfp61	1070	974	750	841	872	900
Zfp612	2404	2308	1798	1952	2205	2280
Zfp616	0	0	0	0	0	0
Zfp617	4550	4008	2889	2455	2584	2969
Zfp618	800	697	553	515	525	568
Zfp619	705	692	599	437	518	549
Zfp62	4872	4406	3491	3364	3725	4227
Zfp622	1054	1020	741	686	704	776
Zfp623	784	806	593	529	542	639
Zfp626	1472	1394	1096	1001	1123	1211
Zfp628	399	362	312	287	371	366
Zfp629	2177	2134	1644	1555	1661	1844
Zfp637	1008	945	708	684	737	806
Zfp638	14028	12659	9825	9190	10539	11820
Zfp639	1048	1038	746	670	824	796
Zfp64	529	622	482	393	406	485
Zfp640	0	0	0	0	0	0
Zfp641	1305	1298	934	655	749	755
Zfp644	36183	34053	25219	23822	26316	30990
Zfp646	2746	2619	2252	2002	2148	2327
Zfp647	272	225	178	199	179	203
Zfp648	1	10	4	3	0	3
Zfp65	926	885	643	915	988	1039
Zfp651	1816	1726	1288	1308	1423	1602
Zfp652	5949	5701	4335	4108	4512	4597
Zfp652os	11	15	12	13	9	17
Zfp653	622	550	485	399	454	513
Zfp654	8386	7570	5918	5397	6028	6707
Zfp655	2880	3038	2131	2289	2483	2698
Zfp658	578	592	509	904	996	1075
Zfp661	452	466	327	343	380	412
Zfp663	3	1	0	0	1	0
Zfp664	2486	2755	1632	1398	1607	1775
Zfp667	841	781	587	601	636	685
Zfp668	575	492	379	424	459	442
Zfp672	2239	2189	1736	1621	1752	1824
Zfp677	335	321	270	279	399	405
Zfp68	3448	3336	2501	2532	2811	3082
Zfp683	0	0	0	0	0	0
Zfp687	1804	1674	1332	1344	1436	1408
Zfp688	322	252	231	191	231	258
Zfp689	467	437	339	342	390	443
Zfp69	40	58	30	80	38	45
Zfp691	395	420	324	436	443	514
Zfp692	1551	1534	1285	1229	1369	1389
Zfp697	141	130	79	115	111	123
Zfp7	654	636	429	437	454	526
Zfp703	97	91	69	67	74	92
Zfp704	2280	2251	1689	1360	1612	1600
Zfp706	5654	5331	3918	3560	3917	4390
Zfp707	448	409	311	308	319	330
Zfp708	375	350	241	195	212	236
Zfp709	1868	1755	1249	1287	1418	1582
Zfp710	319	350	238	202	284	236
Zfp711	419	428	274	241	312	290
Zfp712	831	851	605	469	540	578
Zfp715	2108	2009	1420	1283	1409	1636
Zfp719	2573	2385	1753	1603	1743	1849
Zfp72	120	136	78	87	98	123
Zfp729a	1871	1778	1309	2667	3217	3215
Zfp729b	1840	1742	1302	1120	1342	1477
Zfp735	0	0	0	0	0	0
Zfp738	3710	3376	2510	1654	2044	2100
Zfp74	775	791	590	851	920	993
Zfp740	6075	5592	4229	4378	4716	5179
Zfp746	1216	1164	869	789	968	1006
Zfp747	486	419	310	313	333	379
Zfp748	1881	1673	1241	1155	1285	1373
Zfp750	61	58	60	40	46	54
Zfp758	1519	1440	1090	779	902	973
Zfp759	1137	989	769	855	1044	1172
Zfp760	1403	1323	1025	1071	1297	1316
Zfp763	2362	2103	1587	1623	1846	2094
Zfp764	369	332	239	280	281	319
Zfp768	863	833	651	566	643	728
Zfp770	2319	2259	1606	1572	1650	1908
Zfp771	291	276	240	221	247	281
Zfp772	342	336	299	241	274	300
Zfp773	62	97	56	80	55	67
Zfp775	457	431	297	227	249	244
Zfp777	1140	1286	876	817	938	1045
Zfp78	916	872	664	651	779	806
Zfp780b	1662	1639	1298	1228	1342	1434
Zfp781	901	961	681	354	432	551
Zfp783	186	186	136	146	205	177
Zfp784	719	676	520	719	804	823
Zfp786	393	321	253	185	239	231
Zfp787	2849	2731	2183	2112	2314	2498
Zfp788	2986	2969	2165	1825	2042	2357
Zfp790	1451	1563	1219	917	947	1030
Zfp791	318	345	251	220	258	280
Zfp799	2381	2071	1617	1521	1937	1920
Zfp800	2559	2395	1729	1549	1713	1846
Zfp804a	1238	1158	779	749	863	930
Zfp804b	1024	1064	690	611	785	791
Zfp808	229	218	173	102	153	174
Zfp809	341	378	289	274	360	314
Zfp81	2596	2482	1910	1918	2179	2508
Zfp810	1687	1541	1275	1281	1514	1564
Zfp811	160	166	85	113	132	142
Zfp819	55	45	42	81	90	113
Zfp82	248	263	205	182	207	229
Zfp820	76	92	57	47	57	58
Zfp821	991	935	711	715	818	822
Zfp825	455	434	288	260	345	354
Zfp827	1266	1267	934	894	967	1088
Zfp830	1055	1042	785	702	764	818
Zfp831	0	0	0	0	0	0
Zfp839	587	562	380	511	576	575
Zfp84	1708	1628	1157	1082	1172	1271
Zfp846	832	868	697	633	684	757
Zfp85	552	536	375	443	491	491
Zfp850	731	880	600	574	598	615
Zfp853	155	120	96	82	101	114
Zfp85os	110	120	88	91	110	112
Zfp862-ps	258	245	219	180	219	200
Zfp865	1377	1402	1077	1192	1419	1475
Zfp866	3749	3651	2855	2633	2927	2956
Zfp867	1409	1344	928	963	1152	1237
Zfp868	925	878	739	764	844	826
Zfp869	1789	1527	1123	1229	1389	1540
Zfp87	963	903	673	580	641	734
Zfp870	804	744	603	521	682	698
Zfp871	5681	5213	4122	3849	4493	4484
Zfp872	7	18	8	18	12	10
Zfp873	917	957	772	753	802	860
Zfp874a	943	943	636	520	517	527
Zfp874b	1635	1576	1170	1405	1403	1566
Zfp879	534	486	327	333	401	434
Zfp882	1620	1423	1147	984	1088	1178
Zfp9	514	453	340	295	315	376
Zfp90	1254	1180	988	900	959	1070
Zfp91	5672	5821	3802	3847	4264	4558
Zfp92	125	104	79	68	74	81
Zfp93	676	615	486	470	528	595
Zfp930	1180	1176	942	947	1052	1230
Zfp931	1104	1079	819	746	786	857
Zfp932	1450	1569	1168	1123	1333	1375
Zfp933	2563	2353	1698	1344	1491	1558
Zfp934	116	136	114	51	73	83
Zfp935	465	463	357	277	340	369
Zfp936	0	1	3	5	4	2
Zfp937	810	716	659	664	723	770
Zfp938	1400	1217	943	1037	1126	1182
Zfp939	399	437	346	310	373	339
Zfp94	451	473	339	347	343	374
Zfp940	386	408	310	226	314	312
Zfp941	1518	1394	922	1056	1164	1302
Zfp942	1234	1168	956	759	917	950
Zfp943	1847	1851	1317	1156	1371	1522
Zfp944	930	874	698	604	686	648
Zfp945	1153	1091	765	1031	1155	1243
Zfp946	1225	1249	937	823	1094	1082
Zfp947	249	237	140	131	150	163
Zfp948	432	435	329	295	359	381
Zfp949	2187	2018	1635	3026	3633	3512
Zfp950	1443	1549	1199	994	1341	1174
Zfp951	143	169	127	169	207	191
Zfp952	1748	1619	1204	1225	1344	1461
Zfp953	588	594	441	290	371	340
Zfp954	435	473	333	295	280	303
Zfp955a	1835	1840	1342	1177	1318	1309
Zfp955b	1455	1427	1106	1122	1236	1274
Zfp956	1111	989	748	792	848	905
Zfp957	7	20	4	5	4	1
Zfp958	1112	1112	768	747	835	878
Zfp959	648	618	502	449	499	575
Zfp960	3069	2752	2222	2892	3331	3618
Zfp961	1070	1044	862	569	703	746
Zfp963	502	486	370	333	380	393
Zfp964	699	696	506	581	608	598
Zfp965	1938	1911	1527	1168	1436	1416
Zfp966	1915	2055	1609	1184	1433	1313
Zfp967	1169	1232	1008	713	838	785
Zfp968	1862	2022	1588	1119	1326	1258
Zfp969	970	1033	840	575	702	655
Zfp97	2995	2799	2219	2683	3046	3388
Zfp970	907	1006	787	138	176	161
Zfp971	944	882	696	601	743	736
Zfp972	56	75	38	40	34	26
Zfp974	1806	1851	1324	1362	1506	1590
Zfp975	219	267	175	168	230	217
Zfp976	144	155	95	88	98	86
Zfp977	70	69	35	45	48	66
Zfp978	8	18	5	28	42	11
Zfp979	115	117	67	113	118	152
Zfp980	12	12	6	68	71	57
Zfp981	30	35	12	61	84	69
Zfp982	591	594	344	66	63	80
Zfp983	559	561	401	592	705	756
Zfp984	403	373	265	24	45	57
Zfp985	3	5	6	3	3	1
Zfp986	17	18	5	4	6	6
Zfp987	7	10	3	3	2	7
Zfp988	20	26	9	4	4	4
Zfp989	11	7	1	0	2	6
Zfp990	27	35	24	56	57	61
Zfp991	715	577	357	451	601	636
Zfp992	520	431	247	456	586	688
Zfp993	366	279	154	217	338	354
Zfp994	1115	1001	771	882	1120	1132
Zfp995	255	229	167	178	172	190
Zfpl1	721	669	517	484	593	650
Zfpm1	258	243	191	119	146	167
Zfpm2	420	410	331	252	316	299
Zfr	9513	9085	6725	6181	7092	7683
Zfr2	1146	1223	820	840	958	1013
Zfx	4019	3692	2798	2593	2881	3091
Zfy1	0	0	0	0	0	0
Zfy2	0	0	0	0	0	0
Zfyve1	2100	1803	1344	1265	1420	1606
Zfyve16	1970	1866	1324	1267	1533	1616
Zfyve19	707	707	514	515	586	606
Zfyve21	403	416	285	283	306	317
Zfyve26	2243	2017	1638	1500	1731	1749
Zfyve27	3451	3300	2435	2377	2635	2788
Zfyve28	3511	3289	2564	2392	2667	2801
Zfyve9	11418	10660	7770	4664	5301	5686
Zg16	1	2	0	0	0	0
Zglp1	16	31	16	14	17	24
Zgpat	2056	2054	1583	1555	1722	1807
Zgrf1	1398	1360	1111	935	1085	1179
Zhx1	4171	4052	2909	2678	3084	3264
Zhx2	536	570	392	371	370	383
Zhx3	3517	3348	2576	2166	2527	2517
Zic1	554	542	380	276	235	226
Zic2	141	165	116	95	62	59
Zic3	62	58	51	38	37	40
Zic4	58	71	43	33	26	13
Zic5	104	92	62	52	50	31
Zik1	736	690	497	622	691	764
Zim1	203	177	152	128	154	147
Zim3	557	489	420	365	441	462
Zkscan1	5570	5166	3973	3954	4580	4826
Zkscan14	765	684	586	551	619	635
Zkscan16	511	574	446	344	412	427
Zkscan17	1174	1094	867	826	893	958
Zkscan2	2531	2411	2001	1721	2182	1913
Zkscan3	2444	2351	1883	2144	2411	2394
Zkscan4	513	540	371	267	303	371
Zkscan5	1140	1145	856	891	925	1050
Zkscan6	564	630	504	446	480	518
Zkscan7	587	569	443	536	656	655
Zkscan8	4225	4055	3169	3040	3668	3627
Zmat1	571	609	414	389	431	495
Zmat2	3347	3147	2271	2392	2583	2985
Zmat3	960	981	689	559	668	725
Zmat4	2395	2199	1572	1525	1725	1940
Zmat5	534	497	368	369	409	397
Zmiz1	1322	1275	985	844	999	910
Zmiz1os1	98	102	89	54	79	79
Zmiz2	871	971	658	615	687	722
Zmpste24	1366	1372	977	1009	1110	1224
Zmym1	1209	1262	914	801	903	890
Zmym2	6806	6211	4730	4267	4992	5089
Zmym3	3502	3420	2713	2657	3062	3054
Zmym4	8025	7114	5679	5027	5658	6168
Zmym5	4774	4405	3322	3230	3850	3848
Zmym6	3108	2905	2176	1956	2248	2354
Zmynd10	20	11	11	14	9	12
Zmynd11	7042	6434	4949	4533	5228	5698
Zmynd12	41	40	26	33	31	36
Zmynd15	109	99	54	83	108	99
Zmynd19	697	662	501	425	438	582
Zmynd8	5616	5411	4252	3786	4369	4586
Znf41-ps-001	660	510	328	307	477	517
Znfx1	2339	2185	1706	1539	1562	1689
Znhit1	985	982	702	490	557	618
Znhit2	412	385	279	279	301	348
Znhit3	837	752	590	614	691	751
Znhit6	386	346	307	256	319	295
Znrd1	552	580	481	413	431	453
Znrd1as	470	442	347	253	346	320
Znrf1	2671	2673	1998	1783	2088	2193
Znrf2	2273	2261	1647	1592	1738	1868
Znrf3	649	548	407	419	460	478
Znrf4	0	0	0	1	1	0
Zp1	5	1	0	2	7	0
Zp2	3	4	1	1	0	1
Zp3	2	2	0	0	0	0
Zp3r	7	6	0	4	3	3
Zpbp	163	147	111	121	132	148
Zpbp2	2	2	2	4	7	1
Zpld1	0	0	0	0	1	0
Zpr1	900	903	670	666	741	820
Zranb1	15718	13982	10072	10280	11198	12601
Zranb2	8697	8297	6035	6066	6951	7174
Zranb3	336	340	252	260	253	325
Zrsr1	2405	2282	1752	1771	1956	2157
Zrsr2	1171	1165	848	802	845	983
Zscan10	0	0	0	1	0	0
Zscan12	801	787	572	464	546	597
Zscan18	1232	1144	979	767	869	909
Zscan2	328	331	235	275	291	275
Zscan20	550	606	425	370	414	442
Zscan21	1158	1209	844	698	731	813
Zscan22	597	619	465	506	526	597
Zscan25	577	507	369	452	481	550
Zscan26	8383	7679	6007	5567	6379	6855
Zscan29	3817	3494	2809	2850	3145	3219
Zscan30	68	69	52	50	59	54
Zscan4a-001	0	0	0	0	0	0
Zscan4b	0	0	0	0	0	0
Zscan4c	0	0	0	0	0	0
Zscan4d	0	0	0	0	0	0
Zscan4e	0	0	0	0	0	0
Zscan4f	0	0	0	0	0	0
Zscan5b	0	0	1	0	0	0
Zswim1	630	578	499	425	452	465
Zswim2	0	0	0	0	0	0
Zswim3	444	512	362	255	302	308
Zswim4	1291	1092	863	730	813	916
Zswim5	1597	1369	1074	972	1145	1243
Zswim6	2917	2314	1819	769	903	892
Zswim7	286	238	204	157	210	228
Zswim8	5562	5122	4202	3782	4309	4333
Zufsp	756	806	556	550	715	683
Zw10	1140	1132	823	686	763	729
Zwilch	69	67	54	48	47	59
Zwint	15964	14417	10767	10424	11280	12783
Zxda-001	595	536	440	434	434	466
Zxdb	1452	1380	1042	1040	1077	1141
Zxdc	1838	1741	1395	1220	1385	1486
Zyg11a	4	4	0	1	1	1
Zyg11b	8339	7423	5884	5097	5714	6244
Zyx	408	383	321	285	339	321
Zzef1	3332	2974	2483	2182	2557	2624
Zzz3	15018	14948	11005	9333	10381	11599
a	233	286	216	196	224	202
l7Rn6	1281	1243	838	910	926	1144
mt-Atp6	72984	70879	50779	37493	38264	43204
mt-Atp8	30072	29223	19902	15813	16012	18187
mt-Co1	343585	318528	238619	221634	227135	265994
mt-Co2	101767	96892	70560	60086	63529	70308
mt-Co3	199398	190591	140226	115822	119899	138242
mt-Cytb	33309	33269	24008	14806	15645	17385
mt-Nd1	42126	39933	27967	20653	21431	23555
mt-Nd2	17228	17091	12407	6854	7047	7998
mt-Nd3	53541	51060	34753	20399	21804	24966
mt-Nd4	27517	27728	19906	13474	14297	15983
mt-Nd4l	4277	4359	2887	2361	2341	2591
mt-Nd5	19686	19478	14011	9486	9435	11058
mt-Nd6	9105	9904	7213	4878	4732	5414
mt-Rnr1	90481	97188	61458	50059	44200	44918
mt-Rnr2	649396	674264	442434	455025	420787	435830